t_sec,joint,position,velocity,effort
0.118252604,J1,-1.528229777,3.000000000,-0.132849293
0.118252604,J2,-1.546860711,-3.000000000,0.340997918
0.118252604,J3,0.190659676,-3.000000000,-0.367280254
0.128189810,J1,-1.498229777,3.000000000,-0.114699165
0.128189810,J2,-1.576860711,-3.000000000,0.305903681
0.128189810,J3,0.160659676,-3.000000000,-0.367820713
0.138185684,J1,-1.468229777,3.000000000,-0.096449981
0.138185684,J2,-1.606860711,-3.000000000,0.270810630
0.138185684,J3,0.130659676,-3.000000000,-0.368308720
0.148186308,J1,-1.438229777,3.000000000,-0.078158903
0.148186308,J2,-1.636860711,-3.000000000,0.235729977
0.148186308,J3,0.100659676,-3.000000000,-0.368743836
0.158251606,J1,-1.408229777,3.000000000,-0.059882969
0.158251606,J2,-1.666860711,-3.000000000,0.200673003
0.158251606,J3,0.070659676,-3.000000000,-0.369125668
0.168207879,J1,-1.378229777,3.000000000,-0.041678899
0.168207879,J2,-1.696860711,-3.000000000,0.165651122
0.168207879,J3,0.040659676,-3.000000000,-0.369453873
0.178342881,J1,-1.348229777,3.000000000,-0.023602891
0.178342881,J2,-1.726860711,-3.000000000,0.130675941
0.178342881,J3,0.010659676,-3.000000000,-0.369728156
0.188172878,J1,-1.318229777,3.000000000,-0.005710435
0.188172878,J2,-1.756860711,-3.000000000,0.095759327
0.188172878,J3,-0.019340324,-3.000000000,-0.369948271
0.198204162,J1,-1.288229777,3.000000000,0.011943882
0.198204162,J2,-1.786860711,-3.000000000,0.060913457
0.198204162,J3,-0.049340324,-3.000000000,-0.370114018
0.208174684,J1,-1.258229777,3.000000000,0.029306563
0.208174684,J2,-1.816860711,-3.000000000,0.026150887
0.208174684,J3,-0.079340324,-3.000000000,-0.370225249
0.218196470,J1,-1.228229777,3.000000000,0.046325385
0.218196470,J2,-1.846860711,-3.000000000,-0.008515398
0.218196470,J3,-0.109340324,-3.000000000,-0.370281863
0.228269031,J1,-1.198229777,3.000000000,0.061334923
0.228269031,J2,-1.876397672,-2.953696103,-0.044370526
0.228269031,J3,-0.139340324,-3.000000000,-0.368523649
0.238174319,J1,-1.168229777,3.000000000,0.063889101
0.238174319,J2,-1.902635578,-2.623790579,-0.087457392
0.238174319,J3,-0.169340324,-3.000000000,-0.356819177
0.248181159,J1,-1.138229777,3.000000000,0.062920411
0.248181159,J2,-1.925887488,-2.325190929,-0.125552139
0.248181159,J3,-0.199340324,-3.000000000,-0.347648512
0.258159223,J1,-1.110867247,2.736252988,0.055778638
0.258159223,J2,-1.946435153,-2.054766565,-0.164202868
0.258159223,J3,-0.229340324,-3.000000000,-0.340711028
0.268187923,J1,-1.086687942,2.417930497,0.047234191
0.268187923,J2,-1.964532153,-1.809699959,-0.197293248
0.268187923,J3,-0.256806424,-2.746610037,-0.335258764
0.278166057,J1,-1.065392560,2.129538246,0.039138518
0.278166057,J2,-1.980406706,-1.587455335,-0.225296620
0.278166057,J3,-0.281035915,-2.422949034,-0.330916795
0.288172618,J1,-1.046711728,1.868083213,0.031682452
0.288172618,J2,-1.994264211,-1.385750495,-0.249686751
0.288172618,J3,-0.302332456,-2.129654130,-0.327479763
0.298210258,J1,-1.030403011,1.630871675,0.025084744
0.298210258,J2,-2.006289526,-1.202531460,-0.270704452
0.298210258,J3,-0.320969343,-1.863688717,-0.324777971
0.308199497,J1,-1.016248218,1.415479282,0.019419497
0.308199497,J2,-2.016649022,-1.035949649,-0.288629958
0.308199497,J3,-0.337192542,-1.622319845,-0.322670291
0.318184895,J1,-1.004050977,1.219724121,0.014673915
0.318184895,J2,-2.025492436,-0.884341341,-0.303753199
0.318184895,J3,-0.351223420,-1.403087861,-0.321040624
0.328343922,J1,-0.993634552,1.041642467,0.010786255
0.328343922,J2,-2.032954527,-0.746209185,-0.316356124
0.328343922,J3,-0.363261211,-1.203779075,-0.319794216
0.338215127,J1,-0.984839882,0.879466971,0.007670296
0.338215127,J2,-2.039156583,-0.620205566,-0.326702871
0.338215127,J3,-0.373485223,-1.022401167,-0.318854191
0.348158130,J1,-0.977523812,0.731607016,0.005230699
0.348158130,J2,-2.044207759,-0.505117631,-0.335034976
0.348158130,J3,-0.382056833,-0.857161051,-0.318158459
0.358190392,J1,-0.971557502,0.596631049,0.003372300
0.358190392,J2,-2.048206298,-0.399853810,-0.341569704
0.358190392,J3,-0.389121283,-0.706444946,-0.317657044
0.368213226,J1,-0.966824995,0.473250670,0.002005408
0.368213226,J2,-2.051240614,-0.303431692,-0.346500267
0.368213226,J3,-0.394809287,-0.568800451,-0.317309827
0.378234383,J1,-0.963221932,0.360306320,0.001048533
0.378234383,J2,-2.053390286,-0.214967108,-0.349997112
0.378234383,J3,-0.399238491,-0.442920406,-0.317084673
0.388190796,J1,-0.960654388,0.256754398,0.000429485
0.388190796,J2,-2.054726929,-0.133664303,-0.352209754
0.388190796,J3,-0.402514775,-0.327628365,-0.316955886
0.398199522,J1,-0.959037831,0.161655659,0.000085483
0.398199522,J2,-2.055315000,-0.058807100,-0.353268838
0.398199522,J3,-0.404733430,-0.221865529,-0.316902953
0.408209574,J1,-0.958296183,0.074164787,-0.000037310
0.408209574,J2,-2.055212509,0.010249061,-0.353288219
0.408209574,J3,-0.405980220,-0.124678976,-0.316909523
0.418215576,J1,-0.958360974,-0.006479007,0.000015446
0.418215576,J2,-2.054471666,0.074084285,-0.352366952
0.418215576,J3,-0.406332331,-0.035211078,-0.316962583
0.428179182,J1,-0.959170578,-0.080960430,0.000205368
0.428179182,J2,-2.053139459,0.133220666,-0.350591139
0.428179182,J3,-0.405859230,0.047310029,-0.317051796
0.438162764,J1,-0.960669535,-0.149895718,0.000500426
0.438162764,J2,-2.051258179,0.188128086,-0.348035595
0.438162764,J3,-0.404623440,0.123579027,-0.317168962
0.448141178,J1,-0.962807930,-0.213839486,0.000874051
0.448141178,J2,-2.048865884,0.239229444,-0.344765327
0.448141178,J3,-0.402681229,0.194221124,-0.317307597
0.458119661,J1,-0.965540839,-0.273290885,0.001304317
0.458119661,J2,-2.045996831,0.286905344,-0.340836846
0.458119661,J3,-0.400083239,0.259799011,-0.317462582
0.468162191,J1,-0.968827830,-0.328699153,0.001773202
0.468162191,J2,-2.042681847,0.331498334,-0.336299303
0.468162191,J3,-0.396875048,0.320819110,-0.317629894
0.478211775,J1,-0.972632516,-0.380468601,0.002265939
0.478211775,J2,-2.038948680,0.373316703,-0.331195487
0.478211775,J3,-0.393097676,0.377737199,-0.317806381
0.488189490,J1,-0.976922147,-0.428963114,0.002770461
0.488189490,J2,-2.034822301,0.412637913,-0.325562680
0.488189490,J3,-0.388788041,0.430963479,-0.317989588
0.498174608,J1,-0.981667249,-0.474510183,0.003276913
0.498174608,J2,-2.030325184,0.449711682,-0.319433405
0.498174608,J3,-0.383979370,0.480867131,-0.318177612
0.508175441,J1,-0.986841295,-0.517404553,0.003777249
0.508175441,J2,-2.025477557,0.484762752,-0.312836060
0.508175441,J3,-0.378701565,0.527780418,-0.318368993
0.518137651,J1,-0.992420410,-0.557911495,0.004264886
0.518137651,J2,-2.020297623,0.517993394,-0.305795477
0.518137651,J3,-0.372981542,0.572002376,-0.318562616
0.528139253,J1,-0.998383107,-0.596269750,0.004734416
0.528139253,J2,-2.014801766,0.549585650,-0.298333398
0.528139253,J3,-0.366843520,0.613802139,-0.318757644
0.538170468,J1,-1.004700539,-0.631743184,0.005166294
0.538170468,J2,-2.009013156,0.578861020,-0.290490252
0.538170468,J3,-0.360319301,0.652421925,-0.318947581
0.548116404,J1,-1.011337232,-0.663669275,0.005541892
0.548116404,J2,-2.002961068,0.605208854,-0.282314648
0.548116404,J3,-0.353447504,0.687179732,-0.319125565
0.558198325,J1,-1.018261259,-0.692402757,0.005860150
0.558198325,J2,-1.996671849,0.628921903,-0.273839918
0.558198325,J3,-0.346262886,0.718461759,-0.319291029
0.568231007,J1,-1.025443888,-0.718262890,0.006121433
0.568231007,J2,-1.990169212,0.650263648,-0.265095291
0.568231007,J3,-0.338796730,0.746615583,-0.319443752
0.578209002,J1,-1.032859258,-0.741537010,0.006327142
0.578209002,J2,-1.983474500,0.669471218,-0.256106479
0.578209002,J3,-0.331077190,0.771954025,-0.319583776
0.588155776,J1,-1.040484096,-0.762483719,0.006479409
0.588155776,J2,-1.976606920,0.686758032,-0.246896168
0.588155776,J3,-0.323129604,0.794758622,-0.319711331
0.598311242,J1,-1.048297453,-0.781335756,0.006580860
0.598311242,J2,-1.969583758,0.702316164,-0.237484432
0.598311242,J3,-0.314976776,0.815282760,-0.319826783
0.608162611,J1,-1.056280479,-0.798302589,0.006634421
0.608162611,J2,-1.962420573,0.716318483,-0.227889090
0.608162611,J3,-0.306639231,0.833754484,-0.319930588
0.618179508,J1,-1.064416206,-0.813572740,0.006643183
0.618179508,J2,-1.955131367,0.728920569,-0.218125999
0.618179508,J3,-0.298135441,0.850379036,-0.320023267
0.628179224,J1,-1.072689365,-0.827315875,0.006610291
0.628179224,J2,-1.947728743,0.740262448,-0.208209316
0.628179224,J3,-0.289482030,0.865341132,-0.320105371
0.638198426,J1,-1.081086212,-0.839684697,0.006538866
0.638198426,J2,-1.940224042,0.750470138,-0.198151710
0.638198426,J3,-0.280693960,0.878807019,-0.320177472
0.648178376,J1,-1.089594378,-0.850816636,0.006431945
0.648178376,J2,-1.932627471,0.759657059,-0.187964548
0.648178376,J3,-0.271784696,0.890926317,-0.320240139
0.658198067,J1,-1.098202732,-0.860835382,0.006292445
0.658198067,J2,-1.924948218,0.767925289,-0.177658059
0.658198067,J3,-0.262766360,0.901833685,-0.320293938
0.668191287,J1,-1.106901255,-0.869852253,0.006123132
0.668191287,J2,-1.917194551,0.775366695,-0.167241466
0.668191287,J3,-0.253649856,0.911650317,-0.320339413
0.678315114,J1,-1.115680929,-0.877967436,0.005926610
0.678315114,J2,-1.909373912,0.782063961,-0.156723108
0.678315114,J3,-0.244445003,0.920485285,-0.320377090
0.688234370,J1,-1.124533640,-0.885271102,0.005705307
0.688234370,J2,-1.901492997,0.788091500,-0.146110540
0.688234370,J3,-0.235160636,0.928436757,-0.320407469
0.698212574,J1,-1.133452084,-0.891844401,0.005461477
0.698212574,J2,-1.893557834,0.793516285,-0.135410624
0.698212574,J3,-0.225804705,0.935593081,-0.320431024
0.708184842,J1,-1.142429688,-0.897760370,0.005197201
0.708184842,J2,-1.885573848,0.798398592,-0.124629608
0.708184842,J3,-0.216384367,0.942033773,-0.320448198
0.718177852,J1,-1.151460535,-0.903084742,0.004914391
0.718177852,J2,-1.877545921,0.802792668,-0.113773188
0.718177852,J3,-0.206906063,0.947830396,-0.320459408
0.728273114,J1,-1.160539302,-0.907876677,0.004614797
0.728273114,J2,-1.869478448,0.806747336,-0.102846574
0.728273114,J3,-0.197375590,0.953047356,-0.320465040
0.738310475,J1,-1.169661196,-0.912189419,0.004300020
0.738310475,J2,-1.861375382,0.810306538,-0.091854539
0.738310475,J3,-0.187798164,0.957742620,-0.320465455
0.748235179,J1,-1.178821905,-0.916070886,0.003971515
0.748235179,J2,-1.853240284,0.813509819,-0.080801464
0.748235179,J3,-0.178178480,0.961968358,-0.320460984
0.758224977,J1,-1.188017547,-0.919564206,0.003630607
0.758224977,J2,-1.845076357,0.816392772,-0.069691383
0.758224977,J3,-0.168520765,0.965771523,-0.320451934
0.768255424,J1,-1.197244629,-0.922708195,0.003278496
0.768255424,J2,-1.836886482,0.818987430,-0.058528012
0.768255424,J3,-0.158828821,0.969194370,-0.320438589
0.778321490,J1,-1.206500007,-0.925537785,0.002916272
0.778321490,J2,-1.828673256,0.821322622,-0.047314790
0.778321490,J3,-0.149106072,0.972274933,-0.320421208
0.788284119,J1,-1.215780851,-0.928084415,0.002544921
0.788284119,J2,-1.820439013,0.823424295,-0.036054897
0.788284119,J3,-0.139355597,0.975047440,-0.320400028
0.798345786,J1,-1.225084615,-0.930376383,0.002165335
0.798345786,J2,-1.812185855,0.825315801,-0.024751289
0.798345786,J3,-0.129580170,0.977542696,-0.320375269
0.808283481,J1,-1.234409007,-0.932439154,0.001778321
0.808283481,J2,-1.803915673,0.827018156,-0.013406713
0.808283481,J3,-0.119782286,0.979788426,-0.320347130
0.818260847,J1,-1.243746267,-0.933726072,0.001383143
0.818260847,J2,-1.795635216,0.828045781,-0.002034746
0.818260847,J3,-0.109970180,0.981210663,-0.320310590
0.828305891,J1,-1.253076576,-0.933030906,0.000980082
0.828305891,J2,-1.787361925,0.827329027,0.009332716
0.828305891,J3,-0.100164762,0.980541798,-0.320254641
0.838229547,J1,-1.262381609,-0.930503249,0.000575302
0.838229547,J2,-1.779111933,0.824999269,0.020676105
0.838229547,J3,-0.090385363,0.977939819,-0.320180815
0.848240578,J1,-1.271644872,-0.926326349,0.000174404
0.848240578,J2,-1.770899755,0.821217808,0.031977971
0.848240578,J3,-0.080649383,0.973598037,-0.320091049
0.858135598,J1,-1.280851524,-0.920665131,-0.000217767
0.858135598,J2,-1.762738456,0.816129815,0.043222378
0.858135598,J3,-0.070972479,0.967690434,-0.319987179
0.868159480,J1,-1.289988204,-0.913668027,-0.000597085
0.868159480,J2,-1.754639797,0.809865942,0.054394736
0.868159480,J3,-0.061368743,0.960373592,-0.319870926
0.878302723,J1,-1.299042890,-0.905468625,-0.000960096
0.878302723,J2,-1.746614359,0.802543778,0.065481659
0.878302723,J3,-0.051850858,0.951788433,-0.319743901
0.888173508,J1,-1.308004762,-0.896187155,-0.001303970
0.888173508,J2,-1.738671668,0.794269151,0.076470845
0.888173508,J3,-0.042430241,0.942061791,-0.319607597
0.898186285,J1,-1.316864080,-0.885931824,-0.001626449
0.898186285,J2,-1.730820295,0.785137309,0.087350972
0.898186285,J3,-0.033117162,0.931307812,-0.319463397
0.908129847,J1,-1.325612080,-0.874800018,-0.001925791
0.908129847,J2,-1.723067955,0.775233972,0.098111601
0.908129847,J3,-0.023920870,0.919629232,-0.319312572
0.918169862,J1,-1.334240874,-0.862879384,-0.002200716
0.918169862,J2,-1.715421592,0.764636290,0.108743102
0.918169862,J3,-0.014849685,0.907118509,-0.319156287
0.928242005,J1,-1.342743362,-0.850248805,-0.002450359
0.928242005,J2,-1.707887455,0.753413698,0.119236581
0.928242005,J3,-0.005911096,0.893858859,-0.318995610
0.938150226,J1,-1.351113155,-0.836979277,-0.002674215
0.938150226,J2,-1.700471168,0.741628686,0.129583820
0.938150226,J3,0.002888155,0.879925174,-0.318831512
0.948163072,J1,-1.359344502,-0.823134692,-0.002872103
0.948163072,J2,-1.693177793,0.729337496,0.139777219
0.948163072,J3,0.011542004,0.865384857,-0.318664877
0.958163906,J1,-1.367432227,-0.808772558,-0.003044115
0.958163906,J2,-1.686011886,0.716590747,0.149809747
0.958163906,J3,0.020044990,0.850298572,-0.318496506
0.968244919,J1,-1.375371674,-0.793944630,-0.003190581
0.968244919,J2,-1.678977546,0.703433994,0.159674898
0.968244919,J3,0.028392199,0.834720916,-0.318327126
0.978217815,J1,-1.383158648,-0.778697486,-0.003312038
0.978217815,J2,-1.672078463,0.689908238,0.169366653
0.978217815,J3,0.036579209,0.818701025,-0.318157390
0.988185891,J1,-1.390789379,-0.763073048,-0.003409190
0.988185891,J2,-1.665317960,0.676050378,0.178879438
0.988185891,J3,0.044602040,0.802283123,-0.317987888
0.998281362,J1,-1.398260469,-0.747109045,-0.003482890
0.998281362,J2,-1.658699023,0.661893626,0.188208096
0.998281362,J3,0.052457110,0.785507012,-0.317819153
1.008144884,J1,-1.405568864,-0.730839435,-0.003534104
1.008144884,J2,-1.652224345,0.647467870,0.197347852
1.008144884,J3,0.060141196,0.768408511,-0.317651658
1.018159616,J1,-1.412711811,-0.714294778,-0.003563896
1.018159616,J2,-1.645896345,0.632800012,0.206294289
1.018159616,J3,0.067651394,0.751019861,-0.317485832
1.028257670,J1,-1.419686837,-0.697502578,-0.003573406
1.028257670,J2,-1.639717202,0.617914260,0.215043318
1.028257670,J3,0.074985095,0.733370076,-0.317322056
1.038153250,J1,-1.426491713,-0.680487590,-0.003563832
1.038153250,J2,-1.633688878,0.602832405,0.223591157
1.038153250,J3,0.082139948,0.715485269,-0.317160668
1.048228047,J1,-1.433124434,-0.663272093,-0.003536414
1.048228047,J2,-1.627813137,0.587574056,0.231934309
1.048228047,J3,0.089113837,0.697388943,-0.317001974
1.058144859,J1,-1.439583195,-0.645876137,-0.003492423
1.058144859,J2,-1.622091569,0.572156864,0.240069540
1.058144859,J3,0.095904859,0.679102249,-0.316846240
1.068161966,J1,-1.445866373,-0.628317768,-0.003433145
1.068161966,J2,-1.616525602,0.556596712,0.247993862
1.068161966,J3,0.102511302,0.660644225,-0.316693706
1.078156373,J1,-1.451972505,-0.610613229,-0.003359877
1.078156373,J2,-1.611116523,0.540907897,0.255704512
1.078156373,J3,0.108931622,0.642032003,-0.316544583
1.088186052,J1,-1.457900277,-0.592777135,-0.003273911
1.088186052,J2,-1.605865490,0.525103285,0.263198943
1.088186052,J3,0.115164432,0.623281004,-0.316399056
1.098130941,J1,-1.463648503,-0.574822642,-0.003176534
1.098130941,J2,-1.600773545,0.509194455,0.270474798
1.098130941,J3,0.121208483,0.604405104,-0.316257288
1.108132123,J1,-1.469216119,-0.556761590,-0.003069015
1.108132123,J2,-1.595841627,0.493191829,0.277529908
1.108132123,J3,0.127062651,0.585416794,-0.316119424
1.118146855,J1,-1.474602165,-0.538604635,-0.002952604
1.118146855,J2,-1.591070579,0.477104788,0.284362269
1.118146855,J3,0.132725924,0.566327316,-0.315985589
1.128168432,J1,-1.479805779,-0.520361368,-0.002828525
1.128168432,J2,-1.586461161,0.460941771,0.290970035
1.128168432,J3,0.138197392,0.547146785,-0.315855891
1.138117441,J1,-1.484826183,-0.502040419,-0.002697972
1.138117441,J2,-1.582014058,0.444710378,0.297351507
1.138117441,J3,0.143476235,0.527884307,-0.315730425
1.148303498,J1,-1.489662679,-0.483649557,-0.002562109
1.148303498,J2,-1.577729883,0.428417445,0.303505120
1.148303498,J3,0.148561716,0.508548077,-0.315609272
1.158128955,J1,-1.494314637,-0.465195773,-0.002422061
1.158128955,J2,-1.573609192,0.412069127,0.309429434
1.158128955,J3,0.153453170,0.489145470,-0.315492504
1.168202216,J1,-1.498781490,-0.446685359,-0.002278920
1.168202216,J2,-1.569652482,0.395670962,0.315123126
1.168202216,J3,0.158150002,0.469683124,-0.315380179
1.178220719,J1,-1.503062730,-0.428123978,-0.002133735
1.178220719,J2,-1.565860203,0.379227935,0.320584981
1.178220719,J3,0.162651672,0.450167012,-0.315272349
1.188161767,J1,-1.507157897,-0.409516728,-0.001987516
1.188161767,J2,-1.562232758,0.362744532,0.325813882
1.188161767,J3,0.166957697,0.430602512,-0.315169057
1.198198150,J1,-1.511066579,-0.390868194,-0.001841231
1.198198150,J2,-1.558770510,0.346224790,0.330808807
1.198198150,J3,0.171067641,0.410994461,-0.315070338
1.208205130,J1,-1.514788404,-0.372182505,-0.001695804
1.208205130,J2,-1.555473786,0.329672344,0.335568819
1.208205130,J3,0.174981114,0.391347216,-0.314976221
1.218194159,J1,-1.518323038,-0.353463377,-0.001552118
1.218194159,J2,-1.552342882,0.313090464,0.340093059
1.218194159,J3,0.178697761,0.371664695,-0.314886732
1.228159652,J1,-1.521670180,-0.334714154,-0.001411009
1.228159652,J2,-1.549378061,0.296482093,0.344380745
1.228159652,J3,0.182217265,0.351950426,-0.314801889
1.238158111,J1,-1.524829558,-0.315937844,-0.001273270
1.238158111,J2,-1.546579562,0.279849880,0.348431160
1.238158111,J3,0.185539341,0.332207584,-0.314721707
1.248159293,J1,-1.527800930,-0.297137158,-0.001139649
1.248159293,J2,-1.543947600,0.263196210,0.352243651
1.248159293,J3,0.188663731,0.312439027,-0.314646200
1.258151745,J1,-1.530584075,-0.278314532,-0.001010852
1.258151745,J2,-1.541482367,0.246523229,0.355817623
1.258151745,J3,0.191590204,0.292647325,-0.314575376
1.268196160,J1,-1.533178796,-0.259472160,-0.000887535
1.268196160,J2,-1.539184039,0.229832866,0.359152538
1.268196160,J3,0.194318552,0.272834793,-0.314509241
1.278187774,J1,-1.535584917,-0.240612018,-0.000770315
1.278187774,J2,-1.537052770,0.213126862,0.362247904
1.278187774,J3,0.196848587,0.253003514,-0.314447800
1.288195522,J1,-1.537802275,-0.221735881,-0.000659760
1.288195522,J2,-1.535088702,0.196406779,0.365103278
1.288195522,J3,0.199180141,0.233155364,-0.314391056
1.298198450,J1,-1.539830729,-0.202845350,-0.000556397
1.298198450,J2,-1.533291962,0.179674025,0.367718261
1.298198450,J3,0.201313061,0.213292028,-0.314339010
1.308198026,J1,-1.541670148,-0.183941864,-0.000460706
1.308198026,J2,-1.531662663,0.162929869,0.370092491
1.308198026,J3,0.203247211,0.193415026,-0.314291663
1.318236365,J1,-1.543326111,-0.165596294,-0.000375712
1.318236365,J2,-1.530195864,0.146679943,0.372231516
1.318236365,J3,0.204988458,0.174124645,-0.314249825
1.328145634,J1,-1.544816477,-0.149036665,-0.000306018
1.328145634,J2,-1.528875745,0.132011949,0.374155208
1.328145634,J3,0.206555580,0.156712180,-0.314214726
1.338215542,J1,-1.546157807,-0.134132998,-0.000249107
1.338215542,J2,-1.527687637,0.118810754,0.375885214
1.338215542,J3,0.207965989,0.141040962,-0.314185267
1.348221125,J1,-1.547365004,-0.120719698,-0.000202675
1.348221125,J2,-1.526618340,0.106929679,0.377441111
1.348221125,J3,0.209235358,0.126936866,-0.314160476
1.358170693,J1,-1.548451481,-0.108647729,-0.000164821
1.358170693,J2,-1.525655973,0.096236711,0.378840487
1.358170693,J3,0.210377790,0.114243179,-0.314139555
1.368231522,J1,-1.549429311,-0.097782956,-0.000133982
1.368231522,J2,-1.524789843,0.086613040,0.380099149
1.368231522,J3,0.211405978,0.102818862,-0.314121853
1.378116555,J1,-1.550309358,-0.088004660,-0.000108873
1.378116555,J2,-1.524010325,0.077951736,0.381231299
1.378116555,J3,0.212331348,0.092536975,-0.314106830
1.388159364,J1,-1.551101400,-0.079204194,-0.000088440
1.388159364,J2,-1.523308760,0.070156562,0.382249698
1.388159364,J3,0.213164181,0.083283278,-0.314094046
1.398226269,J1,-1.551814237,-0.071283775,-0.000071821
1.398226269,J2,-1.522677351,0.063140906,0.383165815
1.398226269,J3,0.213913730,0.074954950,-0.314083136
1.408257833,J1,-1.552455791,-0.064155397,-0.000058310
1.408257833,J2,-1.522109083,0.056826815,0.383989955
1.408257833,J3,0.214588325,0.067459455,-0.314073799
1.418175413,J1,-1.553033190,-0.057739858,-0.000047329
1.418175413,J2,-1.521597641,0.051144134,0.384731380
1.418175413,J3,0.215195460,0.060713510,-0.314065785
1.428129592,J1,-1.553552849,-0.051965872,-0.000038408
1.428129592,J2,-1.521137344,0.046029720,0.385398415
1.428129592,J3,0.215741882,0.054642159,-0.314058889
1.438185322,J1,-1.554020541,-0.046769285,-0.000031162
1.438185322,J2,-1.520723076,0.041426748,0.385998545
1.438185322,J3,0.216233661,0.049177943,-0.314052937
1.448161221,J1,-1.554441465,-0.042092356,-0.000025280
1.448161221,J2,-1.520350236,0.037284074,0.386538495
1.448161221,J3,0.216676263,0.044260148,-0.314047787
1.458164848,J1,-1.554820296,-0.037883121,-0.000020504
1.458164848,J2,-1.520014679,0.033555666,0.387024315
1.458164848,J3,0.217074604,0.039834134,-0.314043319
1.468177415,J1,-1.555161244,-0.034094808,-0.000016628
1.468177415,J2,-1.519712678,0.030200100,0.387461442
1.468177415,J3,0.217433111,0.035850720,-0.314039434
1.478129777,J1,-1.555468098,-0.030685328,-0.000013484
1.478129777,J2,-1.519440877,0.027180090,0.387854765
1.478129777,J3,0.217755768,0.032265648,-0.314036046
1.488180479,J1,-1.555744265,-0.027616795,-0.000010933
1.488180479,J2,-1.519196256,0.024462081,0.388208683
1.488180479,J3,0.218046158,0.029039083,-0.314033086
1.498190950,J1,-1.555992817,-0.024855115,-0.000008863
1.498190950,J2,-1.518976098,0.022015873,0.388527148
1.498190950,J3,0.218307510,0.026135175,-0.314030494
1.508153160,J1,-1.556216513,-0.022369604,-0.000007185
1.508153160,J2,-1.518777955,0.019814285,0.388813718
1.508153160,J3,0.218542727,0.023521658,-0.314028219
1.518162235,J1,-1.556417839,-0.020132643,-0.000005824
1.518162235,J2,-1.518599626,0.017832857,0.389071591
1.518162235,J3,0.218754422,0.021169492,-0.314026219
1.528254633,J1,-1.556599033,-0.018119379,-0.000004720
1.528254633,J2,-1.518439131,0.016049571,0.389303644
1.528254633,J3,0.218944947,0.019052543,-0.314024457
1.538312877,J1,-1.556762107,-0.016307441,-0.000003826
1.538312877,J2,-1.518294684,0.014444614,0.389512465
1.538312877,J3,0.219116420,0.017147288,-0.314022902
1.548167529,J1,-1.556908874,-0.014676697,-0.000003100
1.548167529,J2,-1.518164683,0.013000153,0.389700383
1.548167529,J3,0.219270746,0.015432560,-0.314021528
1.558144476,J1,-1.557040965,-0.013209027,-0.000002513
1.558144476,J2,-1.518047681,0.011700137,0.389869491
1.558144476,J3,0.219409639,0.013889304,-0.314020311
1.568301199,J1,-1.557159846,-0.011888125,-0.000002036
1.568301199,J2,-1.517942380,0.010530124,0.390021675
1.568301199,J3,0.219534642,0.012500373,-0.314019232
1.578127634,J1,-1.557266839,-0.010699312,-0.000001650
1.578127634,J2,-1.517847609,0.009477111,0.390158628
1.578127634,J3,0.219647146,0.011250336,-0.314018275
1.588221080,J1,-1.557363133,-0.009629381,-0.000001337
1.588221080,J2,-1.517762315,0.008529400,0.390281877
1.588221080,J3,0.219748399,0.010125302,-0.314017424
1.598268219,J1,-1.557449797,-0.008666443,-0.000001083
1.598268219,J2,-1.517685551,0.007676460,0.390392793
1.598268219,J3,0.219839526,0.009112772,-0.314016667
1.608161354,J1,-1.557527795,-0.007799799,-0.000000878
1.608161354,J2,-1.517616462,0.006908814,0.390492612
1.608161354,J3,0.219921541,0.008201495,-0.314015992
1.618215967,J1,-1.557597993,-0.007019819,-0.000000711
1.618215967,J2,-1.517554283,0.006217933,0.390582444
1.618215967,J3,0.219995355,0.007381345,-0.314015391
1.628123280,J1,-1.557661172,-0.006317837,-0.000000576
1.628123280,J2,-1.517498322,0.005596139,0.390663288
1.628123280,J3,0.220061787,0.006643211,-0.314014854
1.638184179,J1,-1.557718032,-0.005686053,-0.000000467
1.638184179,J2,-1.517447956,0.005036525,0.390736045
1.638184179,J3,0.220121576,0.005978890,-0.314014375
1.648255065,J1,-1.557769207,-0.005117448,-0.000000378
1.648255065,J2,-1.517402628,0.004532873,0.390801523
1.648255065,J3,0.220175386,0.005381001,-0.314013947
1.658227123,J1,-1.557815264,-0.004605703,-0.000000306
1.658227123,J2,-1.517361832,0.004079586,0.390860452
1.658227123,J3,0.220223815,0.004842901,-0.314013564
1.668234312,J1,-1.557856715,-0.004145133,-0.000000248
1.668234312,J2,-1.517325116,0.003671627,0.390913485
1.668234312,J3,0.220267401,0.004358611,-0.314013222
1.678120952,J1,-1.557894021,-0.003730619,-0.000000201
1.678120952,J2,-1.517292071,0.003304464,0.390961214
1.678120952,J3,0.220306628,0.003922750,-0.314012915
1.688178497,J1,-1.557927597,-0.003357558,-0.000000163
1.688178497,J2,-1.517262331,0.002974018,0.391004169
1.688178497,J3,0.220341933,0.003530475,-0.314012640
1.698184499,J1,-1.557957815,-0.003021802,-0.000000132
1.698184499,J2,-1.517235565,0.002676616,0.391042828
1.698184499,J3,0.220373707,0.003177427,-0.314012394
1.708135255,J1,-1.557985011,-0.002719622,-0.000000107
1.708135255,J2,-1.517211475,0.002408955,0.391077620
1.708135255,J3,0.220402304,0.002859684,-0.314012173
1.718153130,J1,-1.558009488,-0.002447659,-0.000000087
1.718153130,J2,-1.517189794,0.002168059,0.391108932
1.718153130,J3,0.220428041,0.002573716,-0.314011975
1.728226461,J1,-1.558031517,-0.002202893,-0.000000070
1.728226461,J2,-1.517170282,0.001951253,0.391137112
1.728226461,J3,0.220451205,0.002316344,-0.314011798
1.738174632,J1,-1.558051343,-0.001982604,-0.000000057
1.738174632,J2,-1.517152721,0.001756128,0.391162474
1.738174632,J3,0.220472052,0.002084710,-0.314011638
1.748253271,J1,-1.558069186,-0.001784344,-0.000000046
1.748253271,J2,-1.517136915,0.001580515,0.391185300
1.748253271,J3,0.220490814,0.001876239,-0.314011495
1.758192503,J1,-1.558085245,-0.001605909,-0.000000037
1.758192503,J2,-1.517122691,0.001422464,0.391205842
1.758192503,J3,0.220507701,0.001688615,-0.314011367
1.768157437,J1,-1.558099698,-0.001445318,-0.000000030
1.768157437,J2,-1.517109889,0.001280217,0.391224331
1.768157437,J3,0.220522898,0.001519754,-0.314011251
1.778123209,J1,-1.558112706,-0.001300787,-0.000000024
1.778123209,J2,-1.517098367,0.001152195,0.391240970
1.778123209,J3,0.220536576,0.001367778,-0.314011148
1.788182920,J1,-1.558124413,-0.001170708,-0.000000020
1.788182920,J2,-1.517087997,0.001036976,0.391255945
1.788182920,J3,0.220548886,0.001231000,-0.314011054
1.798221119,J1,-1.558134950,-0.001053637,-0.000000016
1.798221119,J2,-1.517078664,0.000933278,0.391269422
1.798221119,J3,0.220559965,0.001107900,-0.314010971
1.808161538,J1,-1.558144432,-0.000948273,-0.000000013
1.808161538,J2,-1.517070265,0.000839951,0.391281552
1.808161538,J3,0.220569936,0.000997110,-0.314010895
1.818132549,J1,-1.558152967,-0.000853446,-0.000000011
1.818132549,J2,-1.517062705,0.000755955,0.391292469
1.818132549,J3,0.220578910,0.000897399,-0.314010828
1.828167465,J1,-1.558160648,-0.000768101,-0.000000009
1.828167465,J2,-1.517055902,0.000680360,0.391302293
1.828167465,J3,0.220586987,0.000807659,-0.314010767
1.838178845,J1,-1.558167561,-0.000691291,-0.000000007
1.838178845,J2,-1.517049778,0.000612324,0.391311136
1.838178845,J3,0.220594255,0.000726893,-0.314010712
1.848240162,J1,-1.558173782,-0.000622162,-0.000000006
1.848240162,J2,-1.517044267,0.000551092,0.391319094
1.848240162,J3,0.220600798,0.000654204,-0.314010663
1.858227376,J1,-1.558179382,-0.000559946,-0.000000005
1.858227376,J2,-1.517039308,0.000495982,0.391326256
1.858227376,J3,0.220606685,0.000588784,-0.314010619
1.868145795,J1,-1.558184421,-0.000503951,-0.000000004
1.868145795,J2,-1.517034844,0.000446384,0.391332702
1.868145795,J3,0.220611984,0.000529905,-0.314010579
1.878145650,J1,-1.558188957,-0.000453556,-0.000000003
1.878145650,J2,-1.517030826,0.000401746,0.391338503
1.878145650,J3,0.220616754,0.000476915,-0.314010544
1.888209412,J1,-1.558193039,-0.000408201,-0.000000002
1.888209412,J2,-1.517027211,0.000361571,0.391343725
1.888209412,J3,0.220621046,0.000429223,-0.314010511
1.898189712,J1,-1.558196713,-0.000367381,-0.000000002
1.898189712,J2,-1.517023956,0.000325414,0.391348424
1.898189712,J3,0.220624909,0.000386301,-0.314010483
1.908163586,J1,-1.558200019,-0.000330642,-0.000000002
1.908163586,J2,-1.517021028,0.000292873,0.391352653
1.908163586,J3,0.220628386,0.000347671,-0.314010457
1.918245577,J1,-1.558202995,-0.000297578,-0.000000001
1.918245577,J2,-1.517018392,0.000263585,0.391356459
1.918245577,J3,0.220631515,0.000312904,-0.314010433
1.928278817,J1,-1.558205673,-0.000267820,-0.000000001
1.928278817,J2,-1.517016020,0.000237227,0.391359885
1.928278817,J3,0.220634331,0.000281613,-0.314010412
1.938249059,J1,-1.558208084,-0.000241038,-0.000000001
1.938249059,J2,-1.517013885,0.000213504,0.391362968
1.938249059,J3,0.220636865,0.000253452,-0.314010393
1.948153090,J1,-1.558210253,-0.000216935,-0.000000001
1.948153090,J2,-1.517011963,0.000192154,0.391365742
1.948153090,J3,0.220639146,0.000228107,-0.314010376
1.958152317,J1,-1.558212205,-0.000195241,-0.000000001
1.958152317,J2,-1.517010234,0.000172938,0.391368240
1.958152317,J3,0.220641199,0.000205296,-0.314010361
1.968141347,J1,-1.558213962,-0.000175717,-0.000000000
1.968141347,J2,-1.517008677,0.000155645,0.391370487
1.968141347,J3,0.220643047,0.000184767,-0.314010347
1.978152936,J1,-1.558215544,-0.000158145,-0.000000000
1.978152936,J2,-1.517007276,0.000140080,0.391372510
1.978152936,J3,0.220644710,0.000166290,-0.314010335
1.988147204,J1,-1.558216967,-0.000142331,-0.000000000
1.988147204,J2,-1.517006016,0.000126072,0.391374330
1.988147204,J3,0.220646206,0.000149661,-0.314010323
1.998175556,J1,-1.558218248,-0.000128098,-0.000000000
1.998175556,J2,-1.517004881,0.000113465,0.391375969
1.998175556,J3,0.220647553,0.000134695,-0.314010313
2.008259852,J1,-1.558219401,-0.000115288,-0.000000000
2.008259852,J2,-1.517003860,0.000102118,0.391377443
2.008259852,J3,0.220648766,0.000121225,-0.314010304
2.018144466,J1,-1.558220439,-0.000103759,-0.000000000
2.018144466,J2,-1.517002941,0.000091907,0.391378771
2.018144466,J3,0.220649857,0.000109103,-0.314010296
2.028116035,J1,-1.558221373,-0.000093383,-0.000000000
2.028116035,J2,-1.517002114,0.000082716,0.391379965
2.028116035,J3,0.220650839,0.000098193,-0.314010289
2.038178121,J1,-1.558222213,-0.000084045,-0.000000000
2.038178121,J2,-1.517001369,0.000074444,0.391381040
2.038178121,J3,0.220651722,0.000088373,-0.314010282
2.048105968,J1,-1.558222969,-0.000075640,-0.000000000
2.048105968,J2,-1.517000699,0.000067000,0.391382007
2.048105968,J3,0.220652518,0.000079536,-0.314010276
2.058149615,J1,-1.558223650,-0.000068076,-0.000000000
2.058149615,J2,-1.517000096,0.000060300,0.391382878
2.058149615,J3,0.220653233,0.000071582,-0.314010271
2.068182088,J1,-1.558224263,-0.000061269,-0.000000000
2.068182088,J2,-1.516999553,0.000054270,0.391383662
2.068182088,J3,0.220653878,0.000064424,-0.314010266
2.078129491,J1,-1.558224814,-0.000055142,-0.000000000
2.078129491,J2,-1.516999065,0.000048843,0.391384367
2.078129491,J3,0.220654458,0.000057982,-0.314010262
2.088185291,J1,-1.558225311,-0.000049628,-0.000000000
2.088185291,J2,-1.516998625,0.000043959,0.391385002
2.088185291,J3,0.220654979,0.000052184,-0.314010258
2.098241510,J1,-1.558225757,-0.000044665,-0.000000000
2.098241510,J2,-1.516998230,0.000039563,0.391385573
2.098241510,J3,0.220655449,0.000046965,-0.314010254
2.108135413,J1,-1.558226159,-0.000040198,-0.000000000
2.108135413,J2,-1.516997874,0.000035606,0.391386087
2.108135413,J3,0.220655872,0.000042269,-0.314010251
2.118114945,J1,-1.558226521,-0.000036179,-0.000000000
2.118114945,J2,-1.516997553,0.000032046,0.391386550
2.118114945,J3,0.220656252,0.000038042,-0.314010248
2.128163760,J1,-1.558226847,-0.000032561,-0.000000000
2.128163760,J2,-1.516997265,0.000028841,0.391386967
2.128163760,J3,0.220656594,0.000034238,-0.314010246
2.138191832,J1,-1.558227140,-0.000029305,-0.000000000
2.138191832,J2,-1.516997005,0.000025957,0.391387341
2.138191832,J3,0.220656903,0.000030814,-0.314010244
2.148246515,J1,-1.558227403,-0.000026374,-0.000000000
2.148246515,J2,-1.516996772,0.000023361,0.391387679
2.148246515,J3,0.220657180,0.000027732,-0.314010242
2.158205372,J1,-1.558227641,-0.000023737,-0.000000000
2.158205372,J2,-1.516996561,0.000021025,0.391387982
2.158205372,J3,0.220657430,0.000024959,-0.314010240
2.168145372,J1,-1.558227854,-0.000021363,-0.000000000
2.168145372,J2,-1.516996372,0.000018923,0.391388256
2.168145372,J3,0.220657654,0.000022463,-0.314010238
2.178132028,J1,-1.558228047,-0.000019227,-0.000000000
2.178132028,J2,-1.516996202,0.000017030,0.391388501
2.178132028,J3,0.220657856,0.000020217,-0.314010236
2.188173091,J1,-1.558228220,-0.000017304,-0.000000000
2.188173091,J2,-1.516996049,0.000015327,0.391388723
2.188173091,J3,0.220658038,0.000018195,-0.314010235
2.198190686,J1,-1.558228375,-0.000015574,-0.000000000
2.198190686,J2,-1.516995911,0.000013795,0.391388922
2.198190686,J3,0.220658202,0.000016376,-0.314010234
2.208131315,J1,-1.558228516,-0.000014016,-0.000000000
2.208131315,J2,-1.516995787,0.000012415,0.391389101
2.208131315,J3,0.220658349,0.000014738,-0.314010233
2.218188931,J1,-1.558228642,-0.000012615,-0.000000000
2.218188931,J2,-1.516995675,0.000011174,0.391389263
2.218188931,J3,0.220658482,0.000013264,-0.314010232
2.228257302,J1,-1.558228755,-0.000011353,-0.000000000
2.228257302,J2,-1.516995574,0.000010056,0.391389408
2.228257302,J3,0.220658601,0.000011938,-0.314010231
2.238166222,J1,-1.558228857,-0.000010218,-0.000000000
2.238166222,J2,-1.516995484,0.000009051,0.391389539
2.238166222,J3,0.220658709,0.000010744,-0.314010230
2.248139328,J1,-1.558228949,-0.000009196,-0.000000000
2.248139328,J2,-1.516995402,0.000008146,0.391389656
2.248139328,J3,0.220658806,0.000009670,-0.314010229
2.258322801,J1,-1.558229032,-0.000008276,-0.000000000
2.258322801,J2,-1.516995329,0.000007331,0.391389762
2.258322801,J3,0.220658893,0.000008703,-0.314010229
2.268167535,J1,-1.558229107,-0.000007449,-0.000000000
2.268167535,J2,-1.516995263,0.000006598,0.391389857
2.268167535,J3,0.220658971,0.000007832,-0.314010228
2.278193582,J1,-1.558229174,-0.000006704,-0.000000000
2.278193582,J2,-1.516995204,0.000005938,0.391389943
2.278193582,J3,0.220659041,0.000007049,-0.314010228
2.288152160,J1,-1.558229234,-0.000006034,-0.000000000
2.288152160,J2,-1.516995150,0.000005344,0.391390020
2.288152160,J3,0.220659105,0.000006344,-0.314010227
2.298212779,J1,-1.558229288,-0.000005430,-0.000000000
2.298212779,J2,-1.516995102,0.000004810,0.391390090
2.298212779,J3,0.220659162,0.000005710,-0.314010227
2.308172684,J1,-1.558229337,-0.000004887,-0.000000000
2.308172684,J2,-1.516995059,0.000004329,0.391390152
2.308172684,J3,0.220659213,0.000005139,-0.314010226
2.318186229,J1,-1.558229381,-0.000004398,-0.000000000
2.318186229,J2,-1.516995020,0.000003896,0.391390208
2.318186229,J3,0.220659260,0.000004625,-0.314010226
2.328138312,J1,-1.558229421,-0.000003959,-0.000000000
2.328138312,J2,-1.516994985,0.000003506,0.391390259
2.328138312,J3,0.220659301,0.000004162,-0.314010226
2.338166803,J1,-1.558229456,-0.000003563,-0.000000000
2.338166803,J2,-1.516994953,0.000003156,0.391390305
2.338166803,J3,0.220659339,0.000003746,-0.314010225
2.348149058,J1,-1.558229488,-0.000003206,-0.000000000
2.348149058,J2,-1.516994925,0.000002840,0.391390346
2.348149058,J3,0.220659372,0.000003372,-0.314010225
2.358199829,J1,-1.558229517,-0.000002886,-0.000000000
2.358199829,J2,-1.516994899,0.000002556,0.391390383
2.358199829,J3,0.220659403,0.000003034,-0.314010225
2.368346285,J1,-1.558229543,-0.000002597,-0.000000000
2.368346285,J2,-1.516994876,0.000002301,0.391390416
2.368346285,J3,0.220659430,0.000002731,-0.314010225
2.378209528,J1,-1.558229567,-0.000002338,-0.000000000
2.378209528,J2,-1.516994855,0.000002071,0.391390446
2.378209528,J3,0.220659455,0.000002458,-0.314010225
2.388195136,J1,-1.558229588,-0.000002104,-0.000000000
2.388195136,J2,-1.516994837,0.000001863,0.391390473
2.388195136,J3,0.220659477,0.000002212,-0.314010224
2.398215804,J1,-1.558229607,-0.000001893,-0.000000000
2.398215804,J2,-1.516994820,0.000001677,0.391390497
2.398215804,J3,0.220659497,0.000001991,-0.314010224
2.408212866,J1,-1.558229624,-0.000001704,-0.000000000
2.408212866,J2,-1.516994805,0.000001509,0.391390519
2.408212866,J3,0.220659515,0.000001792,-0.314010224
2.418327544,J1,-1.558229639,-0.000001534,-0.000000000
2.418327544,J2,-1.516994791,0.000001358,0.391390538
2.418327544,J3,0.220659531,0.000001613,-0.314010224
2.428104670,J1,-1.558229653,-0.000001380,-0.000000000
2.428104670,J2,-1.516994779,0.000001223,0.391390556
2.428104670,J3,0.220659545,0.000001451,-0.314010224
2.438180515,J1,-1.558229665,-0.000001242,-0.000000000
2.438180515,J2,-1.516994768,0.000001100,0.391390572
2.438180515,J3,0.220659558,0.000001306,-0.314010224
2.448300012,J1,-1.558229676,-0.000001118,-0.000000000
2.448300012,J2,-1.516994758,0.000000990,0.391390586
2.448300012,J3,0.220659570,0.000001176,-0.314010224
2.458159623,J1,-1.558229686,-0.000001006,-0.000000000
2.458159623,J2,-1.516994749,0.000000891,0.391390599
2.458159623,J3,0.220659581,0.000001058,-0.314010224
2.468392755,J1,-1.558229696,-0.000000906,-0.000000000
2.468392755,J2,-1.516994741,0.000000802,0.391390610
2.468392755,J3,0.220659590,0.000000952,-0.314010224
2.478148369,J1,-1.558229704,-0.000000815,-0.000000000
2.478148369,J2,-1.516994734,0.000000722,0.391390621
2.478148369,J3,0.220659599,0.000000857,-0.314010223
2.488164917,J1,-1.558229711,-0.000000734,-0.000000000
2.488164917,J2,-1.516994728,0.000000650,0.391390630
2.488164917,J3,0.220659606,0.000000771,-0.314010223
2.498234756,J1,-1.558229718,-0.000000660,-0.000000000
2.498234756,J2,-1.516994722,0.000000585,0.391390639
2.498234756,J3,0.220659613,0.000000694,-0.314010223
2.508217081,J1,-1.558229724,-0.000000594,-0.000000000
2.508217081,J2,-1.516994716,0.000000526,0.391390646
2.508217081,J3,0.220659620,0.000000625,-0.314010223
2.518139969,J1,-1.558229729,-0.000000535,-0.000000000
2.518139969,J2,-1.516994712,0.000000474,0.391390653
2.518139969,J3,0.220659625,0.000000562,-0.314010223
2.528130187,J1,-1.558229734,-0.000000481,-0.000000000
2.528130187,J2,-1.516994708,0.000000426,0.391390659
2.528130187,J3,0.220659630,0.000000506,-0.314010223
2.538254433,J1,-1.558229738,-0.000000433,-0.000000000
2.538254433,J2,-1.516994704,0.000000384,0.391390665
2.538254433,J3,0.220659635,0.000000455,-0.314010223
2.548352837,J1,-1.558229742,-0.000000390,-0.000000000
2.548352837,J2,-1.516994700,0.000000345,0.391390670
2.548352837,J3,0.220659639,0.000000410,-0.314010223
2.558157900,J1,-1.558229745,-0.000000351,-0.000000000
2.558157900,J2,-1.516994697,0.000000311,0.391390674
2.558157900,J3,0.220659643,0.000000369,-0.314010223
2.568243873,J1,-1.558229749,-0.000000316,-0.000000000
2.568243873,J2,-1.516994694,0.000000280,0.391390678
2.568243873,J3,0.220659646,0.000000332,-0.314010223
2.578249595,J1,-1.558229751,-0.000000284,-0.000000000
2.578249595,J2,-1.516994692,0.000000252,0.391390682
2.578249595,J3,0.220659649,0.000000299,-0.314010223
2.588163195,J1,-1.558229754,-0.000000256,-0.000000000
2.588163195,J2,-1.516994690,0.000000227,0.391390685
2.588163195,J3,0.220659652,0.000000269,-0.314010223
2.598170454,J1,-1.558229756,-0.000000230,-0.000000000
2.598170454,J2,-1.516994687,0.000000204,0.391390688
2.598170454,J3,0.220659654,0.000000242,-0.314010223
2.608166189,J1,-1.558229758,-0.000000207,-0.000000000
2.608166189,J2,-1.516994686,0.000000184,0.391390691
2.608166189,J3,0.220659656,0.000000218,-0.314010223
2.618240776,J1,-1.558229760,-0.000000186,-0.000000000
2.618240776,J2,-1.516994684,0.000000165,0.391390693
2.618240776,J3,0.220659658,0.000000196,-0.314010223
2.628149976,J1,-1.558229762,-0.000000168,-0.000000000
2.628149976,J2,-1.516994683,0.000000149,0.391390695
2.628149976,J3,0.220659660,0.000000176,-0.314010223
2.638199280,J1,-1.558229763,-0.000000151,-0.000000000
2.638199280,J2,-1.516994681,0.000000134,0.391390697
2.638199280,J3,0.220659662,0.000000159,-0.314010223
2.648185866,J1,-1.558229765,-0.000000136,-0.000000000
2.648185866,J2,-1.516994680,0.000000120,0.391390699
2.648185866,J3,0.220659663,0.000000143,-0.314010223
2.658167772,J1,-1.558229766,-0.000000122,-0.000000000
2.658167772,J2,-1.516994679,0.000000108,0.391390701
2.658167772,J3,0.220659664,0.000000129,-0.314010223
2.668150167,J1,-1.558229767,-0.000000110,-0.000000000
2.668150167,J2,-1.516994678,0.000000098,0.391390702
2.668150167,J3,0.220659665,0.000000116,-0.314010223
2.678203802,J1,-1.558229768,-0.000000099,-0.000000000
2.678203802,J2,-1.516994677,0.000000088,0.391390703
2.678203802,J3,0.220659667,0.000000104,-0.314010223
2.688206591,J1,-1.558229769,-0.000000089,-0.000000000
2.688206591,J2,-1.516994676,0.000000079,0.391390704
2.688206591,J3,0.220659667,0.000000094,-0.314010223
2.698217901,J1,-1.558229770,-0.000000080,0.000000000
2.698217901,J2,-1.516994676,0.000000071,0.391390705
2.698217901,J3,0.220659668,0.000000084,-0.314010223
2.708142396,J1,-1.558229771,-0.000000072,0.000000000
2.708142396,J2,-1.516994675,0.000000064,0.391390706
2.708142396,J3,0.220659669,0.000000076,-0.314010223
2.718169281,J1,-1.558229771,-0.000000065,0.000000000
2.718169281,J2,-1.516994674,0.000000058,0.391390707
2.718169281,J3,0.220659670,0.000000068,-0.314010223
2.728131840,J1,-1.558229772,-0.000000059,-0.000000000
2.728131840,J2,-1.516994674,0.000000052,0.391390708
2.728131840,J3,0.220659670,0.000000062,-0.314010223
2.738228568,J1,-1.558229772,-0.000000053,-0.000000000
2.738228568,J2,-1.516994673,0.000000047,0.391390709
2.738228568,J3,0.220659671,0.000000055,-0.314010223
2.748144473,J1,-1.558229773,-0.000000047,-0.000000000
2.748144473,J2,-1.516994673,0.000000042,0.391390709
2.748144473,J3,0.220659671,0.000000050,-0.314010223
2.758229188,J1,-1.558229773,-0.000000043,0.000000000
2.758229188,J2,-1.516994673,0.000000038,0.391390710
2.758229188,J3,0.220659672,0.000000045,-0.314010223
2.768692313,J1,-1.558229774,-0.000000038,0.000000000
2.768692313,J2,-1.516994672,0.000000034,0.391390710
2.768692313,J3,0.220659672,0.000000040,-0.314010223
2.778179939,J1,-1.558229774,-0.000000035,0.000000000
2.778179939,J2,-1.516994672,0.000000031,0.391390711
2.778179939,J3,0.220659673,0.000000036,-0.314010223
2.788176722,J1,-1.558229774,-0.000000031,0.000000000
2.788176722,J2,-1.516994672,0.000000028,0.391390711
2.788176722,J3,0.220659673,0.000000033,-0.314010223
2.798112252,J1,-1.558229775,-0.000000028,0.000000000
2.798112252,J2,-1.516994671,0.000000025,0.391390712
2.798112252,J3,0.220659673,0.000000029,-0.314010223
2.808177969,J1,-1.558229775,-0.000000025,0.000000000
2.808177969,J2,-1.516994671,0.000000022,0.391390712
2.808177969,J3,0.220659673,0.000000026,-0.314010223
2.818141297,J1,-1.558229775,-0.000000023,0.000000000
2.818141297,J2,-1.516994671,0.000000020,0.391390712
2.818141297,J3,0.220659674,0.000000024,-0.314010223
2.828147788,J1,-1.558229775,-0.000000020,0.000000000
2.828147788,J2,-1.516994671,0.000000018,0.391390712
2.828147788,J3,0.220659674,0.000000021,-0.314010223
2.838215392,J1,-1.558229775,-0.000000018,0.000000000
2.838215392,J2,-1.516994671,0.000000016,0.391390713
2.838215392,J3,0.220659674,0.000000019,-0.314010223
2.848157487,J1,-1.558229776,-0.000000017,0.000000000
2.848157487,J2,-1.516994670,0.000000015,0.391390713
2.848157487,J3,0.220659674,0.000000017,-0.314010223
2.858151825,J1,-1.558229776,-0.000000015,0.000000000
2.858151825,J2,-1.516994670,0.000000013,0.391390713
2.858151825,J3,0.220659674,0.000000016,-0.314010223
2.868218241,J1,-1.558229776,-0.000000013,0.000000000
2.868218241,J2,-1.516994670,0.000000012,0.391390713
2.868218241,J3,0.220659675,0.000000014,-0.314010223
2.878205246,J1,-1.558229776,-0.000000012,0.000000000
2.878205246,J2,-1.516994670,0.000000011,0.391390713
2.878205246,J3,0.220659675,0.000000013,-0.314010223
2.888146433,J1,-1.558229776,-0.000000011,0.000000000
2.888146433,J2,-1.516994670,0.000000010,0.391390713
2.888146433,J3,0.220659675,0.000000011,-0.314010223
2.898152295,J1,-1.558229776,-0.000000010,0.000000000
2.898152295,J2,-1.516994670,0.000000009,0.391390714
2.898152295,J3,0.220659675,0.000000010,-0.314010223
2.908168215,J1,-1.558229776,-0.000000009,-0.000000000
2.908168215,J2,-1.516994670,0.000000008,0.391390714
2.908168215,J3,0.220659675,0.000000009,-0.314010223
2.918132032,J1,-1.558229776,-0.000000008,0.000000000
2.918132032,J2,-1.516994670,0.000000007,0.391390714
2.918132032,J3,0.220659675,0.000000008,-0.314010223
2.928129094,J1,-1.558229776,-0.000000007,-0.000000000
2.928129094,J2,-1.516994670,0.000000006,0.391390714
2.928129094,J3,0.220659675,0.000000007,-0.314010223
2.938136073,J1,-1.558229776,-0.000000006,0.000000000
2.938136073,J2,-1.516994670,0.000000006,0.391390714
2.938136073,J3,0.220659675,0.000000007,-0.314010223
2.948132577,J1,-1.558229777,-0.000000006,0.000000000
2.948132577,J2,-1.516994670,0.000000005,0.391390714
2.948132577,J3,0.220659675,0.000000006,-0.314010223
2.958273026,J1,-1.558229777,-0.000000005,0.000000000
2.958273026,J2,-1.516994670,0.000000005,0.391390714
2.958273026,J3,0.220659675,0.000000005,-0.314010223
2.968199547,J1,-1.558229777,-0.000000005,0.000000000
2.968199547,J2,-1.516994670,0.000000004,0.391390714
2.968199547,J3,0.220659675,0.000000005,-0.314010223
2.978142271,J1,-1.558229777,-0.000000004,0.000000000
2.978142271,J2,-1.516994669,0.000000004,0.391390714
2.978142271,J3,0.220659675,0.000000004,-0.314010223
2.988133257,J1,-1.558229777,-0.000000004,0.000000000
2.988133257,J2,-1.516994669,0.000000003,0.391390714
2.988133257,J3,0.220659676,0.000000004,-0.314010223
2.998124522,J1,-1.558229777,-0.000000003,0.000000000
2.998124522,J2,-1.516994669,0.000000003,0.391390714
2.998124522,J3,0.220659676,0.000000004,-0.314010223
3.008142117,J1,-1.558229777,-0.000000003,0.000000000
3.008142117,J2,-1.516994669,0.000000003,0.391390714
3.008142117,J3,0.220659676,0.000000003,-0.314010223
3.018156640,J1,-1.558229777,-0.000000003,0.000000000
3.018156640,J2,-1.516994669,0.000000002,0.391390714
3.018156640,J3,0.220659676,0.000000003,-0.314010223
3.028198402,J1,-1.558229777,-0.000000002,0.000000000
3.028198402,J2,-1.516994669,0.000000002,0.391390714
3.028198402,J3,0.220659676,0.000000003,-0.314010223
3.038175209,J1,-1.558229777,-0.000000002,0.000000000
3.038175209,J2,-1.516994669,0.000000002,0.391390714
3.038175209,J3,0.220659676,0.000000002,-0.314010223
3.048156626,J1,-1.558229777,-0.000000002,0.000000000
3.048156626,J2,-1.516994669,0.000000002,0.391390715
3.048156626,J3,0.220659676,0.000000002,-0.314010223
3.058188749,J1,-1.558229777,-0.000000002,0.000000000
3.058188749,J2,-1.516994669,0.000000002,0.391390715
3.058188749,J3,0.220659676,0.000000002,-0.314010223
3.068158433,J1,-1.558229777,-0.000000002,0.000000000
3.068158433,J2,-1.516994669,0.000000001,0.391390715
3.068158433,J3,0.220659676,0.000000002,-0.314010223
3.078133774,J1,-1.558229777,-0.000000001,0.000000000
3.078133774,J2,-1.516994669,0.000000001,0.391390715
3.078133774,J3,0.220659676,0.000000002,-0.314010223
3.088221562,J1,-1.558229777,-0.000000001,0.000000000
3.088221562,J2,-1.516994669,0.000000001,0.391390715
3.088221562,J3,0.220659676,0.000000001,-0.314010223
3.098183423,J1,-1.558229777,-0.000000001,0.000000000
3.098183423,J2,-1.516994669,0.000000001,0.391390715
3.098183423,J3,0.220659676,0.000000001,-0.314010223
3.108188377,J1,-1.558229777,-0.000000001,-0.000000000
3.108188377,J2,-1.516994669,0.000000001,0.391390715
3.108188377,J3,0.220659676,0.000000001,-0.314010223
3.118259054,J1,-1.558229777,-0.000000001,0.000000000
3.118259054,J2,-1.516994669,0.000000001,0.391390715
3.118259054,J3,0.220659676,0.000000001,-0.314010223
3.128196609,J1,-1.558229777,-0.000000001,0.000000000
3.128196609,J2,-1.516994669,0.000000001,0.391390715
3.128196609,J3,0.220659676,0.000000001,-0.314010223
3.138171391,J1,-1.558229777,-0.000000001,0.000000000
3.138171391,J2,-1.516994669,0.000000001,0.391390715
3.138171391,J3,0.220659676,0.000000001,-0.314010223
3.148144357,J1,-1.558229777,-0.000000001,0.000000000
3.148144357,J2,-1.516994669,0.000000001,0.391390715
3.148144357,J3,0.220659676,0.000000001,-0.314010223
3.158174665,J1,-1.558229777,-0.000000001,0.000000000
3.158174665,J2,-1.516994669,0.000000001,0.391390715
3.158174665,J3,0.220659676,0.000000001,-0.314010223
3.168184927,J1,-1.558229777,-0.000000001,0.000000000
3.168184927,J2,-1.516994669,0.000000001,0.391390715
3.168184927,J3,0.220659676,0.000000001,-0.314010223
3.178150979,J1,-1.558229777,-0.000000001,0.000000000
3.178150979,J2,-1.516994669,0.000000000,0.391390715
3.178150979,J3,0.220659676,0.000000001,-0.314010223
3.188219839,J1,-1.558229777,-0.000000000,0.000000000
3.188219839,J2,-1.516994669,0.000000000,0.391390715
3.188219839,J3,0.220659676,0.000000000,-0.314010223
3.198122054,J1,-1.558229777,-0.000000000,0.000000000
3.198122054,J2,-1.516994669,0.000000000,0.391390715
3.198122054,J3,0.220659676,0.000000000,-0.314010223
3.208190007,J1,-1.558229777,-0.000000000,0.000000000
3.208190007,J2,-1.516994669,0.000000000,0.391390715
3.208190007,J3,0.220659676,0.000000000,-0.314010223
3.218147957,J1,-1.558229777,-0.000000000,0.000000000
3.218147957,J2,-1.516994669,0.000000000,0.391390715
3.218147957,J3,0.220659676,0.000000000,-0.314010223
3.228185458,J1,-1.558229777,-0.000000000,0.000000000
3.228185458,J2,-1.516994669,0.000000000,0.391390715
3.228185458,J3,0.220659676,0.000000000,-0.314010223
3.238181263,J1,-1.558229777,-0.000000000,0.000000000
3.238181263,J2,-1.516994669,0.000000000,0.391390715
3.238181263,J3,0.220659676,0.000000000,-0.314010223
3.248148083,J1,-1.558229777,-0.000000000,0.000000000
3.248148083,J2,-1.516994669,0.000000000,0.391390715
3.248148083,J3,0.220659676,0.000000000,-0.314010223
3.258235452,J1,-1.558229777,-0.000000000,0.000000000
3.258235452,J2,-1.516994669,0.000000000,0.391390715
3.258235452,J3,0.220659676,0.000000000,-0.314010223
3.268252070,J1,-1.558229777,-0.000000000,0.000000000
3.268252070,J2,-1.516994669,0.000000000,0.391390715
3.268252070,J3,0.220659676,0.000000000,-0.314010223
3.278177892,J1,-1.558229777,-0.000000000,0.000000000
3.278177892,J2,-1.516994669,0.000000000,0.391390715
3.278177892,J3,0.220659676,0.000000000,-0.314010223
3.288190249,J1,-1.558229777,-0.000000000,0.000000000
3.288190249,J2,-1.516994669,0.000000000,0.391390715
3.288190249,J3,0.220659676,0.000000000,-0.314010223
3.298365900,J1,-1.558229777,-0.000000000,0.000000000
3.298365900,J2,-1.516994669,0.000000000,0.391390715
3.298365900,J3,0.220659676,0.000000000,-0.314010223
3.308199390,J1,-1.558229777,-0.000000000,0.000000000
3.308199390,J2,-1.516994669,0.000000000,0.391390715
3.308199390,J3,0.220659676,0.000000000,-0.314010223
3.318202668,J1,-1.558229777,-0.000000000,0.000000000
3.318202668,J2,-1.516994669,0.000000000,0.391390715
3.318202668,J3,0.220659676,0.000000000,-0.314010223
3.328274951,J1,-1.558229777,-0.000000000,0.000000000
3.328274951,J2,-1.516994669,0.000000000,0.391390715
3.328274951,J3,0.220659676,0.000000000,-0.314010223
3.338270965,J1,-1.558229777,-0.000000000,0.000000000
3.338270965,J2,-1.516994669,0.000000000,0.391390715
3.338270965,J3,0.220659676,0.000000000,-0.314010223
3.348197695,J1,-1.558229777,-0.000000000,0.000000000
3.348197695,J2,-1.516994669,0.000000000,0.391390715
3.348197695,J3,0.220659676,0.000000000,-0.314010223
3.358201811,J1,-1.558229777,-0.000000000,0.000000000
3.358201811,J2,-1.516994669,0.000000000,0.391390715
3.358201811,J3,0.220659676,0.000000000,-0.314010223
3.368199292,J1,-1.558229777,-0.000000000,0.000000000
3.368199292,J2,-1.516994669,0.000000000,0.391390715
3.368199292,J3,0.220659676,0.000000000,-0.314010223
3.378202430,J1,-1.558229777,-0.000000000,0.000000000
3.378202430,J2,-1.516994669,0.000000000,0.391390715
3.378202430,J3,0.220659676,0.000000000,-0.314010223
3.388177981,J1,-1.558229777,-0.000000000,0.000000000
3.388177981,J2,-1.516994669,0.000000000,0.391390715
3.388177981,J3,0.220659676,0.000000000,-0.314010223
3.398145360,J1,-1.558229777,-0.000000000,0.000000000
3.398145360,J2,-1.516994669,0.000000000,0.391390715
3.398145360,J3,0.220659676,0.000000000,-0.314010223
3.408195083,J1,-1.558229777,-0.000000000,0.000000000
3.408195083,J2,-1.516994669,0.000000000,0.391390715
3.408195083,J3,0.220659676,0.000000000,-0.314010223
3.418201435,J1,-1.558229777,-0.000000000,0.000000000
3.418201435,J2,-1.516994669,0.000000000,0.391390715
3.418201435,J3,0.220659676,0.000000000,-0.314010223
3.428147162,J1,-1.558229777,-0.000000000,0.000000000
3.428147162,J2,-1.516994669,0.000000000,0.391390715
3.428147162,J3,0.220659676,0.000000000,-0.314010223
3.438173838,J1,-1.558229777,-0.000000000,0.000000000
3.438173838,J2,-1.516994669,0.000000000,0.391390715
3.438173838,J3,0.220659676,0.000000000,-0.314010223
3.448132556,J1,-1.558229777,-0.000000000,0.000000000
3.448132556,J2,-1.516994669,0.000000000,0.391390715
3.448132556,J3,0.220659676,0.000000000,-0.314010223
3.458183467,J1,-1.558229777,-0.000000000,0.000000000
3.458183467,J2,-1.516994669,0.000000000,0.391390715
3.458183467,J3,0.220659676,0.000000000,-0.314010223
3.468172218,J1,-1.558229777,-0.000000000,0.000000000
3.468172218,J2,-1.516994669,0.000000000,0.391390715
3.468172218,J3,0.220659676,0.000000000,-0.314010223
3.478173401,J1,-1.558229777,-0.000000000,0.000000000
3.478173401,J2,-1.516994669,0.000000000,0.391390715
3.478173401,J3,0.220659676,0.000000000,-0.314010223
3.488167460,J1,-1.558229777,-0.000000000,0.000000000
3.488167460,J2,-1.516994669,0.000000000,0.391390715
3.488167460,J3,0.220659676,0.000000000,-0.314010223
3.498125968,J1,-1.558229777,-0.000000000,-0.000000000
3.498125968,J2,-1.516994669,0.000000000,0.391390715
3.498125968,J3,0.220659676,0.000000000,-0.314010223
3.508220671,J1,-1.558229777,-0.000000000,0.000000000
3.508220671,J2,-1.516994669,0.000000000,0.391390715
3.508220671,J3,0.220659676,0.000000000,-0.314010223
3.518126518,J1,-1.558229777,-0.000000000,0.000000000
3.518126518,J2,-1.516994669,0.000000000,0.391390715
3.518126518,J3,0.220659676,0.000000000,-0.314010223
3.528178756,J1,-1.558229777,-0.000000000,0.000000000
3.528178756,J2,-1.516994669,0.000000000,0.391390715
3.528178756,J3,0.220659676,0.000000000,-0.314010223
3.538192022,J1,-1.558229777,-0.000000000,0.000000000
3.538192022,J2,-1.516994669,0.000000000,0.391390715
3.538192022,J3,0.220659676,0.000000000,-0.314010223
3.548215205,J1,-1.558229777,-0.000000000,0.000000000
3.548215205,J2,-1.516994669,0.000000000,0.391390715
3.548215205,J3,0.220659676,0.000000000,-0.314010223
3.558204655,J1,-1.558229777,-0.000000000,0.000000000
3.558204655,J2,-1.516994669,0.000000000,0.391390715
3.558204655,J3,0.220659676,0.000000000,-0.314010223
3.568286925,J1,-1.558229777,-0.000000000,0.000000000
3.568286925,J2,-1.516994669,0.000000000,0.391390715
3.568286925,J3,0.220659676,0.000000000,-0.314010223
3.578130263,J1,-1.558229777,-0.000000000,0.000000000
3.578130263,J2,-1.516994669,0.000000000,0.391390715
3.578130263,J3,0.220659676,0.000000000,-0.314010223
3.588175028,J1,-1.558229777,-0.000000000,0.000000000
3.588175028,J2,-1.516994669,0.000000000,0.391390715
3.588175028,J3,0.220659676,0.000000000,-0.314010223
3.598112374,J1,-1.558229777,-0.000000000,0.000000000
3.598112374,J2,-1.516994669,0.000000000,0.391390715
3.598112374,J3,0.220659676,0.000000000,-0.314010223
3.608165660,J1,-1.558229777,-0.000000000,0.000000000
3.608165660,J2,-1.516994669,0.000000000,0.391390715
3.608165660,J3,0.220659676,0.000000000,-0.314010223
3.618350739,J1,-1.558229777,-0.000000000,0.000000000
3.618350739,J2,-1.516994669,0.000000000,0.391390715
3.618350739,J3,0.220659676,0.000000000,-0.314010223
3.628181505,J1,-1.558229777,-0.000000000,0.000000000
3.628181505,J2,-1.516994669,0.000000000,0.391390715
3.628181505,J3,0.220659676,0.000000000,-0.314010223
3.638223197,J1,-1.558229777,-0.000000000,0.000000000
3.638223197,J2,-1.516994669,0.000000000,0.391390715
3.638223197,J3,0.220659676,0.000000000,-0.314010223
3.648100059,J1,-1.558229777,-0.000000000,0.000000000
3.648100059,J2,-1.516994669,0.000000000,0.391390715
3.648100059,J3,0.220659676,0.000000000,-0.314010223
3.658140843,J1,-1.558229777,-0.000000000,0.000000000
3.658140843,J2,-1.516994669,0.000000000,0.391390715
3.658140843,J3,0.220659676,0.000000000,-0.314010223
3.668245952,J1,-1.558229777,-0.000000000,0.000000000
3.668245952,J2,-1.516994669,0.000000000,0.391390715
3.668245952,J3,0.220659676,0.000000000,-0.314010223
3.678114713,J1,-1.558229777,-0.000000000,0.000000000
3.678114713,J2,-1.516994669,0.000000000,0.391390715
3.678114713,J3,0.220659676,0.000000000,-0.314010223
3.688137058,J1,-1.558229777,-0.000000000,0.000000000
3.688137058,J2,-1.516994669,0.000000000,0.391390715
3.688137058,J3,0.220659676,0.000000000,-0.314010223
3.698111980,J1,-1.558229777,-0.000000000,0.000000000
3.698111980,J2,-1.516994669,0.000000000,0.391390715
3.698111980,J3,0.220659676,0.000000000,-0.314010223
3.708199698,J1,-1.558229777,-0.000000000,0.000000000
3.708199698,J2,-1.516994669,0.000000000,0.391390715
3.708199698,J3,0.220659676,0.000000000,-0.314010223
3.718277639,J1,-1.558229777,-0.000000000,0.000000000
3.718277639,J2,-1.516994669,0.000000000,0.391390715
3.718277639,J3,0.220659676,0.000000000,-0.314010223
3.728204648,J1,-1.558229777,-0.000000000,0.000000000
3.728204648,J2,-1.516994669,0.000000000,0.391390715
3.728204648,J3,0.220659676,0.000000000,-0.314010223
3.738139620,J1,-1.558229777,-0.000000000,-0.000000000
3.738139620,J2,-1.516994669,0.000000000,0.391390715
3.738139620,J3,0.220659676,0.000000000,-0.314010223
3.748125507,J1,-1.558229777,-0.000000000,0.000000000
3.748125507,J2,-1.516994669,0.000000000,0.391390715
3.748125507,J3,0.220659676,0.000000000,-0.314010223
3.758321273,J1,-1.558229777,-0.000000000,0.000000000
3.758321273,J2,-1.516994669,0.000000000,0.391390715
3.758321273,J3,0.220659676,0.000000000,-0.314010223
3.768191500,J1,-1.558229777,-0.000000000,0.000000000
3.768191500,J2,-1.516994669,0.000000000,0.391390715
3.768191500,J3,0.220659676,0.000000000,-0.314010223
3.778159437,J1,-1.558229777,-0.000000000,0.000000000
3.778159437,J2,-1.516994669,0.000000000,0.391390715
3.778159437,J3,0.220659676,0.000000000,-0.314010223
3.788162995,J1,-1.558229777,-0.000000000,0.000000000
3.788162995,J2,-1.516994669,0.000000000,0.391390715
3.788162995,J3,0.220659676,0.000000000,-0.314010223
3.798109910,J1,-1.558229777,-0.000000000,0.000000000
3.798109910,J2,-1.516994669,0.000000000,0.391390715
3.798109910,J3,0.220659676,0.000000000,-0.314010223
3.808141893,J1,-1.558229777,-0.000000000,0.000000000
3.808141893,J2,-1.516994669,0.000000000,0.391390715
3.808141893,J3,0.220659676,0.000000000,-0.314010223
3.818126174,J1,-1.558229777,-0.000000000,0.000000000
3.818126174,J2,-1.516994669,0.000000000,0.391390715
3.818126174,J3,0.220659676,0.000000000,-0.314010223
3.828117300,J1,-1.558229777,-0.000000000,0.000000000
3.828117300,J2,-1.516994669,0.000000000,0.391390715
3.828117300,J3,0.220659676,0.000000000,-0.314010223
3.838207044,J1,-1.558229777,-0.000000000,0.000000000
3.838207044,J2,-1.516994669,0.000000000,0.391390715
3.838207044,J3,0.220659676,0.000000000,-0.314010223
3.848123646,J1,-1.558229777,-0.000000000,0.000000000
3.848123646,J2,-1.516994669,0.000000000,0.391390715
3.848123646,J3,0.220659676,0.000000000,-0.314010223
3.858142220,J1,-1.558229777,-0.000000000,0.000000000
3.858142220,J2,-1.516994669,0.000000000,0.391390715
3.858142220,J3,0.220659676,0.000000000,-0.314010223
3.868169664,J1,-1.558229777,-0.000000000,0.000000000
3.868169664,J2,-1.516994669,0.000000000,0.391390715
3.868169664,J3,0.220659676,0.000000000,-0.314010223
3.878264437,J1,-1.558229777,-0.000000000,0.000000000
3.878264437,J2,-1.516994669,0.000000000,0.391390715
3.878264437,J3,0.220659676,0.000000000,-0.314010223
3.888187325,J1,-1.558229777,-0.000000000,0.000000000
3.888187325,J2,-1.516994669,0.000000000,0.391390715
3.888187325,J3,0.220659676,0.000000000,-0.314010223
3.898088144,J1,-1.558229777,-0.000000000,0.000000000
3.898088144,J2,-1.516994669,0.000000000,0.391390715
3.898088144,J3,0.220659676,0.000000000,-0.314010223
3.908135772,J1,-1.558229777,-0.000000000,0.000000000
3.908135772,J2,-1.516994669,0.000000000,0.391390715
3.908135772,J3,0.220659676,0.000000000,-0.314010223
3.918242348,J1,-1.558229777,-0.000000000,0.000000000
3.918242348,J2,-1.516994669,0.000000000,0.391390715
3.918242348,J3,0.220659676,0.000000000,-0.314010223
3.928173548,J1,-1.558229777,-0.000000000,0.000000000
3.928173548,J2,-1.516994669,0.000000000,0.391390715
3.928173548,J3,0.220659676,0.000000000,-0.314010223
3.938174661,J1,-1.558229777,-0.000000000,0.000000000
3.938174661,J2,-1.516994669,0.000000000,0.391390715
3.938174661,J3,0.220659676,0.000000000,-0.314010223
3.948127373,J1,-1.558229777,-0.000000000,0.000000000
3.948127373,J2,-1.516994669,0.000000000,0.391390715
3.948127373,J3,0.220659676,0.000000000,-0.314010223
3.958155446,J1,-1.558229777,-0.000000000,0.000000000
3.958155446,J2,-1.516994669,0.000000000,0.391390715
3.958155446,J3,0.220659676,0.000000000,-0.314010223
3.968117796,J1,-1.558229777,-0.000000000,0.000000000
3.968117796,J2,-1.516994669,0.000000000,0.391390715
3.968117796,J3,0.220659676,0.000000000,-0.314010223
3.978175342,J1,-1.558229777,-0.000000000,0.000000000
3.978175342,J2,-1.516994669,0.000000000,0.391390715
3.978175342,J3,0.220659676,0.000000000,-0.314010223
3.988166817,J1,-1.558229777,-0.000000000,0.000000000
3.988166817,J2,-1.516994669,0.000000000,0.391390715
3.988166817,J3,0.220659676,0.000000000,-0.314010223
3.998149351,J1,-1.558229777,-0.000000000,0.000000000
3.998149351,J2,-1.516994669,0.000000000,0.391390715
3.998149351,J3,0.220659676,0.000000000,-0.314010223
4.008163525,J1,-1.558229777,-0.000000000,0.000000000
4.008163525,J2,-1.516994669,0.000000000,0.391390715
4.008163525,J3,0.220659676,0.000000000,-0.314010223
4.018229522,J1,-1.558229777,-0.000000000,0.000000000
4.018229522,J2,-1.516994669,0.000000000,0.391390715
4.018229522,J3,0.220659676,0.000000000,-0.314010223
4.028157370,J1,-1.558229777,-0.000000000,0.000000000
4.028157370,J2,-1.516994669,0.000000000,0.391390715
4.028157370,J3,0.220659676,0.000000000,-0.314010223
4.038206256,J1,-1.558229777,-0.000000000,0.000000000
4.038206256,J2,-1.516994669,0.000000000,0.391390715
4.038206256,J3,0.220659676,0.000000000,-0.314010223
4.048179641,J1,-1.558229777,-0.000000000,0.000000000
4.048179641,J2,-1.516994669,0.000000000,0.391390715
4.048179641,J3,0.220659676,0.000000000,-0.314010223
4.058290827,J1,-1.558229777,-0.000000000,0.000000000
4.058290827,J2,-1.516994669,0.000000000,0.391390715
4.058290827,J3,0.220659676,0.000000000,-0.314010223
4.068214763,J1,-1.558229777,-0.000000000,0.000000000
4.068214763,J2,-1.516994669,0.000000000,0.391390715
4.068214763,J3,0.220659676,0.000000000,-0.314010223
4.078216365,J1,-1.558229777,-0.000000000,0.000000000
4.078216365,J2,-1.516994669,0.000000000,0.391390715
4.078216365,J3,0.220659676,0.000000000,-0.314010223
4.088197922,J1,-1.558229777,-0.000000000,0.000000000
4.088197922,J2,-1.516994669,0.000000000,0.391390715
4.088197922,J3,0.220659676,0.000000000,-0.314010223
4.098153497,J1,-1.558229777,-0.000000000,0.000000000
4.098153497,J2,-1.516994669,0.000000000,0.391390715
4.098153497,J3,0.220659676,0.000000000,-0.314010223
4.108188903,J1,-1.558229777,-0.000000000,0.000000000
4.108188903,J2,-1.516994669,0.000000000,0.391390715
4.108188903,J3,0.220659676,0.000000000,-0.314010223
4.118149298,J1,-1.558229777,-0.000000000,0.000000000
4.118149298,J2,-1.516994669,0.000000000,0.391390715
4.118149298,J3,0.220659676,0.000000000,-0.314010223
4.128197625,J1,-1.558229777,-0.000000000,0.000000000
4.128197625,J2,-1.516994669,0.000000000,0.391390715
4.128197625,J3,0.220659676,0.000000000,-0.314010223
4.138140698,J1,-1.558229777,-0.000000000,0.000000000
4.138140698,J2,-1.516994669,0.000000000,0.391390715
4.138140698,J3,0.220659676,0.000000000,-0.314010223
4.148149494,J1,-1.558229777,-0.000000000,0.000000000
4.148149494,J2,-1.516994669,0.000000000,0.391390715
4.148149494,J3,0.220659676,0.000000000,-0.314010223
4.158260819,J1,-1.558229777,-0.000000000,0.000000000
4.158260819,J2,-1.516994669,0.000000000,0.391390715
4.158260819,J3,0.220659676,0.000000000,-0.314010223
4.168112049,J1,-1.558229777,-0.000000000,0.000000000
4.168112049,J2,-1.516994669,0.000000000,0.391390715
4.168112049,J3,0.220659676,0.000000000,-0.314010223
4.178195437,J1,-1.558229777,-0.000000000,0.000000000
4.178195437,J2,-1.516994669,0.000000000,0.391390715
4.178195437,J3,0.220659676,0.000000000,-0.314010223
4.188186563,J1,-1.558229777,-0.000000000,0.000000000
4.188186563,J2,-1.516994669,0.000000000,0.391390715
4.188186563,J3,0.220659676,0.000000000,-0.314010223
4.198141649,J1,-1.558229777,-0.000000000,0.000000000
4.198141649,J2,-1.516994669,0.000000000,0.391390715
4.198141649,J3,0.220659676,0.000000000,-0.314010223
4.208170979,J1,-1.558229777,-0.000000000,0.000000000
4.208170979,J2,-1.516994669,0.000000000,0.391390715
4.208170979,J3,0.220659676,0.000000000,-0.314010223
4.218082064,J1,-1.558229777,-0.000000000,0.000000000
4.218082064,J2,-1.516994669,0.000000000,0.391390715
4.218082064,J3,0.220659676,0.000000000,-0.314010223
4.228167966,J1,-1.558229777,-0.000000000,0.000000000
4.228167966,J2,-1.516994669,0.000000000,0.391390715
4.228167966,J3,0.220659676,0.000000000,-0.314010223
4.238180464,J1,-1.558229777,-0.000000000,0.000000000
4.238180464,J2,-1.516994669,0.000000000,0.391390715
4.238180464,J3,0.220659676,0.000000000,-0.314010223
4.248147563,J1,-1.558229777,-0.000000000,0.000000000
4.248147563,J2,-1.516994669,0.000000000,0.391390715
4.248147563,J3,0.220659676,0.000000000,-0.314010223
4.258208252,J1,-1.558229777,-0.000000000,0.000000000
4.258208252,J2,-1.516994669,0.000000000,0.391390715
4.258208252,J3,0.220659676,0.000000000,-0.314010223
4.268197702,J1,-1.558229777,-0.000000000,0.000000000
4.268197702,J2,-1.516994669,0.000000000,0.391390715
4.268197702,J3,0.220659676,0.000000000,-0.314010223
4.278217044,J1,-1.558229777,-0.000000000,0.000000000
4.278217044,J2,-1.516994669,0.000000000,0.391390715
4.278217044,J3,0.220659676,0.000000000,-0.314010223
4.288428594,J1,-1.558229777,-0.000000000,0.000000000
4.288428594,J2,-1.516994669,0.000000000,0.391390715
4.288428594,J3,0.220659676,0.000000000,-0.314010223
4.298180158,J1,-1.558229777,-0.000000000,0.000000000
4.298180158,J2,-1.516994669,0.000000000,0.391390715
4.298180158,J3,0.220659676,0.000000000,-0.314010223
4.308188325,J1,-1.558229777,-0.000000000,0.000000000
4.308188325,J2,-1.516994669,0.000000000,0.391390715
4.308188325,J3,0.220659676,0.000000000,-0.314010223
4.318164364,J1,-1.558229777,-0.000000000,0.000000000
4.318164364,J2,-1.516994669,0.000000000,0.391390715
4.318164364,J3,0.220659676,0.000000000,-0.314010223
4.328139915,J1,-1.558229777,-0.000000000,0.000000000
4.328139915,J2,-1.516994669,0.000000000,0.391390715
4.328139915,J3,0.220659676,0.000000000,-0.314010223
4.338175809,J1,-1.558229777,-0.000000000,0.000000000
4.338175809,J2,-1.516994669,0.000000000,0.391390715
4.338175809,J3,0.220659676,0.000000000,-0.314010223
4.348233006,J1,-1.558229777,-0.000000000,0.000000000
4.348233006,J2,-1.516994669,0.000000000,0.391390715
4.348233006,J3,0.220659676,0.000000000,-0.314010223
4.358173635,J1,-1.558229777,-0.000000000,0.000000000
4.358173635,J2,-1.516994669,0.000000000,0.391390715
4.358173635,J3,0.220659676,0.000000000,-0.314010223
4.368124252,J1,-1.558229777,-0.000000000,0.000000000
4.368124252,J2,-1.516994669,0.000000000,0.391390715
4.368124252,J3,0.220659676,0.000000000,-0.314010223
4.378176630,J1,-1.558229777,-0.000000000,0.000000000
4.378176630,J2,-1.516994669,0.000000000,0.391390715
4.378176630,J3,0.220659676,0.000000000,-0.314010223
4.388123964,J1,-1.558229777,-0.000000000,0.000000000
4.388123964,J2,-1.516994669,0.000000000,0.391390715
4.388123964,J3,0.220659676,0.000000000,-0.314010223
4.398132620,J1,-1.558229777,-0.000000000,0.000000000
4.398132620,J2,-1.516994669,0.000000000,0.391390715
4.398132620,J3,0.220659676,0.000000000,-0.314010223
4.408166559,J1,-1.558229777,-0.000000000,0.000000000
4.408166559,J2,-1.516994669,0.000000000,0.391390715
4.408166559,J3,0.220659676,0.000000000,-0.314010223
4.418140364,J1,-1.558229777,-0.000000000,0.000000000
4.418140364,J2,-1.516994669,0.000000000,0.391390715
4.418140364,J3,0.220659676,0.000000000,-0.314010223
4.428223962,J1,-1.558229777,-0.000000000,0.000000000
4.428223962,J2,-1.516994669,0.000000000,0.391390715
4.428223962,J3,0.220659676,0.000000000,-0.314010223
4.438147130,J1,-1.558229777,-0.000000000,0.000000000
4.438147130,J2,-1.516994669,0.000000000,0.391390715
4.438147130,J3,0.220659676,0.000000000,-0.314010223
4.448155088,J1,-1.558229777,-0.000000000,0.000000000
4.448155088,J2,-1.516994669,0.000000000,0.391390715
4.448155088,J3,0.220659676,0.000000000,-0.314010223
4.458152290,J1,-1.558229777,-0.000000000,0.000000000
4.458152290,J2,-1.516994669,0.000000000,0.391390715
4.458152290,J3,0.220659676,0.000000000,-0.314010223
4.468134964,J1,-1.558229777,-0.000000000,0.000000000
4.468134964,J2,-1.516994669,0.000000000,0.391390715
4.468134964,J3,0.220659676,0.000000000,-0.314010223
4.478179659,J1,-1.558229777,-0.000000000,0.000000000
4.478179659,J2,-1.516994669,0.000000000,0.391390715
4.478179659,J3,0.220659676,0.000000000,-0.314010223
4.488222329,J1,-1.558229777,-0.000000000,0.000000000
4.488222329,J2,-1.516994669,0.000000000,0.391390715
4.488222329,J3,0.220659676,0.000000000,-0.314010223
4.498151294,J1,-1.558229777,-0.000000000,0.000000000
4.498151294,J2,-1.516994669,0.000000000,0.391390715
4.498151294,J3,0.220659676,0.000000000,-0.314010223
4.508151081,J1,-1.558229777,-0.000000000,0.000000000
4.508151081,J2,-1.516994669,0.000000000,0.391390715
4.508151081,J3,0.220659676,0.000000000,-0.314010223
4.518142974,J1,-1.558229777,-0.000000000,0.000000000
4.518142974,J2,-1.516994669,0.000000000,0.391390715
4.518142974,J3,0.220659676,0.000000000,-0.314010223
4.528159383,J1,-1.558229777,-0.000000000,0.000000000
4.528159383,J2,-1.516994669,0.000000000,0.391390715
4.528159383,J3,0.220659676,0.000000000,-0.314010223
4.538233203,J1,-1.558229777,-0.000000000,0.000000000
4.538233203,J2,-1.516994669,0.000000000,0.391390715
4.538233203,J3,0.220659676,0.000000000,-0.314010223
4.548152949,J1,-1.558229777,-0.000000000,0.000000000
4.548152949,J2,-1.516994669,0.000000000,0.391390715
4.548152949,J3,0.220659676,0.000000000,-0.314010223
4.558180183,J1,-1.558229777,-0.000000000,0.000000000
4.558180183,J2,-1.516994669,0.000000000,0.391390715
4.558180183,J3,0.220659676,0.000000000,-0.314010223
4.568103422,J1,-1.558229777,-0.000000000,0.000000000
4.568103422,J2,-1.516994669,0.000000000,0.391390715
4.568103422,J3,0.220659676,0.000000000,-0.314010223
4.578136104,J1,-1.558229777,-0.000000000,0.000000000
4.578136104,J2,-1.516994669,0.000000000,0.391390715
4.578136104,J3,0.220659676,0.000000000,-0.314010223
4.588269500,J1,-1.558229777,-0.000000000,0.000000000
4.588269500,J2,-1.516994669,0.000000000,0.391390715
4.588269500,J3,0.220659676,0.000000000,-0.314010223
4.598271591,J1,-1.558229777,-0.000000000,0.000000000
4.598271591,J2,-1.516994669,0.000000000,0.391390715
4.598271591,J3,0.220659676,0.000000000,-0.314010223
4.608243510,J1,-1.558229777,-0.000000000,0.000000000
4.608243510,J2,-1.516994669,0.000000000,0.391390715
4.608243510,J3,0.220659676,0.000000000,-0.314010223
4.618149496,J1,-1.558229777,-0.000000000,0.000000000
4.618149496,J2,-1.516994669,0.000000000,0.391390715
4.618149496,J3,0.220659676,0.000000000,-0.314010223
4.628176521,J1,-1.558229777,-0.000000000,0.000000000
4.628176521,J2,-1.516994669,0.000000000,0.391390715
4.628176521,J3,0.220659676,0.000000000,-0.314010223
4.638201800,J1,-1.558229777,-0.000000000,0.000000000
4.638201800,J2,-1.516994669,0.000000000,0.391390715
4.638201800,J3,0.220659676,0.000000000,-0.314010223
4.648157376,J1,-1.558229777,-0.000000000,0.000000000
4.648157376,J2,-1.516994669,0.000000000,0.391390715
4.648157376,J3,0.220659676,0.000000000,-0.314010223
4.658150387,J1,-1.558229777,-0.000000000,0.000000000
4.658150387,J2,-1.516994669,0.000000000,0.391390715
4.658150387,J3,0.220659676,0.000000000,-0.314010223
4.668116439,J1,-1.558229777,-0.000000000,0.000000000
4.668116439,J2,-1.516994669,0.000000000,0.391390715
4.668116439,J3,0.220659676,0.000000000,-0.314010223
4.678187605,J1,-1.558229777,-0.000000000,0.000000000
4.678187605,J2,-1.516994669,0.000000000,0.391390715
4.678187605,J3,0.220659676,0.000000000,-0.314010223
4.688201010,J1,-1.558229777,-0.000000000,0.000000000
4.688201010,J2,-1.516994669,0.000000000,0.391390715
4.688201010,J3,0.220659676,0.000000000,-0.314010223
4.698138007,J1,-1.558229777,-0.000000000,0.000000000
4.698138007,J2,-1.516994669,0.000000000,0.391390715
4.698138007,J3,0.220659676,0.000000000,-0.314010223
4.708139470,J1,-1.558229777,-0.000000000,0.000000000
4.708139470,J2,-1.516994669,0.000000000,0.391390715
4.708139470,J3,0.220659676,0.000000000,-0.314010223
4.718128500,J1,-1.558229777,-0.000000000,0.000000000
4.718128500,J2,-1.516994669,0.000000000,0.391390715
4.718128500,J3,0.220659676,0.000000000,-0.314010223
4.728192682,J1,-1.558229777,-0.000000000,0.000000000
4.728192682,J2,-1.516994669,0.000000000,0.391390715
4.728192682,J3,0.220659676,0.000000000,-0.314010223
4.738216773,J1,-1.558229777,-0.000000000,0.000000000
4.738216773,J2,-1.516994669,0.000000000,0.391390715
4.738216773,J3,0.220659676,0.000000000,-0.314010223
4.748179822,J1,-1.558229777,-0.000000000,0.000000000
4.748179822,J2,-1.516994669,0.000000000,0.391390715
4.748179822,J3,0.220659676,0.000000000,-0.314010223
4.758198466,J1,-1.558229777,-0.000000000,0.000000000
4.758198466,J2,-1.516994669,0.000000000,0.391390715
4.758198466,J3,0.220659676,0.000000000,-0.314010223
4.768192455,J1,-1.558229777,-0.000000000,0.000000000
4.768192455,J2,-1.516994669,0.000000000,0.391390715
4.768192455,J3,0.220659676,0.000000000,-0.314010223
4.778182882,J1,-1.558229777,-0.000000000,0.000000000
4.778182882,J2,-1.516994669,0.000000000,0.391390715
4.778182882,J3,0.220659676,0.000000000,-0.314010223
4.788187068,J1,-1.558229777,-0.000000000,0.000000000
4.788187068,J2,-1.516994669,0.000000000,0.391390715
4.788187068,J3,0.220659676,0.000000000,-0.314010223
4.798148510,J1,-1.558229777,-0.000000000,0.000000000
4.798148510,J2,-1.516994669,0.000000000,0.391390715
4.798148510,J3,0.220659676,0.000000000,-0.314010223
4.808147249,J1,-1.558229777,-0.000000000,0.000000000
4.808147249,J2,-1.516994669,0.000000000,0.391390715
4.808147249,J3,0.220659676,0.000000000,-0.314010223
4.818180211,J1,-1.558229777,-0.000000000,0.000000000
4.818180211,J2,-1.516994669,0.000000000,0.391390715
4.818180211,J3,0.220659676,0.000000000,-0.314010223
4.828149336,J1,-1.558229777,-0.000000000,0.000000000
4.828149336,J2,-1.516994669,0.000000000,0.391390715
4.828149336,J3,0.220659676,0.000000000,-0.314010223
4.838166932,J1,-1.558229777,-0.000000000,0.000000000
4.838166932,J2,-1.516994669,0.000000000,0.391390715
4.838166932,J3,0.220659676,0.000000000,-0.314010223
4.848158616,J1,-1.558229777,-0.000000000,0.000000000
4.848158616,J2,-1.516994669,0.000000000,0.391390715
4.848158616,J3,0.220659676,0.000000000,-0.314010223
4.858152885,J1,-1.558229777,-0.000000000,0.000000000
4.858152885,J2,-1.516994669,0.000000000,0.391390715
4.858152885,J3,0.220659676,0.000000000,-0.314010223
4.868112581,J1,-1.558229777,-0.000000000,0.000000000
4.868112581,J2,-1.516994669,0.000000000,0.391390715
4.868112581,J3,0.220659676,0.000000000,-0.314010223
4.878118024,J1,-1.558229777,-0.000000000,0.000000000
4.878118024,J2,-1.516994669,0.000000000,0.391390715
4.878118024,J3,0.220659676,0.000000000,-0.314010223
4.888139881,J1,-1.558229777,-0.000000000,0.000000000
4.888139881,J2,-1.516994669,0.000000000,0.391390715
4.888139881,J3,0.220659676,0.000000000,-0.314010223
4.898138200,J1,-1.558229777,-0.000000000,0.000000000
4.898138200,J2,-1.516994669,0.000000000,0.391390715
4.898138200,J3,0.220659676,0.000000000,-0.314010223
4.908115637,J1,-1.558229777,-0.000000000,0.000000000
4.908115637,J2,-1.516994669,0.000000000,0.391390715
4.908115637,J3,0.220659676,0.000000000,-0.314010223
4.918126877,J1,-1.558229777,-0.000000000,0.000000000
4.918126877,J2,-1.516994669,0.000000000,0.391390715
4.918126877,J3,0.220659676,0.000000000,-0.314010223
4.928205516,J1,-1.558229777,-0.000000000,0.000000000
4.928205516,J2,-1.516994669,0.000000000,0.391390715
4.928205516,J3,0.220659676,0.000000000,-0.314010223
4.938189029,J1,-1.558229777,-0.000000000,0.000000000
4.938189029,J2,-1.516994669,0.000000000,0.391390715
4.938189029,J3,0.220659676,0.000000000,-0.314010223
4.948144884,J1,-1.558229777,-0.000000000,0.000000000
4.948144884,J2,-1.516994669,0.000000000,0.391390715
4.948144884,J3,0.220659676,0.000000000,-0.314010223
4.958125114,J1,-1.558229777,-0.000000000,0.000000000
4.958125114,J2,-1.516994669,0.000000000,0.391390715
4.958125114,J3,0.220659676,0.000000000,-0.314010223
4.968168482,J1,-1.558229777,-0.000000000,0.000000000
4.968168482,J2,-1.516994669,0.000000000,0.391390715
4.968168482,J3,0.220659676,0.000000000,-0.314010223
4.978194948,J1,-1.558229777,-0.000000000,0.000000000
4.978194948,J2,-1.516994669,0.000000000,0.391390715
4.978194948,J3,0.220659676,0.000000000,-0.314010223
4.988143399,J1,-1.558229777,-0.000000000,0.000000000
4.988143399,J2,-1.516994669,0.000000000,0.391390715
4.988143399,J3,0.220659676,0.000000000,-0.314010223
4.998185091,J1,-1.558229777,-0.000000000,0.000000000
4.998185091,J2,-1.516994669,0.000000000,0.391390715
4.998185091,J3,0.220659676,0.000000000,-0.314010223
5.008173633,J1,-1.558229777,-0.000000000,0.000000000
5.008173633,J2,-1.516994669,0.000000000,0.391390715
5.008173633,J3,0.220659676,0.000000000,-0.314010223
5.018169438,J1,-1.558229777,-0.000000000,0.000000000
5.018169438,J2,-1.516994669,0.000000000,0.391390715
5.018169438,J3,0.220659676,0.000000000,-0.314010223
5.028305837,J1,-1.558229777,-0.000000000,0.000000000
5.028305837,J2,-1.516994669,0.000000000,0.391390715
5.028305837,J3,0.220659676,0.000000000,-0.314010223
5.038189754,J1,-1.558229777,-0.000000000,0.000000000
5.038189754,J2,-1.516994669,0.000000000,0.391390715
5.038189754,J3,0.220659676,0.000000000,-0.314010223
5.048189540,J1,-1.558229777,-0.000000000,0.000000000
5.048189540,J2,-1.516994669,0.000000000,0.391390715
5.048189540,J3,0.220659676,0.000000000,-0.314010223
5.058139807,J1,-1.558229777,-0.000000000,0.000000000
5.058139807,J2,-1.516994669,0.000000000,0.391390715
5.058139807,J3,0.220659676,0.000000000,-0.314010223
5.068110539,J1,-1.558229777,-0.000000000,0.000000000
5.068110539,J2,-1.516994669,0.000000000,0.391390715
5.068110539,J3,0.220659676,0.000000000,-0.314010223
5.078169552,J1,-1.558229777,-0.000000000,0.000000000
5.078169552,J2,-1.516994669,0.000000000,0.391390715
5.078169552,J3,0.220659676,0.000000000,-0.314010223
5.088252242,J1,-1.558229777,-0.000000000,0.000000000
5.088252242,J2,-1.516994669,0.000000000,0.391390715
5.088252242,J3,0.220659676,0.000000000,-0.314010223
5.098173035,J1,-1.558229777,-0.000000000,0.000000000
5.098173035,J2,-1.516994669,0.000000000,0.391390715
5.098173035,J3,0.220659676,0.000000000,-0.314010223
5.108119252,J1,-1.558229777,-0.000000000,0.000000000
5.108119252,J2,-1.516994669,0.000000000,0.391390715
5.108119252,J3,0.220659676,0.000000000,-0.314010223
5.118129165,J1,-1.558229777,-0.000000000,0.000000000
5.118129165,J2,-1.516994669,0.000000000,0.391390715
5.118129165,J3,0.220659676,0.000000000,-0.314010223
5.128206617,J1,-1.558229777,-0.000000000,0.000000000
5.128206617,J2,-1.516994669,0.000000000,0.391390715
5.128206617,J3,0.220659676,0.000000000,-0.314010223
5.138304463,J1,-1.558229777,-0.000000000,0.000000000
5.138304463,J2,-1.516994669,0.000000000,0.391390715
5.138304463,J3,0.220659676,0.000000000,-0.314010223
5.148287696,J1,-1.558229777,-0.000000000,0.000000000
5.148287696,J2,-1.516994669,0.000000000,0.391390715
5.148287696,J3,0.220659676,0.000000000,-0.314010223
5.158155758,J1,-1.558229777,-0.000000000,0.000000000
5.158155758,J2,-1.516994669,0.000000000,0.391390715
5.158155758,J3,0.220659676,0.000000000,-0.314010223
5.168134032,J1,-1.558229777,-0.000000000,0.000000000
5.168134032,J2,-1.516994669,0.000000000,0.391390715
5.168134032,J3,0.220659676,0.000000000,-0.314010223
5.178144435,J1,-1.558229777,-0.000000000,0.000000000
5.178144435,J2,-1.516994669,0.000000000,0.391390715
5.178144435,J3,0.220659676,0.000000000,-0.314010223
5.188168945,J1,-1.558229777,-0.000000000,0.000000000
5.188168945,J2,-1.516994669,0.000000000,0.391390715
5.188168945,J3,0.220659676,0.000000000,-0.314010223
5.198125010,J1,-1.558229777,-0.000000000,0.000000000
5.198125010,J2,-1.516994669,0.000000000,0.391390715
5.198125010,J3,0.220659676,0.000000000,-0.314010223
5.208109640,J1,-1.558229777,-0.000000000,0.000000000
5.208109640,J2,-1.516994669,0.000000000,0.391390715
5.208109640,J3,0.220659676,0.000000000,-0.314010223
5.218142671,J1,-1.558229777,-0.000000000,0.000000000
5.218142671,J2,-1.516994669,0.000000000,0.391390715
5.218142671,J3,0.220659676,0.000000000,-0.314010223
5.228143645,J1,-1.558229777,-0.000000000,0.000000000
5.228143645,J2,-1.516994669,0.000000000,0.391390715
5.228143645,J3,0.220659676,0.000000000,-0.314010223
5.238185896,J1,-1.558229777,-0.000000000,0.000000000
5.238185896,J2,-1.516994669,0.000000000,0.391390715
5.238185896,J3,0.220659676,0.000000000,-0.314010223
5.248172411,J1,-1.558229777,-0.000000000,0.000000000
5.248172411,J2,-1.516994669,0.000000000,0.391390715
5.248172411,J3,0.220659676,0.000000000,-0.314010223
5.258269349,J1,-1.558229777,-0.000000000,0.000000000
5.258269349,J2,-1.516994669,0.000000000,0.391390715
5.258269349,J3,0.220659676,0.000000000,-0.314010223
5.268172543,J1,-1.558229777,-0.000000000,0.000000000
5.268172543,J2,-1.516994669,0.000000000,0.391390715
5.268172543,J3,0.220659676,0.000000000,-0.314010223
5.278291970,J1,-1.558229777,-0.000000000,0.000000000
5.278291970,J2,-1.516994669,0.000000000,0.391390715
5.278291970,J3,0.220659676,0.000000000,-0.314010223
5.288252295,J1,-1.558229777,-0.000000000,0.000000000
5.288252295,J2,-1.516994669,0.000000000,0.391390715
5.288252295,J3,0.220659676,0.000000000,-0.314010223
5.298218207,J1,-1.558229777,-0.000000000,0.000000000
5.298218207,J2,-1.516994669,0.000000000,0.391390715
5.298218207,J3,0.220659676,0.000000000,-0.314010223
5.308210799,J1,-1.558229777,-0.000000000,0.000000000
5.308210799,J2,-1.516994669,0.000000000,0.391390715
5.308210799,J3,0.220659676,0.000000000,-0.314010223
5.318211074,J1,-1.558229777,-0.000000000,0.000000000
5.318211074,J2,-1.516994669,0.000000000,0.391390715
5.318211074,J3,0.220659676,0.000000000,-0.314010223
5.328265478,J1,-1.558229777,-0.000000000,0.000000000
5.328265478,J2,-1.516994669,0.000000000,0.391390715
5.328265478,J3,0.220659676,0.000000000,-0.314010223
5.338376105,J1,-1.558229777,-0.000000000,0.000000000
5.338376105,J2,-1.516994669,0.000000000,0.391390715
5.338376105,J3,0.220659676,0.000000000,-0.314010223
5.348207848,J1,-1.558229777,-0.000000000,0.000000000
5.348207848,J2,-1.516994669,0.000000000,0.391390715
5.348207848,J3,0.220659676,0.000000000,-0.314010223
5.358183678,J1,-1.558229777,-0.000000000,0.000000000
5.358183678,J2,-1.516994669,0.000000000,0.391390715
5.358183678,J3,0.220659676,0.000000000,-0.314010223
5.368164956,J1,-1.558229777,-0.000000000,0.000000000
5.368164956,J2,-1.516994669,0.000000000,0.391390715
5.368164956,J3,0.220659676,0.000000000,-0.314010223
5.378203435,J1,-1.558229777,-0.000000000,0.000000000
5.378203435,J2,-1.516994669,0.000000000,0.391390715
5.378203435,J3,0.220659676,0.000000000,-0.314010223
5.388221800,J1,-1.558229777,-0.000000000,0.000000000
5.388221800,J2,-1.516994669,0.000000000,0.391390715
5.388221800,J3,0.220659676,0.000000000,-0.314010223
5.398166410,J1,-1.558229777,-0.000000000,0.000000000
5.398166410,J2,-1.516994669,0.000000000,0.391390715
5.398166410,J3,0.220659676,0.000000000,-0.314010223
5.408311540,J1,-1.558229777,-0.000000000,0.000000000
5.408311540,J2,-1.516994669,0.000000000,0.391390715
5.408311540,J3,0.220659676,0.000000000,-0.314010223
5.418132318,J1,-1.558229777,-0.000000000,0.000000000
5.418132318,J2,-1.516994669,0.000000000,0.391390715
5.418132318,J3,0.220659676,0.000000000,-0.314010223
5.428174499,J1,-1.558229777,-0.000000000,0.000000000
5.428174499,J2,-1.516994669,0.000000000,0.391390715
5.428174499,J3,0.220659676,0.000000000,-0.314010223
5.438202083,J1,-1.558229777,-0.000000000,0.000000000
5.438202083,J2,-1.516994669,0.000000000,0.391390715
5.438202083,J3,0.220659676,0.000000000,-0.314010223
5.448133912,J1,-1.558229777,-0.000000000,0.000000000
5.448133912,J2,-1.516994669,0.000000000,0.391390715
5.448133912,J3,0.220659676,0.000000000,-0.314010223
5.458223936,J1,-1.558229777,-0.000000000,0.000000000
5.458223936,J2,-1.516994669,0.000000000,0.391390715
5.458223936,J3,0.220659676,0.000000000,-0.314010223
5.468140399,J1,-1.558229777,-0.000000000,0.000000000
5.468140399,J2,-1.516994669,0.000000000,0.391390715
5.468140399,J3,0.220659676,0.000000000,-0.314010223
5.478174129,J1,-1.558229777,-0.000000000,0.000000000
5.478174129,J2,-1.516994669,0.000000000,0.391390715
5.478174129,J3,0.220659676,0.000000000,-0.314010223
5.488187186,J1,-1.558229777,-0.000000000,0.000000000
5.488187186,J2,-1.516994669,0.000000000,0.391390715
5.488187186,J3,0.220659676,0.000000000,-0.314010223
5.498155682,J1,-1.558229777,-0.000000000,0.000000000
5.498155682,J2,-1.516994669,0.000000000,0.391390715
5.498155682,J3,0.220659676,0.000000000,-0.314010223
5.508236487,J1,-1.558229777,-0.000000000,0.000000000
5.508236487,J2,-1.516994669,0.000000000,0.391390715
5.508236487,J3,0.220659676,0.000000000,-0.314010223
5.518141286,J1,-1.558229777,-0.000000000,0.000000000
5.518141286,J2,-1.516994669,0.000000000,0.391390715
5.518141286,J3,0.220659676,0.000000000,-0.314010223
5.528149943,J1,-1.558229777,-0.000000000,0.000000000
5.528149943,J2,-1.516994669,0.000000000,0.391390715
5.528149943,J3,0.220659676,0.000000000,-0.314010223
5.538139602,J1,-1.558229777,-0.000000000,0.000000000
5.538139602,J2,-1.516994669,0.000000000,0.391390715
5.538139602,J3,0.220659676,0.000000000,-0.314010223
5.548136664,J1,-1.558229777,-0.000000000,0.000000000
5.548136664,J2,-1.516994669,0.000000000,0.391390715
5.548136664,J3,0.220659676,0.000000000,-0.314010223
5.558203150,J1,-1.558229777,-0.000000000,0.000000000
5.558203150,J2,-1.516994669,0.000000000,0.391390715
5.558203150,J3,0.220659676,0.000000000,-0.314010223
5.568144059,J1,-1.558229777,-0.000000000,0.000000000
5.568144059,J2,-1.516994669,0.000000000,0.391390715
5.568144059,J3,0.220659676,0.000000000,-0.314010223
5.578143706,J1,-1.558229777,-0.000000000,0.000000000
5.578143706,J2,-1.516994669,0.000000000,0.391390715
5.578143706,J3,0.220659676,0.000000000,-0.314010223
5.588115764,J1,-1.558229777,-0.000000000,0.000000000
5.588115764,J2,-1.516994669,0.000000000,0.391390715
5.588115764,J3,0.220659676,0.000000000,-0.314010223
5.598278774,J1,-1.558229777,-0.000000000,0.000000000
5.598278774,J2,-1.516994669,0.000000000,0.391390715
5.598278774,J3,0.220659676,0.000000000,-0.314010223
5.608276954,J1,-1.558229777,-0.000000000,0.000000000
5.608276954,J2,-1.516994669,0.000000000,0.391390715
5.608276954,J3,0.220659676,0.000000000,-0.314010223
5.618185385,J1,-1.558229777,-0.000000000,0.000000000
5.618185385,J2,-1.516994669,0.000000000,0.391390715
5.618185385,J3,0.220659676,0.000000000,-0.314010223
5.628178816,J1,-1.558229777,-0.000000000,0.000000000
5.628178816,J2,-1.516994669,0.000000000,0.391390715
5.628178816,J3,0.220659676,0.000000000,-0.314010223
5.638285043,J1,-1.558229777,-0.000000000,0.000000000
5.638285043,J2,-1.516994669,0.000000000,0.391390715
5.638285043,J3,0.220659676,0.000000000,-0.314010223
5.648168261,J1,-1.558229777,-0.000000000,0.000000000
5.648168261,J2,-1.516994669,0.000000000,0.391390715
5.648168261,J3,0.220659676,0.000000000,-0.314010223
5.658174752,J1,-1.558229777,-0.000000000,0.000000000
5.658174752,J2,-1.516994669,0.000000000,0.391390715
5.658174752,J3,0.220659676,0.000000000,-0.314010223
5.668130328,J1,-1.558229777,-0.000000000,0.000000000
5.668130328,J2,-1.516994669,0.000000000,0.391390715
5.668130328,J3,0.220659676,0.000000000,-0.314010223
5.678184382,J1,-1.558229777,-0.000000000,0.000000000
5.678184382,J2,-1.516994669,0.000000000,0.391390715
5.678184382,J3,0.220659676,0.000000000,-0.314010223
5.688083734,J1,-1.558229777,-0.000000000,0.000000000
5.688083734,J2,-1.516994669,0.000000000,0.391390715
5.688083734,J3,0.220659676,0.000000000,-0.314010223
5.698169497,J1,-1.558229777,-0.000000000,0.000000000
5.698169497,J2,-1.516994669,0.000000000,0.391390715
5.698169497,J3,0.220659676,0.000000000,-0.314010223
5.708150636,J1,-1.558229777,-0.000000000,0.000000000
5.708150636,J2,-1.516994669,0.000000000,0.391390715
5.708150636,J3,0.220659676,0.000000000,-0.314010223
5.718128631,J1,-1.558229777,-0.000000000,0.000000000
5.718128631,J2,-1.516994669,0.000000000,0.391390715
5.718128631,J3,0.220659676,0.000000000,-0.314010223
5.728223124,J1,-1.558229777,-0.000000000,0.000000000
5.728223124,J2,-1.516994669,0.000000000,0.391390715
5.728223124,J3,0.220659676,0.000000000,-0.314010223
5.738106342,J1,-1.558229777,-0.000000000,0.000000000
5.738106342,J2,-1.516994669,0.000000000,0.391390715
5.738106342,J3,0.220659676,0.000000000,-0.314010223
5.748256641,J1,-1.558229777,-0.000000000,0.000000000
5.748256641,J2,-1.516994669,0.000000000,0.391390715
5.748256641,J3,0.220659676,0.000000000,-0.314010223
5.758210889,J1,-1.558229777,-0.000000000,0.000000000
5.758210889,J2,-1.516994669,0.000000000,0.391390715
5.758210889,J3,0.220659676,0.000000000,-0.314010223
5.768222130,J1,-1.558229777,-0.000000000,0.000000000
5.768222130,J2,-1.516994669,0.000000000,0.391390715
5.768222130,J3,0.220659676,0.000000000,-0.314010223
5.778252926,J1,-1.558229777,-0.000000000,0.000000000
5.778252926,J2,-1.516994669,0.000000000,0.391390715
5.778252926,J3,0.220659676,0.000000000,-0.314010223
5.788200610,J1,-1.558229777,-0.000000000,0.000000000
5.788200610,J2,-1.516994669,0.000000000,0.391390715
5.788200610,J3,0.220659676,0.000000000,-0.314010223
5.798201164,J1,-1.558229777,-0.000000000,0.000000000
5.798201164,J2,-1.516994669,0.000000000,0.391390715
5.798201164,J3,0.220659676,0.000000000,-0.314010223
5.808207446,J1,-1.558229777,-0.000000000,0.000000000
5.808207446,J2,-1.516994669,0.000000000,0.391390715
5.808207446,J3,0.220659676,0.000000000,-0.314010223
5.818180692,J1,-1.558229777,-0.000000000,0.000000000
5.818180692,J2,-1.516994669,0.000000000,0.391390715
5.818180692,J3,0.220659676,0.000000000,-0.314010223
5.828160852,J1,-1.558229777,-0.000000000,0.000000000
5.828160852,J2,-1.516994669,0.000000000,0.391390715
5.828160852,J3,0.220659676,0.000000000,-0.314010223
5.838160778,J1,-1.558229777,-0.000000000,0.000000000
5.838160778,J2,-1.516994669,0.000000000,0.391390715
5.838160778,J3,0.220659676,0.000000000,-0.314010223
5.848188222,J1,-1.558229777,-0.000000000,0.000000000
5.848188222,J2,-1.516994669,0.000000000,0.391390715
5.848188222,J3,0.220659676,0.000000000,-0.314010223
5.858419958,J1,-1.558229777,-0.000000000,0.000000000
5.858419958,J2,-1.516994669,0.000000000,0.391390715
5.858419958,J3,0.220659676,0.000000000,-0.314010223
5.868135552,J1,-1.558229777,-0.000000000,0.000000000
5.868135552,J2,-1.516994669,0.000000000,0.391390715
5.868135552,J3,0.220659676,0.000000000,-0.314010223
5.878155244,J1,-1.558229777,-0.000000000,0.000000000
5.878155244,J2,-1.516994669,0.000000000,0.391390715
5.878155244,J3,0.220659676,0.000000000,-0.314010223
5.888187717,J1,-1.558229777,-0.000000000,0.000000000
5.888187717,J2,-1.516994669,0.000000000,0.391390715
5.888187717,J3,0.220659676,0.000000000,-0.314010223
5.898162080,J1,-1.558229777,-0.000000000,0.000000000
5.898162080,J2,-1.516994669,0.000000000,0.391390715
5.898162080,J3,0.220659676,0.000000000,-0.314010223
5.908638615,J1,-1.558229777,-0.000000000,0.000000000
5.908638615,J2,-1.516994669,0.000000000,0.391390715
5.908638615,J3,0.220659676,0.000000000,-0.314010223
5.918199927,J1,-1.558229777,-0.000000000,0.000000000
5.918199927,J2,-1.516994669,0.000000000,0.391390715
5.918199927,J3,0.220659676,0.000000000,-0.314010223
5.928188887,J1,-1.558229777,-0.000000000,0.000000000
5.928188887,J2,-1.516994669,0.000000000,0.391390715
5.928188887,J3,0.220659676,0.000000000,-0.314010223
5.938136641,J1,-1.558229777,-0.000000000,0.000000000
5.938136641,J2,-1.516994669,0.000000000,0.391390715
5.938136641,J3,0.220659676,0.000000000,-0.314010223
5.948190904,J1,-1.558229777,-0.000000000,0.000000000
5.948190904,J2,-1.516994669,0.000000000,0.391390715
5.948190904,J3,0.220659676,0.000000000,-0.314010223
5.958213879,J1,-1.558229777,-0.000000000,0.000000000
5.958213879,J2,-1.516994669,0.000000000,0.391390715
5.958213879,J3,0.220659676,0.000000000,-0.314010223
5.968242929,J1,-1.558229777,-0.000000000,0.000000000
5.968242929,J2,-1.516994669,0.000000000,0.391390715
5.968242929,J3,0.220659676,0.000000000,-0.314010223
5.978196409,J1,-1.558229777,-0.000000000,0.000000000
5.978196409,J2,-1.516994669,0.000000000,0.391390715
5.978196409,J3,0.220659676,0.000000000,-0.314010223
5.988171541,J1,-1.558229777,-0.000000000,0.000000000
5.988171541,J2,-1.516994669,0.000000000,0.391390715
5.988171541,J3,0.220659676,0.000000000,-0.314010223
5.998166508,J1,-1.558229777,-0.000000000,0.000000000
5.998166508,J2,-1.516994669,0.000000000,0.391390715
5.998166508,J3,0.220659676,0.000000000,-0.314010223
6.008207921,J1,-1.558229777,-0.000000000,0.000000000
6.008207921,J2,-1.516994669,0.000000000,0.391390715
6.008207921,J3,0.220659676,0.000000000,-0.314010223
6.018164894,J1,-1.558229777,-0.000000000,0.000000000
6.018164894,J2,-1.516994669,0.000000000,0.391390715
6.018164894,J3,0.220659676,0.000000000,-0.314010223
6.028129898,J1,-1.558229777,-0.000000000,0.000000000
6.028129898,J2,-1.516994669,0.000000000,0.391390715
6.028129898,J3,0.220659676,0.000000000,-0.314010223
6.038155037,J1,-1.558229777,-0.000000000,0.000000000
6.038155037,J2,-1.516994669,0.000000000,0.391390715
6.038155037,J3,0.220659676,0.000000000,-0.314010223
6.048184367,J1,-1.558229777,-0.000000000,0.000000000
6.048184367,J2,-1.516994669,0.000000000,0.391390715
6.048184367,J3,0.220659676,0.000000000,-0.314010223
6.058169556,J1,-1.558229777,-0.000000000,0.000000000
6.058169556,J2,-1.516994669,0.000000000,0.391390715
6.058169556,J3,0.220659676,0.000000000,-0.314010223
6.068166828,J1,-1.558229777,-0.000000000,0.000000000
6.068166828,J2,-1.516994669,0.000000000,0.391390715
6.068166828,J3,0.220659676,0.000000000,-0.314010223
6.078163821,J1,-1.558229777,-0.000000000,0.000000000
6.078163821,J2,-1.516994669,0.000000000,0.391390715
6.078163821,J3,0.220659676,0.000000000,-0.314010223
6.088135809,J1,-1.558229777,-0.000000000,0.000000000
6.088135809,J2,-1.516994669,0.000000000,0.391390715
6.088135809,J3,0.220659676,0.000000000,-0.314010223
6.098190772,J1,-1.558229777,-0.000000000,0.000000000
6.098190772,J2,-1.516994669,0.000000000,0.391390715
6.098190772,J3,0.220659676,0.000000000,-0.314010223
6.108132728,J1,-1.558229777,-0.000000000,0.000000000
6.108132728,J2,-1.516994669,0.000000000,0.391390715
6.108132728,J3,0.220659676,0.000000000,-0.314010223
6.118248244,J1,-1.558229777,-0.000000000,0.000000000
6.118248244,J2,-1.516994669,0.000000000,0.391390715
6.118248244,J3,0.220659676,0.000000000,-0.314010223
6.128180981,J1,-1.558229777,-0.000000000,0.000000000
6.128180981,J2,-1.516994669,0.000000000,0.391390715
6.128180981,J3,0.220659676,0.000000000,-0.314010223
6.138192361,J1,-1.558229777,-0.000000000,0.000000000
6.138192361,J2,-1.516994669,0.000000000,0.391390715
6.138192361,J3,0.220659676,0.000000000,-0.314010223
6.148156807,J1,-1.558229777,-0.000000000,0.000000000
6.148156807,J2,-1.516994669,0.000000000,0.391390715
6.148156807,J3,0.220659676,0.000000000,-0.314010223
6.158127678,J1,-1.558229777,-0.000000000,0.000000000
6.158127678,J2,-1.516994669,0.000000000,0.391390715
6.158127678,J3,0.220659676,0.000000000,-0.314010223
6.168184596,J1,-1.558229777,-0.000000000,0.000000000
6.168184596,J2,-1.516994669,0.000000000,0.391390715
6.168184596,J3,0.220659676,0.000000000,-0.314010223
6.178180960,J1,-1.558229777,-0.000000000,0.000000000
6.178180960,J2,-1.516994669,0.000000000,0.391390715
6.178180960,J3,0.220659676,0.000000000,-0.314010223
6.188194576,J1,-1.558229777,-0.000000000,0.000000000
6.188194576,J2,-1.516994669,0.000000000,0.391390715
6.188194576,J3,0.220659676,0.000000000,-0.314010223
6.198159231,J1,-1.558229777,-0.000000000,0.000000000
6.198159231,J2,-1.516994669,0.000000000,0.391390715
6.198159231,J3,0.220659676,0.000000000,-0.314010223
6.208198478,J1,-1.558229777,-0.000000000,0.000000000
6.208198478,J2,-1.516994669,0.000000000,0.391390715
6.208198478,J3,0.220659676,0.000000000,-0.314010223
6.218132682,J1,-1.558229777,-0.000000000,0.000000000
6.218132682,J2,-1.516994669,0.000000000,0.391390715
6.218132682,J3,0.220659676,0.000000000,-0.314010223
6.228157542,J1,-1.558229777,-0.000000000,0.000000000
6.228157542,J2,-1.516994669,0.000000000,0.391390715
6.228157542,J3,0.220659676,0.000000000,-0.314010223
6.238149226,J1,-1.558229777,-0.000000000,0.000000000
6.238149226,J2,-1.516994669,0.000000000,0.391390715
6.238149226,J3,0.220659676,0.000000000,-0.314010223
6.248145730,J1,-1.558229777,-0.000000000,0.000000000
6.248145730,J2,-1.516994669,0.000000000,0.391390715
6.248145730,J3,0.220659676,0.000000000,-0.314010223
6.258294701,J1,-1.558229777,-0.000000000,0.000000000
6.258294701,J2,-1.516994669,0.000000000,0.391390715
6.258294701,J3,0.220659676,0.000000000,-0.314010223
6.268151938,J1,-1.558229777,-0.000000000,0.000000000
6.268151938,J2,-1.516994669,0.000000000,0.391390715
6.268151938,J3,0.220659676,0.000000000,-0.314010223
6.278138314,J1,-1.558229777,-0.000000000,0.000000000
6.278138314,J2,-1.516994669,0.000000000,0.391390715
6.278138314,J3,0.220659676,0.000000000,-0.314010223
6.288101642,J1,-1.558229777,-0.000000000,0.000000000
6.288101642,J2,-1.516994669,0.000000000,0.391390715
6.288101642,J3,0.220659676,0.000000000,-0.314010223
6.298155697,J1,-1.558229777,-0.000000000,0.000000000
6.298155697,J2,-1.516994669,0.000000000,0.391390715
6.298155697,J3,0.220659676,0.000000000,-0.314010223
6.308149826,J1,-1.558229777,-0.000000000,0.000000000
6.308149826,J2,-1.516994669,0.000000000,0.391390715
6.308149826,J3,0.220659676,0.000000000,-0.314010223
6.318122024,J1,-1.558229777,-0.000000000,0.000000000
6.318122024,J2,-1.516994669,0.000000000,0.391390715
6.318122024,J3,0.220659676,0.000000000,-0.314010223
6.328113569,J1,-1.558229777,-0.000000000,0.000000000
6.328113569,J2,-1.516994669,0.000000000,0.391390715
6.328113569,J3,0.220659676,0.000000000,-0.314010223
6.338135076,J1,-1.558229777,-0.000000000,0.000000000
6.338135076,J2,-1.516994669,0.000000000,0.391390715
6.338135076,J3,0.220659676,0.000000000,-0.314010223
6.348176699,J1,-1.558229777,-0.000000000,0.000000000
6.348176699,J2,-1.516994669,0.000000000,0.391390715
6.348176699,J3,0.220659676,0.000000000,-0.314010223
6.358154834,J1,-1.558229777,-0.000000000,0.000000000
6.358154834,J2,-1.516994669,0.000000000,0.391390715
6.358154834,J3,0.220659676,0.000000000,-0.314010223
6.368139743,J1,-1.558229777,-0.000000000,0.000000000
6.368139743,J2,-1.516994669,0.000000000,0.391390715
6.368139743,J3,0.220659676,0.000000000,-0.314010223
6.378118297,J1,-1.558229777,-0.000000000,0.000000000
6.378118297,J2,-1.516994669,0.000000000,0.391390715
6.378118297,J3,0.220659676,0.000000000,-0.314010223
6.388117944,J1,-1.558229777,-0.000000000,0.000000000
6.388117944,J2,-1.516994669,0.000000000,0.391390715
6.388117944,J3,0.220659676,0.000000000,-0.314010223
6.398181427,J1,-1.558229777,-0.000000000,0.000000000
6.398181427,J2,-1.516994669,0.000000000,0.391390715
6.398181427,J3,0.220659676,0.000000000,-0.314010223
6.408150972,J1,-1.558229777,-0.000000000,0.000000000
6.408150972,J2,-1.516994669,0.000000000,0.391390715
6.408150972,J3,0.220659676,0.000000000,-0.314010223
6.418134554,J1,-1.558229777,-0.000000000,0.000000000
6.418134554,J2,-1.516994669,0.000000000,0.391390715
6.418134554,J3,0.220659676,0.000000000,-0.314010223
6.428113807,J1,-1.558229777,-0.000000000,0.000000000
6.428113807,J2,-1.516994669,0.000000000,0.391390715
6.428113807,J3,0.220659676,0.000000000,-0.314010223
6.438140972,J1,-1.558229777,-0.000000000,0.000000000
6.438140972,J2,-1.516994669,0.000000000,0.391390715
6.438140972,J3,0.220659676,0.000000000,-0.314010223
6.448142574,J1,-1.558229777,-0.000000000,0.000000000
6.448142574,J2,-1.516994669,0.000000000,0.391390715
6.448142574,J3,0.220659676,0.000000000,-0.314010223
6.458183149,J1,-1.558229777,-0.000000000,0.000000000
6.458183149,J2,-1.516994669,0.000000000,0.391390715
6.458183149,J3,0.220659676,0.000000000,-0.314010223
6.468147525,J1,-1.558229777,-0.000000000,0.000000000
6.468147525,J2,-1.516994669,0.000000000,0.391390715
6.468147525,J3,0.220659676,0.000000000,-0.314010223
6.478173642,J1,-1.558229777,-0.000000000,0.000000000
6.478173642,J2,-1.516994669,0.000000000,0.391390715
6.478173642,J3,0.220659676,0.000000000,-0.314010223
6.488126634,J1,-1.558229777,-0.000000000,0.000000000
6.488126634,J2,-1.516994669,0.000000000,0.391390715
6.488126634,J3,0.220659676,0.000000000,-0.314010223
6.498244455,J1,-1.558229777,-0.000000000,0.000000000
6.498244455,J2,-1.516994669,0.000000000,0.391390715
6.498244455,J3,0.220659676,0.000000000,-0.314010223
6.508142760,J1,-1.558229777,-0.000000000,0.000000000
6.508142760,J2,-1.516994669,0.000000000,0.391390715
6.508142760,J3,0.220659676,0.000000000,-0.314010223
6.518162870,J1,-1.558229777,-0.000000000,0.000000000
6.518162870,J2,-1.516994669,0.000000000,0.391390715
6.518162870,J3,0.220659676,0.000000000,-0.314010223
6.528145685,J1,-1.558229777,-0.000000000,0.000000000
6.528145685,J2,-1.516994669,0.000000000,0.391390715
6.528145685,J3,0.220659676,0.000000000,-0.314010223
6.538157903,J1,-1.558229777,-0.000000000,0.000000000
6.538157903,J2,-1.516994669,0.000000000,0.391390715
6.538157903,J3,0.220659676,0.000000000,-0.314010223
6.548177316,J1,-1.558229777,-0.000000000,0.000000000
6.548177316,J2,-1.516994669,0.000000000,0.391390715
6.548177316,J3,0.220659676,0.000000000,-0.314010223
6.558268597,J1,-1.558229777,-0.000000000,0.000000000
6.558268597,J2,-1.516994669,0.000000000,0.391390715
6.558268597,J3,0.220659676,0.000000000,-0.314010223
6.568131630,J1,-1.558229777,-0.000000000,0.000000000
6.568131630,J2,-1.516994669,0.000000000,0.391390715
6.568131630,J3,0.220659676,0.000000000,-0.314010223
6.578129461,J1,-1.558229777,-0.000000000,0.000000000
6.578129461,J2,-1.516994669,0.000000000,0.391390715
6.578129461,J3,0.220659676,0.000000000,-0.314010223
6.588236317,J1,-1.558229777,-0.000000000,0.000000000
6.588236317,J2,-1.516994669,0.000000000,0.391390715
6.588236317,J3,0.220659676,0.000000000,-0.314010223
6.598284225,J1,-1.558229777,-0.000000000,0.000000000
6.598284225,J2,-1.516994669,0.000000000,0.391390715
6.598284225,J3,0.220659676,0.000000000,-0.314010223
6.608281707,J1,-1.558229777,-0.000000000,0.000000000
6.608281707,J2,-1.516994669,0.000000000,0.391390715
6.608281707,J3,0.220659676,0.000000000,-0.314010223
6.618193142,J1,-1.558229777,-0.000000000,0.000000000
6.618193142,J2,-1.516994669,0.000000000,0.391390715
6.618193142,J3,0.220659676,0.000000000,-0.314010223
6.628169740,J1,-1.558229777,-0.000000000,0.000000000
6.628169740,J2,-1.516994669,0.000000000,0.391390715
6.628169740,J3,0.220659676,0.000000000,-0.314010223
6.638116446,J1,-1.558229777,-0.000000000,0.000000000
6.638116446,J2,-1.516994669,0.000000000,0.391390715
6.638116446,J3,0.220659676,0.000000000,-0.314010223
6.648234756,J1,-1.558229777,-0.000000000,0.000000000
6.648234756,J2,-1.516994669,0.000000000,0.391390715
6.648234756,J3,0.220659676,0.000000000,-0.314010223
6.658217291,J1,-1.558229777,-0.000000000,0.000000000
6.658217291,J2,-1.516994669,0.000000000,0.391390715
6.658217291,J3,0.220659676,0.000000000,-0.314010223
6.668153102,J1,-1.558229777,-0.000000000,0.000000000
6.668153102,J2,-1.516994669,0.000000000,0.391390715
6.668153102,J3,0.220659676,0.000000000,-0.314010223
6.678141154,J1,-1.558229777,-0.000000000,0.000000000
6.678141154,J2,-1.516994669,0.000000000,0.391390715
6.678141154,J3,0.220659676,0.000000000,-0.314010223
6.688084228,J1,-1.558229777,-0.000000000,0.000000000
6.688084228,J2,-1.516994669,0.000000000,0.391390715
6.688084228,J3,0.220659676,0.000000000,-0.314010223
6.698179490,J1,-1.558229777,-0.000000000,0.000000000
6.698179490,J2,-1.516994669,0.000000000,0.391390715
6.698179490,J3,0.220659676,0.000000000,-0.314010223
6.708305483,J1,-1.558229777,-0.000000000,0.000000000
6.708305483,J2,-1.516994669,0.000000000,0.391390715
6.708305483,J3,0.220659676,0.000000000,-0.314010223
6.718195476,J1,-1.558229777,-0.000000000,0.000000000
6.718195476,J2,-1.516994669,0.000000000,0.391390715
6.718195476,J3,0.220659676,0.000000000,-0.314010223
6.728223689,J1,-1.558229777,-0.000000000,0.000000000
6.728223689,J2,-1.516994669,0.000000000,0.391390715
6.728223689,J3,0.220659676,0.000000000,-0.314010223
6.738166064,J1,-1.558229777,-0.000000000,0.000000000
6.738166064,J2,-1.516994669,0.000000000,0.391390715
6.738166064,J3,0.220659676,0.000000000,-0.314010223
6.748242049,J1,-1.558229777,-0.000000000,0.000000000
6.748242049,J2,-1.516994669,0.000000000,0.391390715
6.748242049,J3,0.220659676,0.000000000,-0.314010223
6.758405967,J1,-1.558229777,-0.000000000,0.000000000
6.758405967,J2,-1.516994669,0.000000000,0.391390715
6.758405967,J3,0.220659676,0.000000000,-0.314010223
6.768285065,J1,-1.558229777,-0.000000000,0.000000000
6.768285065,J2,-1.516994669,0.000000000,0.391390715
6.768285065,J3,0.220659676,0.000000000,-0.314010223
6.778284083,J1,-1.558229777,-0.000000000,0.000000000
6.778284083,J2,-1.516994669,0.000000000,0.391390715
6.778284083,J3,0.220659676,0.000000000,-0.314010223
6.788275209,J1,-1.558229777,-0.000000000,0.000000000
6.788275209,J2,-1.516994669,0.000000000,0.391390715
6.788275209,J3,0.220659676,0.000000000,-0.314010223
6.798242099,J1,-1.558229777,-0.000000000,0.000000000
6.798242099,J2,-1.516994669,0.000000000,0.391390715
6.798242099,J3,0.220659676,0.000000000,-0.314010223
6.808297620,J1,-1.558229777,-0.000000000,0.000000000
6.808297620,J2,-1.516994669,0.000000000,0.391390715
6.808297620,J3,0.220659676,0.000000000,-0.314010223
6.818200814,J1,-1.558229777,-0.000000000,0.000000000
6.818200814,J2,-1.516994669,0.000000000,0.391390715
6.818200814,J3,0.220659676,0.000000000,-0.314010223
6.828236779,J1,-1.558229777,-0.000000000,0.000000000
6.828236779,J2,-1.516994669,0.000000000,0.391390715
6.828236779,J3,0.220659676,0.000000000,-0.314010223
6.838227206,J1,-1.558229777,-0.000000000,0.000000000
6.838227206,J2,-1.516994669,0.000000000,0.391390715
6.838227206,J3,0.220659676,0.000000000,-0.314010223
6.848229717,J1,-1.558229777,-0.000000000,0.000000000
6.848229717,J2,-1.516994669,0.000000000,0.391390715
6.848229717,J3,0.220659676,0.000000000,-0.314010223
6.858184734,J1,-1.558229777,-0.000000000,0.000000000
6.858184734,J2,-1.516994669,0.000000000,0.391390715
6.858184734,J3,0.220659676,0.000000000,-0.314010223
6.868201841,J1,-1.558229777,-0.000000000,0.000000000
6.868201841,J2,-1.516994669,0.000000000,0.391390715
6.868201841,J3,0.220659676,0.000000000,-0.314010223
6.878231241,J1,-1.558229777,-0.000000000,0.000000000
6.878231241,J2,-1.516994669,0.000000000,0.391390715
6.878231241,J3,0.220659676,0.000000000,-0.314010223
6.888161464,J1,-1.558229777,-0.000000000,0.000000000
6.888161464,J2,-1.516994669,0.000000000,0.391390715
6.888161464,J3,0.220659676,0.000000000,-0.314010223
6.898176476,J1,-1.558229777,-0.000000000,0.000000000
6.898176476,J2,-1.516994669,0.000000000,0.391390715
6.898176476,J3,0.220659676,0.000000000,-0.314010223
6.908161176,J1,-1.558229777,-0.000000000,0.000000000
6.908161176,J2,-1.516994669,0.000000000,0.391390715
6.908161176,J3,0.220659676,0.000000000,-0.314010223
6.918161871,J1,-1.558229777,-0.000000000,0.000000000
6.918161871,J2,-1.516994669,0.000000000,0.391390715
6.918161871,J3,0.220659676,0.000000000,-0.314010223
6.928230942,J1,-1.558229777,-0.000000000,0.000000000
6.928230942,J2,-1.516994669,0.000000000,0.391390715
6.928230942,J3,0.220659676,0.000000000,-0.314010223
6.938148523,J1,-1.558229777,-0.000000000,0.000000000
6.938148523,J2,-1.516994669,0.000000000,0.391390715
6.938148523,J3,0.220659676,0.000000000,-0.314010223
6.948255239,J1,-1.558229777,-0.000000000,0.000000000
6.948255239,J2,-1.516994669,0.000000000,0.391390715
6.948255239,J3,0.220659676,0.000000000,-0.314010223
6.959528125,J1,-1.558229777,-0.000000000,0.000000000
6.959528125,J2,-1.516994669,0.000000000,0.391390715
6.959528125,J3,0.220659676,0.000000000,-0.314010223
6.969422169,J1,-1.558229777,-0.000000000,0.000000000
6.969422169,J2,-1.516994669,0.000000000,0.391390715
6.969422169,J3,0.220659676,0.000000000,-0.314010223
6.979413854,J1,-1.558229777,-0.000000000,0.000000000
6.979413854,J2,-1.516994669,0.000000000,0.391390715
6.979413854,J3,0.220659676,0.000000000,-0.314010223
6.989360280,J1,-1.558229777,-0.000000000,0.000000000
6.989360280,J2,-1.516994669,0.000000000,0.391390715
6.989360280,J3,0.220659676,0.000000000,-0.314010223
6.999398620,J1,-1.558229777,-0.000000000,0.000000000
6.999398620,J2,-1.516994669,0.000000000,0.391390715
6.999398620,J3,0.220659676,0.000000000,-0.314010223
7.009474326,J1,-1.558229777,-0.000000000,0.000000000
7.009474326,J2,-1.516994669,0.000000000,0.391390715
7.009474326,J3,0.220659676,0.000000000,-0.314010223
7.019391139,J1,-1.558229777,-0.000000000,0.000000000
7.019391139,J2,-1.516994669,0.000000000,0.391390715
7.019391139,J3,0.220659676,0.000000000,-0.314010223
7.029358099,J1,-1.558229777,-0.000000000,0.000000000
7.029358099,J2,-1.516994669,0.000000000,0.391390715
7.029358099,J3,0.220659676,0.000000000,-0.314010223
7.039422770,J1,-1.558229777,-0.000000000,0.000000000
7.039422770,J2,-1.516994669,0.000000000,0.391390715
7.039422770,J3,0.220659676,0.000000000,-0.314010223
7.049379114,J1,-1.558229777,-0.000000000,0.000000000
7.049379114,J2,-1.516994669,0.000000000,0.391390715
7.049379114,J3,0.220659676,0.000000000,-0.314010223
7.059389237,J1,-1.558229777,-0.000000000,0.000000000
7.059389237,J2,-1.516994669,0.000000000,0.391390715
7.059389237,J3,0.220659676,0.000000000,-0.314010223
7.069418427,J1,-1.558229777,-0.000000000,0.000000000
7.069418427,J2,-1.516994669,0.000000000,0.391390715
7.069418427,J3,0.220659676,0.000000000,-0.314010223
7.079405502,J1,-1.558229777,-0.000000000,0.000000000
7.079405502,J2,-1.516994669,0.000000000,0.391390715
7.079405502,J3,0.220659676,0.000000000,-0.314010223
7.089388526,J1,-1.558229777,-0.000000000,0.000000000
7.089388526,J2,-1.516994669,0.000000000,0.391390715
7.089388526,J3,0.220659676,0.000000000,-0.314010223
7.099445305,J1,-1.558229777,-0.000000000,0.000000000
7.099445305,J2,-1.516994669,0.000000000,0.391390715
7.099445305,J3,0.220659676,0.000000000,-0.314010223
7.109418690,J1,-1.558229777,-0.000000000,0.000000000
7.109418690,J2,-1.516994669,0.000000000,0.391390715
7.109418690,J3,0.220659676,0.000000000,-0.314010223
7.119404788,J1,-1.558229777,-0.000000000,0.000000000
7.119404788,J2,-1.516994669,0.000000000,0.391390715
7.119404788,J3,0.220659676,0.000000000,-0.314010223
7.129613894,J1,-1.558229777,-0.000000000,0.000000000
7.129613894,J2,-1.516994669,0.000000000,0.391390715
7.129613894,J3,0.220659676,0.000000000,-0.314010223
7.139433625,J1,-1.558229777,-0.000000000,0.000000000
7.139433625,J2,-1.516994669,0.000000000,0.391390715
7.139433625,J3,0.220659676,0.000000000,-0.314010223
7.149487190,J1,-1.558229777,-0.000000000,0.000000000
7.149487190,J2,-1.516994669,0.000000000,0.391390715
7.149487190,J3,0.220659676,0.000000000,-0.314010223
7.159473567,J1,-1.558229777,-0.000000000,0.000000000
7.159473567,J2,-1.516994669,0.000000000,0.391390715
7.159473567,J3,0.220659676,0.000000000,-0.314010223
7.169415244,J1,-1.558229777,-0.000000000,0.000000000
7.169415244,J2,-1.516994669,0.000000000,0.391390715
7.169415244,J3,0.220659676,0.000000000,-0.314010223
7.179383741,J1,-1.558229777,-0.000000000,0.000000000
7.179383741,J2,-1.516994669,0.000000000,0.391390715
7.179383741,J3,0.220659676,0.000000000,-0.314010223
7.189366276,J1,-1.558229777,-0.000000000,0.000000000
7.189366276,J2,-1.516994669,0.000000000,0.391390715
7.189366276,J3,0.220659676,0.000000000,-0.314010223
7.199421169,J1,-1.558229777,-0.000000000,0.000000000
7.199421169,J2,-1.516994669,0.000000000,0.391390715
7.199421169,J3,0.220659676,0.000000000,-0.314010223
7.209414669,J1,-1.558229777,-0.000000000,0.000000000
7.209414669,J2,-1.516994669,0.000000000,0.391390715
7.209414669,J3,0.220659676,0.000000000,-0.314010223
7.219443580,J1,-1.558229777,-0.000000000,0.000000000
7.219443580,J2,-1.516994669,0.000000000,0.391390715
7.219443580,J3,0.220659676,0.000000000,-0.314010223
7.229616438,J1,-1.558229777,-0.000000000,0.000000000
7.229616438,J2,-1.516994669,0.000000000,0.391390715
7.229616438,J3,0.220659676,0.000000000,-0.314010223
7.239414168,J1,-1.558229777,-0.000000000,0.000000000
7.239414168,J2,-1.516994669,0.000000000,0.391390715
7.239414168,J3,0.220659676,0.000000000,-0.314010223
7.249456000,J1,-1.558229777,-0.000000000,0.000000000
7.249456000,J2,-1.516994669,0.000000000,0.391390715
7.249456000,J3,0.220659676,0.000000000,-0.314010223
7.259514525,J1,-1.558229777,-0.000000000,0.000000000
7.259514525,J2,-1.516994669,0.000000000,0.391390715
7.259514525,J3,0.220659676,0.000000000,-0.314010223
7.269436226,J1,-1.558229777,-0.000000000,0.000000000
7.269436226,J2,-1.516994669,0.000000000,0.391390715
7.269436226,J3,0.220659676,0.000000000,-0.314010223
7.279510745,J1,-1.558229777,-0.000000000,0.000000000
7.279510745,J2,-1.516994669,0.000000000,0.391390715
7.279510745,J3,0.220659676,0.000000000,-0.314010223
7.289397106,J1,-1.558229777,-0.000000000,0.000000000
7.289397106,J2,-1.516994669,0.000000000,0.391390715
7.289397106,J3,0.220659676,0.000000000,-0.314010223
7.299429020,J1,-1.558229777,-0.000000000,0.000000000
7.299429020,J2,-1.516994669,0.000000000,0.391390715
7.299429020,J3,0.220659676,0.000000000,-0.314010223
7.309517508,J1,-1.558229777,-0.000000000,0.000000000
7.309517508,J2,-1.516994669,0.000000000,0.391390715
7.309517508,J3,0.220659676,0.000000000,-0.314010223
7.319445076,J1,-1.558229777,-0.000000000,0.000000000
7.319445076,J2,-1.516994669,0.000000000,0.391390715
7.319445076,J3,0.220659676,0.000000000,-0.314010223
7.329596422,J1,-1.558229777,-0.000000000,0.000000000
7.329596422,J2,-1.516994669,0.000000000,0.391390715
7.329596422,J3,0.220659676,0.000000000,-0.314010223
7.339459665,J1,-1.558229777,-0.000000000,0.000000000
7.339459665,J2,-1.516994669,0.000000000,0.391390715
7.339459665,J3,0.220659676,0.000000000,-0.314010223
7.349403717,J1,-1.558229777,-0.000000000,0.000000000
7.349403717,J2,-1.516994669,0.000000000,0.391390715
7.349403717,J3,0.220659676,0.000000000,-0.314010223
7.359524192,J1,-1.558229777,-0.000000000,0.000000000
7.359524192,J2,-1.516994669,0.000000000,0.391390715
7.359524192,J3,0.220659676,0.000000000,-0.314010223
7.369444008,J1,-1.558229777,-0.000000000,0.000000000
7.369444008,J2,-1.516994669,0.000000000,0.391390715
7.369444008,J3,0.220659676,0.000000000,-0.314010223
7.379442188,J1,-1.558229777,-0.000000000,0.000000000
7.379442188,J2,-1.516994669,0.000000000,0.391390715
7.379442188,J3,0.220659676,0.000000000,-0.314010223
7.389392875,J1,-1.558229777,-0.000000000,0.000000000
7.389392875,J2,-1.516994669,0.000000000,0.391390715
7.389392875,J3,0.220659676,0.000000000,-0.314010223
7.399407608,J1,-1.558229777,-0.000000000,0.000000000
7.399407608,J2,-1.516994669,0.000000000,0.391390715
7.399407608,J3,0.220659676,0.000000000,-0.314010223
7.409406068,J1,-1.558229777,-0.000000000,0.000000000
7.409406068,J2,-1.516994669,0.000000000,0.391390715
7.409406068,J3,0.220659676,0.000000000,-0.314010223
7.419392165,J1,-1.558229777,-0.000000000,0.000000000
7.419392165,J2,-1.516994669,0.000000000,0.391390715
7.419392165,J3,0.220659676,0.000000000,-0.314010223
7.429386085,J1,-1.558229777,-0.000000000,0.000000000
7.429386085,J2,-1.516994669,0.000000000,0.391390715
7.429386085,J3,0.220659676,0.000000000,-0.314010223
7.439401796,J1,-1.558229777,-0.000000000,0.000000000
7.439401796,J2,-1.516994669,0.000000000,0.391390715
7.439401796,J3,0.220659676,0.000000000,-0.314010223
7.449426307,J1,-1.558229777,-0.000000000,0.000000000
7.449426307,J2,-1.516994669,0.000000000,0.391390715
7.449426307,J3,0.220659676,0.000000000,-0.314010223
7.459478196,J1,-1.558229777,-0.000000000,0.000000000
7.459478196,J2,-1.516994669,0.000000000,0.391390715
7.459478196,J3,0.220659676,0.000000000,-0.314010223
7.469435728,J1,-1.558229777,-0.000000000,0.000000000
7.469435728,J2,-1.516994669,0.000000000,0.391390715
7.469435728,J3,0.220659676,0.000000000,-0.314010223
7.479514577,J1,-1.558229777,-0.000000000,0.000000000
7.479514577,J2,-1.516994669,0.000000000,0.391390715
7.479514577,J3,0.220659676,0.000000000,-0.314010223
7.489608791,J1,-1.558229777,-0.000000000,0.000000000
7.489608791,J2,-1.516994669,0.000000000,0.391390715
7.489608791,J3,0.220659676,0.000000000,-0.314010223
7.499427964,J1,-1.558229777,-0.000000000,0.000000000
7.499427964,J2,-1.516994669,0.000000000,0.391390715
7.499427964,J3,0.220659676,0.000000000,-0.314010223
7.509418531,J1,-1.558229777,-0.000000000,0.000000000
7.509418531,J2,-1.516994669,0.000000000,0.391390715
7.509418531,J3,0.220659676,0.000000000,-0.314010223
7.519487183,J1,-1.558229777,-0.000000000,0.000000000
7.519487183,J2,-1.516994669,0.000000000,0.391390715
7.519487183,J3,0.220659676,0.000000000,-0.314010223
7.529489763,J1,-1.558229777,-0.000000000,0.000000000
7.529489763,J2,-1.516994669,0.000000000,0.391390715
7.529489763,J3,0.220659676,0.000000000,-0.314010223
7.539442475,J1,-1.558229777,-0.000000000,0.000000000
7.539442475,J2,-1.516994669,0.000000000,0.391390715
7.539442475,J3,0.220659676,0.000000000,-0.314010223
7.549461259,J1,-1.558229777,-0.000000000,0.000000000
7.549461259,J2,-1.516994669,0.000000000,0.391390715
7.549461259,J3,0.220659676,0.000000000,-0.314010223
7.559442887,J1,-1.558229777,-0.000000000,0.000000000
7.559442887,J2,-1.516994669,0.000000000,0.391390715
7.559442887,J3,0.220659676,0.000000000,-0.314010223
7.569429543,J1,-1.558229777,-0.000000000,0.000000000
7.569429543,J2,-1.516994669,0.000000000,0.391390715
7.569429543,J3,0.220659676,0.000000000,-0.314010223
7.579504550,J1,-1.558229777,-0.000000000,0.000000000
7.579504550,J2,-1.516994669,0.000000000,0.391390715
7.579504550,J3,0.220659676,0.000000000,-0.314010223
7.589468787,J1,-1.558229777,-0.000000000,0.000000000
7.589468787,J2,-1.516994669,0.000000000,0.391390715
7.589468787,J3,0.220659676,0.000000000,-0.314010223
7.599529197,J1,-1.558229777,-0.000000000,0.000000000
7.599529197,J2,-1.516994669,0.000000000,0.391390715
7.599529197,J3,0.220659676,0.000000000,-0.314010223
7.609429876,J1,-1.558229777,-0.000000000,0.000000000
7.609429876,J2,-1.516994669,0.000000000,0.391390715
7.609429876,J3,0.220659676,0.000000000,-0.314010223
7.619453898,J1,-1.558229777,-0.000000000,0.000000000
7.619453898,J2,-1.516994669,0.000000000,0.391390715
7.619453898,J3,0.220659676,0.000000000,-0.314010223
7.629472473,J1,-1.558229777,-0.000000000,0.000000000
7.629472473,J2,-1.516994669,0.000000000,0.391390715
7.629472473,J3,0.220659676,0.000000000,-0.314010223
7.639448094,J1,-1.558229777,-0.000000000,0.000000000
7.639448094,J2,-1.516994669,0.000000000,0.391390715
7.639448094,J3,0.220659676,0.000000000,-0.314010223
7.649463316,J1,-1.558229777,-0.000000000,0.000000000
7.649463316,J2,-1.516994669,0.000000000,0.391390715
7.649463316,J3,0.220659676,0.000000000,-0.314010223
7.659418752,J1,-1.558229777,-0.000000000,0.000000000
7.659418752,J2,-1.516994669,0.000000000,0.391390715
7.659418752,J3,0.220659676,0.000000000,-0.314010223
7.669491175,J1,-1.558229777,-0.000000000,0.000000000
7.669491175,J2,-1.516994669,0.000000000,0.391390715
7.669491175,J3,0.220659676,0.000000000,-0.314010223
7.679437113,J1,-1.558229777,-0.000000000,0.000000000
7.679437113,J2,-1.516994669,0.000000000,0.391390715
7.679437113,J3,0.220659676,0.000000000,-0.314010223
7.689497593,J1,-1.558229777,-0.000000000,0.000000000
7.689497593,J2,-1.516994669,0.000000000,0.391390715
7.689497593,J3,0.220659676,0.000000000,-0.314010223
7.699466369,J1,-1.558229777,-0.000000000,0.000000000
7.699466369,J2,-1.516994669,0.000000000,0.391390715
7.699466369,J3,0.220659676,0.000000000,-0.314010223
7.709361251,J1,-1.558229777,-0.000000000,0.000000000
7.709361251,J2,-1.516994669,0.000000000,0.391390715
7.709361251,J3,0.220659676,0.000000000,-0.314010223
7.719471320,J1,-1.558229777,-0.000000000,0.000000000
7.719471320,J2,-1.516994669,0.000000000,0.391390715
7.719471320,J3,0.220659676,0.000000000,-0.314010223
7.729419702,J1,-1.558229777,-0.000000000,0.000000000
7.729419702,J2,-1.516994669,0.000000000,0.391390715
7.729419702,J3,0.220659676,0.000000000,-0.314010223
7.739367596,J1,-1.558229777,-0.000000000,0.000000000
7.739367596,J2,-1.516994669,0.000000000,0.391390715
7.739367596,J3,0.220659676,0.000000000,-0.314010223
7.749419834,J1,-1.558229777,-0.000000000,0.000000000
7.749419834,J2,-1.516994669,0.000000000,0.391390715
7.749419834,J3,0.220659676,0.000000000,-0.314010223
7.759371080,J1,-1.558229777,-0.000000000,0.000000000
7.759371080,J2,-1.516994669,0.000000000,0.391390715
7.759371080,J3,0.220659676,0.000000000,-0.314010223
7.769447065,J1,-1.558229777,-0.000000000,0.000000000
7.769447065,J2,-1.516994669,0.000000000,0.391390715
7.769447065,J3,0.220659676,0.000000000,-0.314010223
7.779458376,J1,-1.558229777,-0.000000000,0.000000000
7.779458376,J2,-1.516994669,0.000000000,0.391390715
7.779458376,J3,0.220659676,0.000000000,-0.314010223
7.789412555,J1,-1.558229777,-0.000000000,0.000000000
7.789412555,J2,-1.516994669,0.000000000,0.391390715
7.789412555,J3,0.220659676,0.000000000,-0.314010223
7.799388804,J1,-1.558229777,-0.000000000,0.000000000
7.799388804,J2,-1.516994669,0.000000000,0.391390715
7.799388804,J3,0.220659676,0.000000000,-0.314010223
7.809377556,J1,-1.558229777,-0.000000000,0.000000000
7.809377556,J2,-1.516994669,0.000000000,0.391390715
7.809377556,J3,0.220659676,0.000000000,-0.314010223
7.819415197,J1,-1.558229777,-0.000000000,0.000000000
7.819415197,J2,-1.516994669,0.000000000,0.391390715
7.819415197,J3,0.220659676,0.000000000,-0.314010223
7.829446972,J1,-1.558229777,-0.000000000,0.000000000
7.829446972,J2,-1.516994669,0.000000000,0.391390715
7.829446972,J3,0.220659676,0.000000000,-0.314010223
7.839340527,J1,-1.558229777,-0.000000000,0.000000000
7.839340527,J2,-1.516994669,0.000000000,0.391390715
7.839340527,J3,0.220659676,0.000000000,-0.314010223
7.849423287,J1,-1.558229777,-0.000000000,0.000000000
7.849423287,J2,-1.516994669,0.000000000,0.391390715
7.849423287,J3,0.220659676,0.000000000,-0.314010223
7.859441373,J1,-1.558229777,-0.000000000,0.000000000
7.859441373,J2,-1.516994669,0.000000000,0.391390715
7.859441373,J3,0.220659676,0.000000000,-0.314010223
7.869418111,J1,-1.558229777,-0.000000000,0.000000000
7.869418111,J2,-1.516994669,0.000000000,0.391390715
7.869418111,J3,0.220659676,0.000000000,-0.314010223
7.879373268,J1,-1.558229777,-0.000000000,0.000000000
7.879373268,J2,-1.516994669,0.000000000,0.391390715
7.879373268,J3,0.220659676,0.000000000,-0.314010223
7.889383112,J1,-1.558229777,-0.000000000,0.000000000
7.889383112,J2,-1.516994669,0.000000000,0.391390715
7.889383112,J3,0.220659676,0.000000000,-0.314010223
7.899418519,J1,-1.558229777,-0.000000000,0.000000000
7.899418519,J2,-1.516994669,0.000000000,0.391390715
7.899418519,J3,0.220659676,0.000000000,-0.314010223
7.909372279,J1,-1.558229777,-0.000000000,0.000000000
7.909372279,J2,-1.516994669,0.000000000,0.391390715
7.909372279,J3,0.220659676,0.000000000,-0.314010223
7.919428219,J1,-1.558229777,-0.000000000,0.000000000
7.919428219,J2,-1.516994669,0.000000000,0.391390715
7.919428219,J3,0.220659676,0.000000000,-0.314010223
7.929633554,J1,-1.558229777,-0.000000000,0.000000000
7.929633554,J2,-1.516994669,0.000000000,0.391390715
7.929633554,J3,0.220659676,0.000000000,-0.314010223
7.939481362,J1,-1.558229777,-0.000000000,0.000000000
7.939481362,J2,-1.516994669,0.000000000,0.391390715
7.939481362,J3,0.220659676,0.000000000,-0.314010223
7.949441687,J1,-1.558229777,-0.000000000,0.000000000
7.949441687,J2,-1.516994669,0.000000000,0.391390715
7.949441687,J3,0.220659676,0.000000000,-0.314010223
7.959374704,J1,-1.558229777,-0.000000000,0.000000000
7.959374704,J2,-1.516994669,0.000000000,0.391390715
7.959374704,J3,0.220659676,0.000000000,-0.314010223
7.969428479,J1,-1.558229777,-0.000000000,0.000000000
7.969428479,J2,-1.516994669,0.000000000,0.391390715
7.969428479,J3,0.220659676,0.000000000,-0.314010223
7.979414786,J1,-1.558229777,-0.000000000,0.000000000
7.979414786,J2,-1.516994669,0.000000000,0.391390715
7.979414786,J3,0.220659676,0.000000000,-0.314010223
7.989379860,J1,-1.558229777,-0.000000000,0.000000000
7.989379860,J2,-1.516994669,0.000000000,0.391390715
7.989379860,J3,0.220659676,0.000000000,-0.314010223
7.999444531,J1,-1.558229777,-0.000000000,0.000000000
7.999444531,J2,-1.516994669,0.000000000,0.391390715
7.999444531,J3,0.220659676,0.000000000,-0.314010223
8.009375313,J1,-1.558229777,-0.000000000,0.000000000
8.009375313,J2,-1.516994669,0.000000000,0.391390715
8.009375313,J3,0.220659676,0.000000000,-0.314010223
8.019461705,J1,-1.558229777,-0.000000000,0.000000000
8.019461705,J2,-1.516994669,0.000000000,0.391390715
8.019461705,J3,0.220659676,0.000000000,-0.314010223
8.029407852,J1,-1.558229777,-0.000000000,0.000000000
8.029407852,J2,-1.516994669,0.000000000,0.391390715
8.029407852,J3,0.220659676,0.000000000,-0.314010223
8.039454294,J1,-1.558229777,-0.000000000,0.000000000
8.039454294,J2,-1.516994669,0.000000000,0.391390715
8.039454294,J3,0.220659676,0.000000000,-0.314010223
8.049474265,J1,-1.558229777,-0.000000000,0.000000000
8.049474265,J2,-1.516994669,0.000000000,0.391390715
8.049474265,J3,0.220659676,0.000000000,-0.314010223
8.059413218,J1,-1.558229777,-0.000000000,0.000000000
8.059413218,J2,-1.516994669,0.000000000,0.391390715
8.059413218,J3,0.220659676,0.000000000,-0.314010223
8.069434726,J1,-1.558229777,-0.000000000,0.000000000
8.069434726,J2,-1.516994669,0.000000000,0.391390715
8.069434726,J3,0.220659676,0.000000000,-0.314010223
8.079448132,J1,-1.558229777,-0.000000000,0.000000000
8.079448132,J2,-1.516994669,0.000000000,0.391390715
8.079448132,J3,0.220659676,0.000000000,-0.314010223
8.089387644,J1,-1.558229777,-0.000000000,0.000000000
8.089387644,J2,-1.516994669,0.000000000,0.391390715
8.089387644,J3,0.220659676,0.000000000,-0.314010223
8.099362357,J1,-1.558229777,-0.000000000,0.000000000
8.099362357,J2,-1.516994669,0.000000000,0.391390715
8.099362357,J3,0.220659676,0.000000000,-0.314010223
8.109333927,J1,-1.558229777,-0.000000000,0.000000000
8.109333927,J2,-1.516994669,0.000000000,0.391390715
8.109333927,J3,0.220659676,0.000000000,-0.314010223
8.119381556,J1,-1.558229777,-0.000000000,0.000000000
8.119381556,J2,-1.516994669,0.000000000,0.391390715
8.119381556,J3,0.220659676,0.000000000,-0.314010223
8.129354942,J1,-1.558229777,-0.000000000,0.000000000
8.129354942,J2,-1.516994669,0.000000000,0.391390715
8.129354942,J3,0.220659676,0.000000000,-0.314010223
8.139390209,J1,-1.558229777,-0.000000000,0.000000000
8.139390209,J2,-1.516994669,0.000000000,0.391390715
8.139390209,J3,0.220659676,0.000000000,-0.314010223
8.149408015,J1,-1.558229777,-0.000000000,0.000000000
8.149408015,J2,-1.516994669,0.000000000,0.391390715
8.149408015,J3,0.220659676,0.000000000,-0.314010223
8.159458577,J1,-1.558229777,-0.000000000,0.000000000
8.159458577,J2,-1.516994669,0.000000000,0.391390715
8.159458577,J3,0.220659676,0.000000000,-0.314010223
8.169426865,J1,-1.558229777,-0.000000000,0.000000000
8.169426865,J2,-1.516994669,0.000000000,0.391390715
8.169426865,J3,0.220659676,0.000000000,-0.314010223
8.179369450,J1,-1.558229777,-0.000000000,0.000000000
8.179369450,J2,-1.516994669,0.000000000,0.391390715
8.179369450,J3,0.220659676,0.000000000,-0.314010223
8.189392564,J1,-1.558229777,-0.000000000,0.000000000
8.189392564,J2,-1.516994669,0.000000000,0.391390715
8.189392564,J3,0.220659676,0.000000000,-0.314010223
8.199398497,J1,-1.558229777,-0.000000000,0.000000000
8.199398497,J2,-1.516994669,0.000000000,0.391390715
8.199398497,J3,0.220659676,0.000000000,-0.314010223
8.209380892,J1,-1.558229777,-0.000000000,0.000000000
8.209380892,J2,-1.516994669,0.000000000,0.391390715
8.209380892,J3,0.220659676,0.000000000,-0.314010223
8.219416578,J1,-1.558229777,-0.000000000,0.000000000
8.219416578,J2,-1.516994669,0.000000000,0.391390715
8.219416578,J3,0.220659676,0.000000000,-0.314010223
8.229354344,J1,-1.558229777,-0.000000000,0.000000000
8.229354344,J2,-1.516994669,0.000000000,0.391390715
8.229354344,J3,0.220659676,0.000000000,-0.314010223
8.239366982,J1,-1.558229777,-0.000000000,0.000000000
8.239366982,J2,-1.516994669,0.000000000,0.391390715
8.239366982,J3,0.220659676,0.000000000,-0.314010223
8.249353568,J1,-1.558229777,-0.000000000,0.000000000
8.249353568,J2,-1.516994669,0.000000000,0.391390715
8.249353568,J3,0.220659676,0.000000000,-0.314010223
8.259399591,J1,-1.558229777,-0.000000000,0.000000000
8.259399591,J2,-1.516994669,0.000000000,0.391390715
8.259399591,J3,0.220659676,0.000000000,-0.314010223
8.269382825,J1,-1.558229777,-0.000000000,0.000000000
8.269382825,J2,-1.516994669,0.000000000,0.391390715
8.269382825,J3,0.220659676,0.000000000,-0.314010223
8.279400421,J1,-1.558229777,-0.000000000,0.000000000
8.279400421,J2,-1.516994669,0.000000000,0.391390715
8.279400421,J3,0.220659676,0.000000000,-0.314010223
8.289351876,J1,-1.558229777,-0.000000000,0.000000000
8.289351876,J2,-1.516994669,0.000000000,0.391390715
8.289351876,J3,0.220659676,0.000000000,-0.314010223
8.299357390,J1,-1.558229777,-0.000000000,0.000000000
8.299357390,J2,-1.516994669,0.000000000,0.391390715
8.299357390,J3,0.220659676,0.000000000,-0.314010223
8.309390631,J1,-1.558229777,-0.000000000,0.000000000
8.309390631,J2,-1.516994669,0.000000000,0.391390715
8.309390631,J3,0.220659676,0.000000000,-0.314010223
8.319406552,J1,-1.558229777,-0.000000000,0.000000000
8.319406552,J2,-1.516994669,0.000000000,0.391390715
8.319406552,J3,0.220659676,0.000000000,-0.314010223
8.329404243,J1,-1.558229777,-0.000000000,0.000000000
8.329404243,J2,-1.516994669,0.000000000,0.391390715
8.329404243,J3,0.220659676,0.000000000,-0.314010223
8.339399071,J1,-1.558229777,-0.000000000,0.000000000
8.339399071,J2,-1.516994669,0.000000000,0.391390715
8.339399071,J3,0.220659676,0.000000000,-0.314010223
8.349354926,J1,-1.558229777,-0.000000000,0.000000000
8.349354926,J2,-1.516994669,0.000000000,0.391390715
8.349354926,J3,0.220659676,0.000000000,-0.314010223
8.359365887,J1,-1.558229777,-0.000000000,0.000000000
8.359365887,J2,-1.516994669,0.000000000,0.391390715
8.359365887,J3,0.220659676,0.000000000,-0.314010223
8.369405415,J1,-1.558229777,-0.000000000,0.000000000
8.369405415,J2,-1.516994669,0.000000000,0.391390715
8.369405415,J3,0.220659676,0.000000000,-0.314010223
8.379396611,J1,-1.558229777,-0.000000000,0.000000000
8.379396611,J2,-1.516994669,0.000000000,0.391390715
8.379396611,J3,0.220659676,0.000000000,-0.314010223
8.389374536,J1,-1.558229777,-0.000000000,0.000000000
8.389374536,J2,-1.516994669,0.000000000,0.391390715
8.389374536,J3,0.220659676,0.000000000,-0.314010223
8.399370552,J1,-1.558229777,-0.000000000,0.000000000
8.399370552,J2,-1.516994669,0.000000000,0.391390715
8.399370552,J3,0.220659676,0.000000000,-0.314010223
8.409380326,J1,-1.558229777,-0.000000000,0.000000000
8.409380326,J2,-1.516994669,0.000000000,0.391390715
8.409380326,J3,0.220659676,0.000000000,-0.314010223
8.419390380,J1,-1.558229777,-0.000000000,0.000000000
8.419390380,J2,-1.516994669,0.000000000,0.391390715
8.419390380,J3,0.220659676,0.000000000,-0.314010223
8.429473489,J1,-1.558229777,-0.000000000,0.000000000
8.429473489,J2,-1.516994669,0.000000000,0.391390715
8.429473489,J3,0.220659676,0.000000000,-0.314010223
8.439382061,J1,-1.558229777,-0.000000000,0.000000000
8.439382061,J2,-1.516994669,0.000000000,0.391390715
8.439382061,J3,0.220659676,0.000000000,-0.314010223
8.449395746,J1,-1.558229777,-0.000000000,0.000000000
8.449395746,J2,-1.516994669,0.000000000,0.391390715
8.449395746,J3,0.220659676,0.000000000,-0.314010223
8.459439953,J1,-1.558229777,-0.000000000,0.000000000
8.459439953,J2,-1.516994669,0.000000000,0.391390715
8.459439953,J3,0.220659676,0.000000000,-0.314010223
8.469444070,J1,-1.558229777,-0.000000000,0.000000000
8.469444070,J2,-1.516994669,0.000000000,0.391390715
8.469444070,J3,0.220659676,0.000000000,-0.314010223
8.479504481,J1,-1.558229777,-0.000000000,0.000000000
8.479504481,J2,-1.516994669,0.000000000,0.391390715
8.479504481,J3,0.220659676,0.000000000,-0.314010223
8.489494769,J1,-1.558229777,-0.000000000,0.000000000
8.489494769,J2,-1.516994669,0.000000000,0.391390715
8.489494769,J3,0.220659676,0.000000000,-0.314010223
8.499622229,J1,-1.558229777,-0.000000000,0.000000000
8.499622229,J2,-1.516994669,0.000000000,0.391390715
8.499622229,J3,0.220659676,0.000000000,-0.314010223
8.509412975,J1,-1.558229777,-0.000000000,0.000000000
8.509412975,J2,-1.516994669,0.000000000,0.391390715
8.509412975,J3,0.220659676,0.000000000,-0.314010223
8.519428616,J1,-1.558229777,-0.000000000,0.000000000
8.519428616,J2,-1.516994669,0.000000000,0.391390715
8.519428616,J3,0.220659676,0.000000000,-0.314010223
8.529476036,J1,-1.558229777,-0.000000000,0.000000000
8.529476036,J2,-1.516994669,0.000000000,0.391390715
8.529476036,J3,0.220659676,0.000000000,-0.314010223
8.539445580,J1,-1.558229777,-0.000000000,0.000000000
8.539445580,J2,-1.516994669,0.000000000,0.391390715
8.539445580,J3,0.220659676,0.000000000,-0.314010223
8.549467298,J1,-1.558229777,-0.000000000,0.000000000
8.549467298,J2,-1.516994669,0.000000000,0.391390715
8.549467298,J3,0.220659676,0.000000000,-0.314010223
8.559466875,J1,-1.558229777,-0.000000000,0.000000000
8.559466875,J2,-1.516994669,0.000000000,0.391390715
8.559466875,J3,0.220659676,0.000000000,-0.314010223
8.569433486,J1,-1.558229777,-0.000000000,0.000000000
8.569433486,J2,-1.516994669,0.000000000,0.391390715
8.569433486,J3,0.220659676,0.000000000,-0.314010223
8.579475109,J1,-1.558229777,-0.000000000,0.000000000
8.579475109,J2,-1.516994669,0.000000000,0.391390715
8.579475109,J3,0.220659676,0.000000000,-0.314010223
8.589399256,J1,-1.558229777,-0.000000000,0.000000000
8.589399256,J2,-1.516994669,0.000000000,0.391390715
8.589399256,J3,0.220659676,0.000000000,-0.314010223
8.599497731,J1,-1.558229777,-0.000000000,0.000000000
8.599497731,J2,-1.516994669,0.000000000,0.391390715
8.599497731,J3,0.220659676,0.000000000,-0.314010223
8.609531601,J1,-1.558229777,-0.000000000,0.000000000
8.609531601,J2,-1.516994669,0.000000000,0.391390715
8.609531601,J3,0.220659676,0.000000000,-0.314010223
8.619583840,J1,-1.558229777,-0.000000000,0.000000000
8.619583840,J2,-1.516994669,0.000000000,0.391390715
8.619583840,J3,0.220659676,0.000000000,-0.314010223
8.629576992,J1,-1.558229777,-0.000000000,0.000000000
8.629576992,J2,-1.516994669,0.000000000,0.391390715
8.629576992,J3,0.220659676,0.000000000,-0.314010223
8.639582436,J1,-1.558229777,-0.000000000,0.000000000
8.639582436,J2,-1.516994669,0.000000000,0.391390715
8.639582436,J3,0.220659676,0.000000000,-0.314010223
8.649695508,J1,-1.558229777,-0.000000000,0.000000000
8.649695508,J2,-1.516994669,0.000000000,0.391390715
8.649695508,J3,0.220659676,0.000000000,-0.314010223
8.659522503,J1,-1.558229777,-0.000000000,0.000000000
8.659522503,J2,-1.516994669,0.000000000,0.391390715
8.659522503,J3,0.220659676,0.000000000,-0.314010223
8.669495609,J1,-1.558229777,-0.000000000,0.000000000
8.669495609,J2,-1.516994669,0.000000000,0.391390715
8.669495609,J3,0.220659676,0.000000000,-0.314010223
8.679661972,J1,-1.558229777,-0.000000000,0.000000000
8.679661972,J2,-1.516994669,0.000000000,0.391390715
8.679661972,J3,0.220659676,0.000000000,-0.314010223
8.689481982,J1,-1.558229777,-0.000000000,0.000000000
8.689481982,J2,-1.516994669,0.000000000,0.391390715
8.689481982,J3,0.220659676,0.000000000,-0.314010223
8.699804654,J1,-1.558229777,-0.000000000,0.000000000
8.699804654,J2,-1.516994669,0.000000000,0.391390715
8.699804654,J3,0.220659676,0.000000000,-0.314010223
8.709382379,J1,-1.558229777,-0.000000000,0.000000000
8.709382379,J2,-1.516994669,0.000000000,0.391390715
8.709382379,J3,0.220659676,0.000000000,-0.314010223
8.719452428,J1,-1.558229777,-0.000000000,0.000000000
8.719452428,J2,-1.516994669,0.000000000,0.391390715
8.719452428,J3,0.220659676,0.000000000,-0.314010223
8.729487764,J1,-1.558229777,-0.000000000,0.000000000
8.729487764,J2,-1.516994669,0.000000000,0.391390715
8.729487764,J3,0.220659676,0.000000000,-0.314010223
8.739421060,J1,-1.558229777,-0.000000000,0.000000000
8.739421060,J2,-1.516994669,0.000000000,0.391390715
8.739421060,J3,0.220659676,0.000000000,-0.314010223
8.749482309,J1,-1.558229777,-0.000000000,0.000000000
8.749482309,J2,-1.516994669,0.000000000,0.391390715
8.749482309,J3,0.220659676,0.000000000,-0.314010223
8.759455555,J1,-1.558229777,-0.000000000,0.000000000
8.759455555,J2,-1.516994669,0.000000000,0.391390715
8.759455555,J3,0.220659676,0.000000000,-0.314010223
8.769425240,J1,-1.558229777,-0.000000000,0.000000000
8.769425240,J2,-1.516994669,0.000000000,0.391390715
8.769425240,J3,0.220659676,0.000000000,-0.314010223
8.779565411,J1,-1.558229777,-0.000000000,0.000000000
8.779565411,J2,-1.516994669,0.000000000,0.391390715
8.779565411,J3,0.220659676,0.000000000,-0.314010223
8.789516028,J1,-1.558229777,-0.000000000,0.000000000
8.789516028,J2,-1.516994669,0.000000000,0.391390715
8.789516028,J3,0.220659676,0.000000000,-0.314010223
8.799428651,J1,-1.558229777,-0.000000000,0.000000000
8.799428651,J2,-1.516994669,0.000000000,0.391390715
8.799428651,J3,0.220659676,0.000000000,-0.314010223
8.809371446,J1,-1.558229777,-0.000000000,0.000000000
8.809371446,J2,-1.516994669,0.000000000,0.391390715
8.809371446,J3,0.220659676,0.000000000,-0.314010223
8.819460282,J1,-1.558229777,-0.000000000,0.000000000
8.819460282,J2,-1.516994669,0.000000000,0.391390715
8.819460282,J3,0.220659676,0.000000000,-0.314010223
8.829363057,J1,-1.558229777,-0.000000000,0.000000000
8.829363057,J2,-1.516994669,0.000000000,0.391390715
8.829363057,J3,0.220659676,0.000000000,-0.314010223
8.839417810,J1,-1.558229777,-0.000000000,0.000000000
8.839417810,J2,-1.516994669,0.000000000,0.391390715
8.839417810,J3,0.220659676,0.000000000,-0.314010223
8.849392872,J1,-1.558229777,-0.000000000,0.000000000
8.849392872,J2,-1.516994669,0.000000000,0.391390715
8.849392872,J3,0.220659676,0.000000000,-0.314010223
8.859379668,J1,-1.558229777,-0.000000000,0.000000000
8.859379668,J2,-1.516994669,0.000000000,0.391390715
8.859379668,J3,0.220659676,0.000000000,-0.314010223
8.869413678,J1,-1.558229777,-0.000000000,0.000000000
8.869413678,J2,-1.516994669,0.000000000,0.391390715
8.869413678,J3,0.220659676,0.000000000,-0.314010223
8.879467733,J1,-1.558229777,-0.000000000,0.000000000
8.879467733,J2,-1.516994669,0.000000000,0.391390715
8.879467733,J3,0.220659676,0.000000000,-0.314010223
8.889396559,J1,-1.558229777,-0.000000000,0.000000000
8.889396559,J2,-1.516994669,0.000000000,0.391390715
8.889396559,J3,0.220659676,0.000000000,-0.314010223
8.899434480,J1,-1.558229777,-0.000000000,0.000000000
8.899434480,J2,-1.516994669,0.000000000,0.391390715
8.899434480,J3,0.220659676,0.000000000,-0.314010223
8.909382932,J1,-1.558229777,-0.000000000,0.000000000
8.909382932,J2,-1.516994669,0.000000000,0.391390715
8.909382932,J3,0.220659676,0.000000000,-0.314010223
8.919384465,J1,-1.558229777,-0.000000000,0.000000000
8.919384465,J2,-1.516994669,0.000000000,0.391390715
8.919384465,J3,0.220659676,0.000000000,-0.314010223
8.929381807,J1,-1.558229777,-0.000000000,0.000000000
8.929381807,J2,-1.516994669,0.000000000,0.391390715
8.929381807,J3,0.220659676,0.000000000,-0.314010223
8.939390255,J1,-1.558229777,-0.000000000,0.000000000
8.939390255,J2,-1.516994669,0.000000000,0.391390715
8.939390255,J3,0.220659676,0.000000000,-0.314010223
8.949490546,J1,-1.558229777,-0.000000000,0.000000000
8.949490546,J2,-1.516994669,0.000000000,0.391390715
8.949490546,J3,0.220659676,0.000000000,-0.314010223
8.959387523,J1,-1.558229777,-0.000000000,0.000000000
8.959387523,J2,-1.516994669,0.000000000,0.391390715
8.959387523,J3,0.220659676,0.000000000,-0.314010223
8.969395132,J1,-1.558229777,-0.000000000,0.000000000
8.969395132,J2,-1.516994669,0.000000000,0.391390715
8.969395132,J3,0.220659676,0.000000000,-0.314010223
8.979359998,J1,-1.558229777,-0.000000000,0.000000000
8.979359998,J2,-1.516994669,0.000000000,0.391390715
8.979359998,J3,0.220659676,0.000000000,-0.314010223
8.989377105,J1,-1.558229777,-0.000000000,0.000000000
8.989377105,J2,-1.516994669,0.000000000,0.391390715
8.989377105,J3,0.220659676,0.000000000,-0.314010223
8.999375495,J1,-1.558229777,-0.000000000,0.000000000
8.999375495,J2,-1.516994669,0.000000000,0.391390715
8.999375495,J3,0.220659676,0.000000000,-0.314010223
9.009370393,J1,-1.558229777,-0.000000000,0.000000000
9.009370393,J2,-1.516994669,0.000000000,0.391390715
9.009370393,J3,0.220659676,0.000000000,-0.314010223
9.019421864,J1,-1.558229777,-0.000000000,0.000000000
9.019421864,J2,-1.516994669,0.000000000,0.391390715
9.019421864,J3,0.220659676,0.000000000,-0.314010223
9.029439181,J1,-1.558229777,-0.000000000,0.000000000
9.029439181,J2,-1.516994669,0.000000000,0.391390715
9.029439181,J3,0.220659676,0.000000000,-0.314010223
9.039423043,J1,-1.558229777,-0.000000000,0.000000000
9.039423043,J2,-1.516994669,0.000000000,0.391390715
9.039423043,J3,0.220659676,0.000000000,-0.314010223
9.049465155,J1,-1.558229777,-0.000000000,0.000000000
9.049465155,J2,-1.516994669,0.000000000,0.391390715
9.049465155,J3,0.220659676,0.000000000,-0.314010223
9.059353123,J1,-1.558229777,-0.000000000,0.000000000
9.059353123,J2,-1.516994669,0.000000000,0.391390715
9.059353123,J3,0.220659676,0.000000000,-0.314010223
9.069478278,J1,-1.558229777,-0.000000000,0.000000000
9.069478278,J2,-1.516994669,0.000000000,0.391390715
9.069478278,J3,0.220659676,0.000000000,-0.314010223
9.079438673,J1,-1.558229777,-0.000000000,0.000000000
9.079438673,J2,-1.516994669,0.000000000,0.391390715
9.079438673,J3,0.220659676,0.000000000,-0.314010223
9.089429869,J1,-1.558229777,-0.000000000,0.000000000
9.089429869,J2,-1.516994669,0.000000000,0.391390715
9.089429869,J3,0.220659676,0.000000000,-0.314010223
9.099428259,J1,-1.558229777,-0.000000000,0.000000000
9.099428259,J2,-1.516994669,0.000000000,0.391390715
9.099428259,J3,0.220659676,0.000000000,-0.314010223
9.109469044,J1,-1.558229777,-0.000000000,0.000000000
9.109469044,J2,-1.516994669,0.000000000,0.391390715
9.109469044,J3,0.220659676,0.000000000,-0.314010223
9.119462475,J1,-1.558229777,-0.000000000,0.000000000
9.119462475,J2,-1.516994669,0.000000000,0.391390715
9.119462475,J3,0.220659676,0.000000000,-0.314010223
9.129391441,J1,-1.558229777,-0.000000000,0.000000000
9.129391441,J2,-1.516994669,0.000000000,0.391390715
9.129391441,J3,0.220659676,0.000000000,-0.314010223
9.139475737,J1,-1.558229777,-0.000000000,0.000000000
9.139475737,J2,-1.516994669,0.000000000,0.391390715
9.139475737,J3,0.220659676,0.000000000,-0.314010223
9.149461136,J1,-1.558229777,-0.000000000,0.000000000
9.149461136,J2,-1.516994669,0.000000000,0.391390715
9.149461136,J3,0.220659676,0.000000000,-0.314010223
9.159434872,J1,-1.558229777,-0.000000000,0.000000000
9.159434872,J2,-1.516994669,0.000000000,0.391390715
9.159434872,J3,0.220659676,0.000000000,-0.314010223
9.169406372,J1,-1.558229777,-0.000000000,0.000000000
9.169406372,J2,-1.516994669,0.000000000,0.391390715
9.169406372,J3,0.220659676,0.000000000,-0.314010223
9.179340087,J1,-1.558229777,-0.000000000,0.000000000
9.179340087,J2,-1.516994669,0.000000000,0.391390715
9.179340087,J3,0.220659676,0.000000000,-0.314010223
9.189410974,J1,-1.558229777,-0.000000000,0.000000000
9.189410974,J2,-1.516994669,0.000000000,0.391390715
9.189410974,J3,0.220659676,0.000000000,-0.314010223
9.199435555,J1,-1.558229777,-0.000000000,0.000000000
9.199435555,J2,-1.516994669,0.000000000,0.391390715
9.199435555,J3,0.220659676,0.000000000,-0.314010223
9.209397836,J1,-1.558229777,-0.000000000,0.000000000
9.209397836,J2,-1.516994669,0.000000000,0.391390715
9.209397836,J3,0.220659676,0.000000000,-0.314010223
9.219414665,J1,-1.558229777,-0.000000000,0.000000000
9.219414665,J2,-1.516994669,0.000000000,0.391390715
9.219414665,J3,0.220659676,0.000000000,-0.314010223
9.229397479,J1,-1.558229777,-0.000000000,0.000000000
9.229397479,J2,-1.516994669,0.000000000,0.391390715
9.229397479,J3,0.220659676,0.000000000,-0.314010223
9.239436728,J1,-1.558229777,-0.000000000,0.000000000
9.239436728,J2,-1.516994669,0.000000000,0.391390715
9.239436728,J3,0.220659676,0.000000000,-0.314010223
9.249419053,J1,-1.558229777,-0.000000000,0.000000000
9.249419053,J2,-1.516994669,0.000000000,0.391390715
9.249419053,J3,0.220659676,0.000000000,-0.314010223
9.259397538,J1,-1.558229777,-0.000000000,0.000000000
9.259397538,J2,-1.516994669,0.000000000,0.391390715
9.259397538,J3,0.220659676,0.000000000,-0.314010223
9.269407103,J1,-1.558229777,-0.000000000,0.000000000
9.269407103,J2,-1.516994669,0.000000000,0.391390715
9.269407103,J3,0.220659676,0.000000000,-0.314010223
9.279416947,J1,-1.558229777,-0.000000000,0.000000000
9.279416947,J2,-1.516994669,0.000000000,0.391390715
9.279416947,J3,0.220659676,0.000000000,-0.314010223
9.289446417,J1,-1.558229777,-0.000000000,0.000000000
9.289446417,J2,-1.516994669,0.000000000,0.391390715
9.289446417,J3,0.220659676,0.000000000,-0.314010223
9.299475817,J1,-1.558229777,-0.000000000,0.000000000
9.299475817,J2,-1.516994669,0.000000000,0.391390715
9.299475817,J3,0.220659676,0.000000000,-0.314010223
9.309451298,J1,-1.558229777,-0.000000000,0.000000000
9.309451298,J2,-1.516994669,0.000000000,0.391390715
9.309451298,J3,0.220659676,0.000000000,-0.314010223
9.319449130,J1,-1.558229777,-0.000000000,0.000000000
9.319449130,J2,-1.516994669,0.000000000,0.391390715
9.319449130,J3,0.220659676,0.000000000,-0.314010223
9.329427265,J1,-1.558229777,-0.000000000,0.000000000
9.329427265,J2,-1.516994669,0.000000000,0.391390715
9.329427265,J3,0.220659676,0.000000000,-0.314010223
9.339448843,J1,-1.558229777,-0.000000000,0.000000000
9.339448843,J2,-1.516994669,0.000000000,0.391390715
9.339448843,J3,0.220659676,0.000000000,-0.314010223
9.349608011,J1,-1.558229777,-0.000000000,0.000000000
9.349608011,J2,-1.516994669,0.000000000,0.391390715
9.349608011,J3,0.220659676,0.000000000,-0.314010223
9.359423762,J1,-1.558229777,-0.000000000,0.000000000
9.359423762,J2,-1.516994669,0.000000000,0.391390715
9.359423762,J3,0.220659676,0.000000000,-0.314010223
9.369527684,J1,-1.558229777,-0.000000000,0.000000000
9.369527684,J2,-1.516994669,0.000000000,0.391390715
9.369527684,J3,0.220659676,0.000000000,-0.314010223
9.379501699,J1,-1.558229777,-0.000000000,0.000000000
9.379501699,J2,-1.516994669,0.000000000,0.391390715
9.379501699,J3,0.220659676,0.000000000,-0.314010223
9.389491987,J1,-1.558229777,-0.000000000,0.000000000
9.389491987,J2,-1.516994669,0.000000000,0.391390715
9.389491987,J3,0.220659676,0.000000000,-0.314010223
9.399487025,J1,-1.558229777,-0.000000000,0.000000000
9.399487025,J2,-1.516994669,0.000000000,0.391390715
9.399487025,J3,0.220659676,0.000000000,-0.314010223
9.409558401,J1,-1.558229777,-0.000000000,0.000000000
9.409558401,J2,-1.516994669,0.000000000,0.391390715
9.409558401,J3,0.220659676,0.000000000,-0.314010223
9.419460477,J1,-1.558229777,-0.000000000,0.000000000
9.419460477,J2,-1.516994669,0.000000000,0.391390715
9.419460477,J3,0.220659676,0.000000000,-0.314010223
9.429466969,J1,-1.558229777,-0.000000000,0.000000000
9.429466969,J2,-1.516994669,0.000000000,0.391390715
9.429466969,J3,0.220659676,0.000000000,-0.314010223
9.439476883,J1,-1.558229777,-0.000000000,0.000000000
9.439476883,J2,-1.516994669,0.000000000,0.391390715
9.439476883,J3,0.220659676,0.000000000,-0.314010223
9.449489172,J1,-1.558229777,-0.000000000,0.000000000
9.449489172,J2,-1.516994669,0.000000000,0.391390715
9.449489172,J3,0.220659676,0.000000000,-0.314010223
9.459478901,J1,-1.558229777,-0.000000000,0.000000000
9.459478901,J2,-1.516994669,0.000000000,0.391390715
9.459478901,J3,0.220659676,0.000000000,-0.314010223
9.469490980,J1,-1.558229777,-0.000000000,0.000000000
9.469490980,J2,-1.516994669,0.000000000,0.391390715
9.469490980,J3,0.220659676,0.000000000,-0.314010223
9.479611177,J1,-1.558229777,-0.000000000,0.000000000
9.479611177,J2,-1.516994669,0.000000000,0.391390715
9.479611177,J3,0.220659676,0.000000000,-0.314010223
9.489491602,J1,-1.558229777,-0.000000000,0.000000000
9.489491602,J2,-1.516994669,0.000000000,0.391390715
9.489491602,J3,0.220659676,0.000000000,-0.314010223
9.499633450,J1,-1.558229777,-0.000000000,0.000000000
9.499633450,J2,-1.516994669,0.000000000,0.391390715
9.499633450,J3,0.220659676,0.000000000,-0.314010223
9.509474553,J1,-1.558229777,-0.000000000,0.000000000
9.509474553,J2,-1.516994669,0.000000000,0.391390715
9.509474553,J3,0.220659676,0.000000000,-0.314010223
9.519632814,J1,-1.558229777,-0.000000000,0.000000000
9.519632814,J2,-1.516994669,0.000000000,0.391390715
9.519632814,J3,0.220659676,0.000000000,-0.314010223
9.529445631,J1,-1.558229777,-0.000000000,0.000000000
9.529445631,J2,-1.516994669,0.000000000,0.391390715
9.529445631,J3,0.220659676,0.000000000,-0.314010223
9.539450307,J1,-1.558229777,-0.000000000,0.000000000
9.539450307,J2,-1.516994669,0.000000000,0.391390715
9.539450307,J3,0.220659676,0.000000000,-0.314010223
9.549503174,J1,-1.558229777,-0.000000000,0.000000000
9.549503174,J2,-1.516994669,0.000000000,0.391390715
9.549503174,J3,0.220659676,0.000000000,-0.314010223
9.559439334,J1,-1.558229777,-0.000000000,0.000000000
9.559439334,J2,-1.516994669,0.000000000,0.391390715
9.559439334,J3,0.220659676,0.000000000,-0.314010223
9.569412161,J1,-1.558229777,-0.000000000,0.000000000
9.569412161,J2,-1.516994669,0.000000000,0.391390715
9.569412161,J3,0.220659676,0.000000000,-0.314010223
9.579438978,J1,-1.558229777,-0.000000000,0.000000000
9.579438978,J2,-1.516994669,0.000000000,0.391390715
9.579438978,J3,0.220659676,0.000000000,-0.314010223
9.589411945,J1,-1.558229777,-0.000000000,0.000000000
9.589411945,J2,-1.516994669,0.000000000,0.391390715
9.589411945,J3,0.220659676,0.000000000,-0.314010223
9.599478292,J1,-1.558229777,-0.000000000,0.000000000
9.599478292,J2,-1.516994669,0.000000000,0.391390715
9.599478292,J3,0.220659676,0.000000000,-0.314010223
9.609378483,J1,-1.558229777,-0.000000000,0.000000000
9.609378483,J2,-1.516994669,0.000000000,0.391390715
9.609378483,J3,0.220659676,0.000000000,-0.314010223
9.619397686,J1,-1.558229777,-0.000000000,0.000000000
9.619397686,J2,-1.516994669,0.000000000,0.391390715
9.619397686,J3,0.220659676,0.000000000,-0.314010223
9.629425340,J1,-1.558229777,-0.000000000,0.000000000
9.629425340,J2,-1.516994669,0.000000000,0.391390715
9.629425340,J3,0.220659676,0.000000000,-0.314010223
9.639406409,J1,-1.558229777,-0.000000000,0.000000000
9.639406409,J2,-1.516994669,0.000000000,0.391390715
9.639406409,J3,0.220659676,0.000000000,-0.314010223
9.649445518,J1,-1.558229777,-0.000000000,0.000000000
9.649445518,J2,-1.516994669,0.000000000,0.391390715
9.649445518,J3,0.220659676,0.000000000,-0.314010223
9.659415691,J1,-1.558229777,-0.000000000,0.000000000
9.659415691,J2,-1.516994669,0.000000000,0.391390715
9.659415691,J3,0.220659676,0.000000000,-0.314010223
9.669379369,J1,-1.558229777,-0.000000000,0.000000000
9.669379369,J2,-1.516994669,0.000000000,0.391390715
9.669379369,J3,0.220659676,0.000000000,-0.314010223
9.679358343,J1,-1.558229777,-0.000000000,0.000000000
9.679358343,J2,-1.516994669,0.000000000,0.391390715
9.679358343,J3,0.220659676,0.000000000,-0.314010223
9.689440544,J1,-1.558229777,-0.000000000,0.000000000
9.689440544,J2,-1.516994669,0.000000000,0.391390715
9.689440544,J3,0.220659676,0.000000000,-0.314010223
9.699459538,J1,-1.558229777,-0.000000000,0.000000000
9.699459538,J2,-1.516994669,0.000000000,0.391390715
9.699459538,J3,0.220659676,0.000000000,-0.314010223
9.709375862,J1,-1.558229777,-0.000000000,0.000000000
9.709375862,J2,-1.516994669,0.000000000,0.391390715
9.709375862,J3,0.220659676,0.000000000,-0.314010223
9.719403866,J1,-1.558229777,-0.000000000,0.000000000
9.719403866,J2,-1.516994669,0.000000000,0.391390715
9.719403866,J3,0.220659676,0.000000000,-0.314010223
9.729352178,J1,-1.558229777,-0.000000000,0.000000000
9.729352178,J2,-1.516994669,0.000000000,0.391390715
9.729352178,J3,0.220659676,0.000000000,-0.314010223
9.739437872,J1,-1.558229777,-0.000000000,0.000000000
9.739437872,J2,-1.516994669,0.000000000,0.391390715
9.739437872,J3,0.220659676,0.000000000,-0.314010223
9.749447228,J1,-1.558229777,-0.000000000,0.000000000
9.749447228,J2,-1.516994669,0.000000000,0.391390715
9.749447228,J3,0.220659676,0.000000000,-0.314010223
9.759410556,J1,-1.558229777,-0.000000000,0.000000000
9.759410556,J2,-1.516994669,0.000000000,0.391390715
9.759410556,J3,0.220659676,0.000000000,-0.314010223
9.769476066,J1,-1.558229777,-0.000000000,0.000000000
9.769476066,J2,-1.516994669,0.000000000,0.391390715
9.769476066,J3,0.220659676,0.000000000,-0.314010223
9.779331766,J1,-1.558229777,-0.000000000,0.000000000
9.779331766,J2,-1.516994669,0.000000000,0.391390715
9.779331766,J3,0.220659676,0.000000000,-0.314010223
9.789408311,J1,-1.558229777,-0.000000000,0.000000000
9.789408311,J2,-1.516994669,0.000000000,0.391390715
9.789408311,J3,0.220659676,0.000000000,-0.314010223
9.799450632,J1,-1.558229777,-0.000000000,0.000000000
9.799450632,J2,-1.516994669,0.000000000,0.391390715
9.799450632,J3,0.220659676,0.000000000,-0.314010223
9.809407465,J1,-1.558229777,-0.000000000,0.000000000
9.809407465,J2,-1.516994669,0.000000000,0.391390715
9.809407465,J3,0.220659676,0.000000000,-0.314010223
9.819554831,J1,-1.558229777,-0.000000000,0.000000000
9.819554831,J2,-1.516994669,0.000000000,0.391390715
9.819554831,J3,0.220659676,0.000000000,-0.314010223
9.829400823,J1,-1.558229777,-0.000000000,0.000000000
9.829400823,J2,-1.516994669,0.000000000,0.391390715
9.829400823,J3,0.220659676,0.000000000,-0.314010223
9.839450408,J1,-1.558229777,-0.000000000,0.000000000
9.839450408,J2,-1.516994669,0.000000000,0.391390715
9.839450408,J3,0.220659676,0.000000000,-0.314010223
9.849504044,J1,-1.558229777,-0.000000000,0.000000000
9.849504044,J2,-1.516994669,0.000000000,0.391390715
9.849504044,J3,0.220659676,0.000000000,-0.314010223
9.859413733,J1,-1.558229777,-0.000000000,0.000000000
9.859413733,J2,-1.516994669,0.000000000,0.391390715
9.859413733,J3,0.220659676,0.000000000,-0.314010223
9.869524221,J1,-1.558229777,-0.000000000,0.000000000
9.869524221,J2,-1.516994669,0.000000000,0.391390715
9.869524221,J3,0.220659676,0.000000000,-0.314010223
9.879380481,J1,-1.558229777,-0.000000000,0.000000000
9.879380481,J2,-1.516994669,0.000000000,0.391390715
9.879380481,J3,0.220659676,0.000000000,-0.314010223
9.889436771,J1,-1.558229777,-0.000000000,0.000000000
9.889436771,J2,-1.516994669,0.000000000,0.391390715
9.889436771,J3,0.220659676,0.000000000,-0.314010223
9.899471339,J1,-1.558229777,-0.000000000,0.000000000
9.899471339,J2,-1.516994669,0.000000000,0.391390715
9.899471339,J3,0.220659676,0.000000000,-0.314010223
9.909418325,J1,-1.558229777,-0.000000000,0.000000000
9.909418325,J2,-1.516994669,0.000000000,0.391390715
9.909418325,J3,0.220659676,0.000000000,-0.314010223
9.919448493,J1,-1.558229777,-0.000000000,0.000000000
9.919448493,J2,-1.516994669,0.000000000,0.391390715
9.919448493,J3,0.220659676,0.000000000,-0.314010223
9.929422997,J1,-1.558229777,-0.000000000,0.000000000
9.929422997,J2,-1.516994669,0.000000000,0.391390715
9.929422997,J3,0.220659676,0.000000000,-0.314010223
9.939488506,J1,-1.558229777,-0.000000000,0.000000000
9.939488506,J2,-1.516994669,0.000000000,0.391390715
9.939488506,J3,0.220659676,0.000000000,-0.314010223
9.949530129,J1,-1.558229777,-0.000000000,0.000000000
9.949530129,J2,-1.516994669,0.000000000,0.391390715
9.949530129,J3,0.220659676,0.000000000,-0.314010223
9.959465451,J1,-1.558229777,-0.000000000,0.000000000
9.959465451,J2,-1.516994669,0.000000000,0.391390715
9.959465451,J3,0.220659676,0.000000000,-0.314010223
9.969575869,J1,-1.558229777,-0.000000000,0.000000000
9.969575869,J2,-1.516994669,0.000000000,0.391390715
9.969575869,J3,0.220659676,0.000000000,-0.314010223
9.979394064,J1,-1.558229777,-0.000000000,0.000000000
9.979394064,J2,-1.516994669,0.000000000,0.391390715
9.979394064,J3,0.220659676,0.000000000,-0.314010223
9.989483180,J1,-1.558229777,-0.000000000,0.000000000
9.989483180,J2,-1.516994669,0.000000000,0.391390715
9.989483180,J3,0.220659676,0.000000000,-0.314010223
9.999462433,J1,-1.558229777,-0.000000000,0.000000000
9.999462433,J2,-1.516994669,0.000000000,0.391390715
9.999462433,J3,0.220659676,0.000000000,-0.314010223
10.009432956,J1,-1.558229777,-0.000000000,0.000000000
10.009432956,J2,-1.516994669,0.000000000,0.391390715
10.009432956,J3,0.220659676,0.000000000,-0.314010223
10.019441124,J1,-1.558229777,-0.000000000,0.000000000
10.019441124,J2,-1.516994669,0.000000000,0.391390715
10.019441124,J3,0.220659676,0.000000000,-0.314010223
10.029382801,J1,-1.558229777,-0.000000000,0.000000000
10.029382801,J2,-1.516994669,0.000000000,0.391390715
10.029382801,J3,0.220659676,0.000000000,-0.314010223
10.039452292,J1,-1.558229777,-0.000000000,0.000000000
10.039452292,J2,-1.516994669,0.000000000,0.391390715
10.039452292,J3,0.220659676,0.000000000,-0.314010223
10.049471076,J1,-1.558229777,-0.000000000,0.000000000
10.049471076,J2,-1.516994669,0.000000000,0.391390715
10.049471076,J3,0.220659676,0.000000000,-0.314010223
10.059475333,J1,-1.558229777,-0.000000000,0.000000000
10.059475333,J2,-1.516994669,0.000000000,0.391390715
10.059475333,J3,0.220659676,0.000000000,-0.314010223
10.069557465,J1,-1.558229777,-0.000000000,0.000000000
10.069557465,J2,-1.516994669,0.000000000,0.391390715
10.069557465,J3,0.220659676,0.000000000,-0.314010223
10.079470786,J1,-1.558229777,-0.000000000,0.000000000
10.079470786,J2,-1.516994669,0.000000000,0.391390715
10.079470786,J3,0.220659676,0.000000000,-0.314010223
10.089460445,J1,-1.558229777,-0.000000000,0.000000000
10.089460445,J2,-1.516994669,0.000000000,0.391390715
10.089460445,J3,0.220659676,0.000000000,-0.314010223
10.099598661,J1,-1.558229777,-0.000000000,0.000000000
10.099598661,J2,-1.516994669,0.000000000,0.391390715
10.099598661,J3,0.220659676,0.000000000,-0.314010223
10.109491867,J1,-1.558229777,-0.000000000,0.000000000
10.109491867,J2,-1.516994669,0.000000000,0.391390715
10.109491867,J3,0.220659676,0.000000000,-0.314010223
10.119532233,J1,-1.558229777,-0.000000000,0.000000000
10.119532233,J2,-1.516994669,0.000000000,0.391390715
10.119532233,J3,0.220659676,0.000000000,-0.314010223
10.129505410,J1,-1.558229777,-0.000000000,0.000000000
10.129505410,J2,-1.516994669,0.000000000,0.391390715
10.129505410,J3,0.220659676,0.000000000,-0.314010223
10.139473907,J1,-1.558229777,-0.000000000,0.000000000
10.139473907,J2,-1.516994669,0.000000000,0.391390715
10.139473907,J3,0.220659676,0.000000000,-0.314010223
10.149567074,J1,-1.558229777,-0.000000000,0.000000000
10.149567074,J2,-1.516994669,0.000000000,0.391390715
10.149567074,J3,0.220659676,0.000000000,-0.314010223
10.159475506,J1,-1.558229777,-0.000000000,0.000000000
10.159475506,J2,-1.516994669,0.000000000,0.391390715
10.159475506,J3,0.220659676,0.000000000,-0.314010223
10.169517199,J1,-1.558229777,-0.000000000,0.000000000
10.169517199,J2,-1.516994669,0.000000000,0.391390715
10.169517199,J3,0.220659676,0.000000000,-0.314010223
10.179399300,J1,-1.558229777,-0.000000000,0.000000000
10.179399300,J2,-1.516994669,0.000000000,0.391390715
10.179399300,J3,0.220659676,0.000000000,-0.314010223
10.189459222,J1,-1.558229777,-0.000000000,0.000000000
10.189459222,J2,-1.516994669,0.000000000,0.391390715
10.189459222,J3,0.220659676,0.000000000,-0.314010223
10.199480800,J1,-1.558229777,-0.000000000,0.000000000
10.199480800,J2,-1.516994669,0.000000000,0.391390715
10.199480800,J3,0.220659676,0.000000000,-0.314010223
10.209425061,J1,-1.558229777,-0.000000000,0.000000000
10.209425061,J2,-1.516994669,0.000000000,0.391390715
10.209425061,J3,0.220659676,0.000000000,-0.314010223
10.219481561,J1,-1.558229777,-0.000000000,0.000000000
10.219481561,J2,-1.516994669,0.000000000,0.391390715
10.219481561,J3,0.220659676,0.000000000,-0.314010223
10.229439931,J1,-1.558229777,-0.000000000,0.000000000
10.229439931,J2,-1.516994669,0.000000000,0.391390715
10.229439931,J3,0.220659676,0.000000000,-0.314010223
10.239490214,J1,-1.558229777,-0.000000000,0.000000000
10.239490214,J2,-1.516994669,0.000000000,0.391390715
10.239490214,J3,0.220659676,0.000000000,-0.314010223
10.249591274,J1,-1.558229777,-0.000000000,0.000000000
10.249591274,J2,-1.516994669,0.000000000,0.391390715
10.249591274,J3,0.220659676,0.000000000,-0.314010223
10.259463457,J1,-1.558229777,-0.000000000,0.000000000
10.259463457,J2,-1.516994669,0.000000000,0.391390715
10.259463457,J3,0.220659676,0.000000000,-0.314010223
10.269457866,J1,-1.558229777,-0.000000000,0.000000000
10.269457866,J2,-1.516994669,0.000000000,0.391390715
10.269457866,J3,0.220659676,0.000000000,-0.314010223
10.279408064,J1,-1.558229777,-0.000000000,0.000000000
10.279408064,J2,-1.516994669,0.000000000,0.391390715
10.279408064,J3,0.220659676,0.000000000,-0.314010223
10.289433204,J1,-1.558229777,-0.000000000,0.000000000
10.289433204,J2,-1.516994669,0.000000000,0.391390715
10.289433204,J3,0.220659676,0.000000000,-0.314010223
10.299581059,J1,-1.558229777,-0.000000000,0.000000000
10.299581059,J2,-1.516994669,0.000000000,0.391390715
10.299581059,J3,0.220659676,0.000000000,-0.314010223
10.309473846,J1,-1.558229777,-0.000000000,0.000000000
10.309473846,J2,-1.516994669,0.000000000,0.391390715
10.309473846,J3,0.220659676,0.000000000,-0.314010223
10.319517913,J1,-1.558229777,-0.000000000,0.000000000
10.319517913,J2,-1.516994669,0.000000000,0.391390715
10.319517913,J3,0.220659676,0.000000000,-0.314010223
10.329435844,J1,-1.558229777,-0.000000000,0.000000000
10.329435844,J2,-1.516994669,0.000000000,0.391390715
10.329435844,J3,0.220659676,0.000000000,-0.314010223
10.339439193,J1,-1.558229777,-0.000000000,0.000000000
10.339439193,J2,-1.516994669,0.000000000,0.391390715
10.339439193,J3,0.220659676,0.000000000,-0.314010223
10.349436326,J1,-1.558229777,-0.000000000,0.000000000
10.349436326,J2,-1.516994669,0.000000000,0.391390715
10.349436326,J3,0.220659676,0.000000000,-0.314010223
10.359444005,J1,-1.558229777,-0.000000000,0.000000000
10.359444005,J2,-1.516994669,0.000000000,0.391390715
10.359444005,J3,0.220659676,0.000000000,-0.314010223
10.369489539,J1,-1.558229777,-0.000000000,0.000000000
10.369489539,J2,-1.516994669,0.000000000,0.391390715
10.369489539,J3,0.220659676,0.000000000,-0.314010223
10.379407470,J1,-1.558229777,-0.000000000,0.000000000
10.379407470,J2,-1.516994669,0.000000000,0.391390715
10.379407470,J3,0.220659676,0.000000000,-0.314010223
10.389411377,J1,-1.558229777,-0.000000000,0.000000000
10.389411377,J2,-1.516994669,0.000000000,0.391390715
10.389411377,J3,0.220659676,0.000000000,-0.314010223
10.399392726,J1,-1.558229777,-0.000000000,0.000000000
10.399392726,J2,-1.516994669,0.000000000,0.391390715
10.399392726,J3,0.220659676,0.000000000,-0.314010223
10.409478280,J1,-1.558229777,-0.000000000,0.000000000
10.409478280,J2,-1.516994669,0.000000000,0.391390715
10.409478280,J3,0.220659676,0.000000000,-0.314010223
10.419470175,J1,-1.558229777,-0.000000000,0.000000000
10.419470175,J2,-1.516994669,0.000000000,0.391390715
10.419470175,J3,0.220659676,0.000000000,-0.314010223
10.429442094,J1,-1.558229777,-0.000000000,0.000000000
10.429442094,J2,-1.516994669,0.000000000,0.391390715
10.429442094,J3,0.220659676,0.000000000,-0.314010223
10.439413036,J1,-1.558229777,-0.000000000,0.000000000
10.439413036,J2,-1.516994669,0.000000000,0.391390715
10.439413036,J3,0.220659676,0.000000000,-0.314010223
10.449335018,J1,-1.558229777,-0.000000000,0.000000000
10.449335018,J2,-1.516994669,0.000000000,0.391390715
10.449335018,J3,0.220659676,0.000000000,-0.314010223
10.459399759,J1,-1.558229777,-0.000000000,0.000000000
10.459399759,J2,-1.516994669,0.000000000,0.391390715
10.459399759,J3,0.220659676,0.000000000,-0.314010223
10.469428182,J1,-1.558229777,-0.000000000,0.000000000
10.469428182,J2,-1.516994669,0.000000000,0.391390715
10.469428182,J3,0.220659676,0.000000000,-0.314010223
10.479376844,J1,-1.558229777,-0.000000000,0.000000000
10.479376844,J2,-1.516994669,0.000000000,0.391390715
10.479376844,J3,0.220659676,0.000000000,-0.314010223
10.489429223,J1,-1.558229777,-0.000000000,0.000000000
10.489429223,J2,-1.516994669,0.000000000,0.391390715
10.489429223,J3,0.220659676,0.000000000,-0.314010223
10.499376208,J1,-1.558229777,-0.000000000,0.000000000
10.499376208,J2,-1.516994669,0.000000000,0.391390715
10.499376208,J3,0.220659676,0.000000000,-0.314010223
10.509386541,J1,-1.558229777,-0.000000000,0.000000000
10.509386541,J2,-1.516994669,0.000000000,0.391390715
10.509386541,J3,0.220659676,0.000000000,-0.314010223
10.519380182,J1,-1.558229777,-0.000000000,0.000000000
10.519380182,J2,-1.516994669,0.000000000,0.391390715
10.519380182,J3,0.220659676,0.000000000,-0.314010223
10.529375290,J1,-1.558229777,-0.000000000,0.000000000
10.529375290,J2,-1.516994669,0.000000000,0.391390715
10.529375290,J3,0.220659676,0.000000000,-0.314010223
10.539417891,J1,-1.558229777,-0.000000000,0.000000000
10.539417891,J2,-1.516994669,0.000000000,0.391390715
10.539417891,J3,0.220659676,0.000000000,-0.314010223
10.549359708,J1,-1.558229777,-0.000000000,0.000000000
10.549359708,J2,-1.516994669,0.000000000,0.391390715
10.549359708,J3,0.220659676,0.000000000,-0.314010223
10.559443376,J1,-1.558229777,-0.000000000,0.000000000
10.559443376,J2,-1.516994669,0.000000000,0.391390715
10.559443376,J3,0.220659676,0.000000000,-0.314010223
10.569506721,J1,-1.558229777,-0.000000000,0.000000000
10.569506721,J2,-1.516994669,0.000000000,0.391390715
10.569506721,J3,0.220659676,0.000000000,-0.314010223
10.579389451,J1,-1.558229777,-0.000000000,0.000000000
10.579389451,J2,-1.516994669,0.000000000,0.391390715
10.579389451,J3,0.220659676,0.000000000,-0.314010223
10.589415149,J1,-1.558229777,-0.000000000,0.000000000
10.589415149,J2,-1.516994669,0.000000000,0.391390715
10.589415149,J3,0.220659676,0.000000000,-0.314010223
10.599386301,J1,-1.558229777,-0.000000000,0.000000000
10.599386301,J2,-1.516994669,0.000000000,0.391390715
10.599386301,J3,0.220659676,0.000000000,-0.314010223
10.609403898,J1,-1.558229777,-0.000000000,0.000000000
10.609403898,J2,-1.516994669,0.000000000,0.391390715
10.609403898,J3,0.220659676,0.000000000,-0.314010223
10.619427920,J1,-1.558229777,-0.000000000,0.000000000
10.619427920,J2,-1.516994669,0.000000000,0.391390715
10.619427920,J3,0.220659676,0.000000000,-0.314010223
10.629385871,J1,-1.558229777,-0.000000000,0.000000000
10.629385871,J2,-1.516994669,0.000000000,0.391390715
10.629385871,J3,0.220659676,0.000000000,-0.314010223
10.639421418,J1,-1.558229777,-0.000000000,0.000000000
10.639421418,J2,-1.516994669,0.000000000,0.391390715
10.639421418,J3,0.220659676,0.000000000,-0.314010223
10.649369801,J1,-1.558229777,-0.000000000,0.000000000
10.649369801,J2,-1.516994669,0.000000000,0.391390715
10.649369801,J3,0.220659676,0.000000000,-0.314010223
10.659435799,J1,-1.558229777,-0.000000000,0.000000000
10.659435799,J2,-1.516994669,0.000000000,0.391390715
10.659435799,J3,0.220659676,0.000000000,-0.314010223
10.669456539,J1,-1.558229777,-0.000000000,0.000000000
10.669456539,J2,-1.516994669,0.000000000,0.391390715
10.669456539,J3,0.220659676,0.000000000,-0.314010223
10.679380895,J1,-1.558229777,-0.000000000,0.000000000
10.679380895,J2,-1.516994669,0.000000000,0.391390715
10.679380895,J3,0.220659676,0.000000000,-0.314010223
10.689435439,J1,-1.558229777,-0.000000000,0.000000000
10.689435439,J2,-1.516994669,0.000000000,0.391390715
10.689435439,J3,0.220659676,0.000000000,-0.314010223
10.699379072,J1,-1.558229777,-0.000000000,0.000000000
10.699379072,J2,-1.516994669,0.000000000,0.391390715
10.699379072,J3,0.220659676,0.000000000,-0.314010223
10.709421673,J1,-1.558229777,-0.000000000,0.000000000
10.709421673,J2,-1.516994669,0.000000000,0.391390715
10.709421673,J3,0.220659676,0.000000000,-0.314010223
10.719384443,J1,-1.558229777,-0.000000000,0.000000000
10.719384443,J2,-1.516994669,0.000000000,0.391390715
10.719384443,J3,0.220659676,0.000000000,-0.314010223
10.729369424,J1,-1.558229777,-0.000000000,0.000000000
10.729369424,J2,-1.516994669,0.000000000,0.391390715
10.729369424,J3,0.220659676,0.000000000,-0.314010223
10.739398684,J1,-1.558229777,-0.000000000,0.000000000
10.739398684,J2,-1.516994669,0.000000000,0.391390715
10.739398684,J3,0.220659676,0.000000000,-0.314010223
10.749379404,J1,-1.558229777,-0.000000000,0.000000000
10.749379404,J2,-1.516994669,0.000000000,0.391390715
10.749379404,J3,0.220659676,0.000000000,-0.314010223
10.759425148,J1,-1.558229777,-0.000000000,0.000000000
10.759425148,J2,-1.516994669,0.000000000,0.391390715
10.759425148,J3,0.220659676,0.000000000,-0.314010223
10.769477248,J1,-1.558229777,-0.000000000,0.000000000
10.769477248,J2,-1.516994669,0.000000000,0.391390715
10.769477248,J3,0.220659676,0.000000000,-0.314010223
10.779445396,J1,-1.558229777,-0.000000000,0.000000000
10.779445396,J2,-1.516994669,0.000000000,0.391390715
10.779445396,J3,0.220659676,0.000000000,-0.314010223
10.789478917,J1,-1.558229777,-0.000000000,0.000000000
10.789478917,J2,-1.516994669,0.000000000,0.391390715
10.789478917,J3,0.220659676,0.000000000,-0.314010223
10.799422201,J1,-1.558229777,-0.000000000,0.000000000
10.799422201,J2,-1.516994669,0.000000000,0.391390715
10.799422201,J3,0.220659676,0.000000000,-0.314010223
10.809416121,J1,-1.558229777,-0.000000000,0.000000000
10.809416121,J2,-1.516994669,0.000000000,0.391390715
10.809416121,J3,0.220659676,0.000000000,-0.314010223
10.819639336,J1,-1.558229777,-0.000000000,0.000000000
10.819639336,J2,-1.516994669,0.000000000,0.391390715
10.819639336,J3,0.220659676,0.000000000,-0.314010223
10.829430292,J1,-1.558229777,-0.000000000,0.000000000
10.829430292,J2,-1.516994669,0.000000000,0.391390715
10.829430292,J3,0.220659676,0.000000000,-0.314010223
10.839438041,J1,-1.558229777,-0.000000000,0.000000000
10.839438041,J2,-1.516994669,0.000000000,0.391390715
10.839438041,J3,0.220659676,0.000000000,-0.314010223
10.849400881,J1,-1.558229777,-0.000000000,0.000000000
10.849400881,J2,-1.516994669,0.000000000,0.391390715
10.849400881,J3,0.220659676,0.000000000,-0.314010223
10.859553415,J1,-1.558229777,-0.000000000,0.000000000
10.859553415,J2,-1.516994669,0.000000000,0.391390715
10.859553415,J3,0.220659676,0.000000000,-0.314010223
10.869565634,J1,-1.558229777,-0.000000000,0.000000000
10.869565634,J2,-1.516994669,0.000000000,0.391390715
10.869565634,J3,0.220659676,0.000000000,-0.314010223
10.879420287,J1,-1.558229777,-0.000000000,0.000000000
10.879420287,J2,-1.516994669,0.000000000,0.391390715
10.879420287,J3,0.220659676,0.000000000,-0.314010223
10.889417351,J1,-1.558229777,-0.000000000,0.000000000
10.889417351,J2,-1.516994669,0.000000000,0.391390715
10.889417351,J3,0.220659676,0.000000000,-0.314010223
10.899480485,J1,-1.558229777,-0.000000000,0.000000000
10.899480485,J2,-1.516994669,0.000000000,0.391390715
10.899480485,J3,0.220659676,0.000000000,-0.314010223
10.909422931,J1,-1.558229777,-0.000000000,0.000000000
10.909422931,J2,-1.516994669,0.000000000,0.391390715
10.909422931,J3,0.220659676,0.000000000,-0.314010223
10.919467557,J1,-1.558229777,-0.000000000,0.000000000
10.919467557,J2,-1.516994669,0.000000000,0.391390715
10.919467557,J3,0.220659676,0.000000000,-0.314010223
10.929389819,J1,-1.558229777,-0.000000000,0.000000000
10.929389819,J2,-1.516994669,0.000000000,0.391390715
10.929389819,J3,0.220659676,0.000000000,-0.314010223
10.939396730,J1,-1.558229777,-0.000000000,0.000000000
10.939396730,J2,-1.516994669,0.000000000,0.391390715
10.939396730,J3,0.220659676,0.000000000,-0.314010223
10.949410555,J1,-1.558229777,-0.000000000,0.000000000
10.949410555,J2,-1.516994669,0.000000000,0.391390715
10.949410555,J3,0.220659676,0.000000000,-0.314010223
10.959425079,J1,-1.558229777,-0.000000000,0.000000000
10.959425079,J2,-1.516994669,0.000000000,0.391390715
10.959425079,J3,0.220659676,0.000000000,-0.314010223
10.969359353,J1,-1.558229777,-0.000000000,0.000000000
10.969359353,J2,-1.516994669,0.000000000,0.391390715
10.969359353,J3,0.220659676,0.000000000,-0.314010223
10.979425142,J1,-1.558229777,-0.000000000,0.000000000
10.979425142,J2,-1.516994669,0.000000000,0.391390715
10.979425142,J3,0.220659676,0.000000000,-0.314010223
10.989358159,J1,-1.558229777,-0.000000000,0.000000000
10.989358159,J2,-1.516994669,0.000000000,0.391390715
10.989358159,J3,0.220659676,0.000000000,-0.314010223
10.999393566,J1,-1.558229777,-0.000000000,0.000000000
10.999393566,J2,-1.516994669,0.000000000,0.391390715
10.999393566,J3,0.220659676,0.000000000,-0.314010223
11.009381340,J1,-1.558229777,-0.000000000,0.000000000
11.009381340,J2,-1.516994669,0.000000000,0.391390715
11.009381340,J3,0.220659676,0.000000000,-0.314010223
11.019359825,J1,-1.558229777,-0.000000000,0.000000000
11.019359825,J2,-1.516994669,0.000000000,0.391390715
11.019359825,J3,0.220659676,0.000000000,-0.314010223
11.029360450,J1,-1.558229777,-0.000000000,0.000000000
11.029360450,J2,-1.516994669,0.000000000,0.391390715
11.029360450,J3,0.220659676,0.000000000,-0.314010223
11.039342287,J1,-1.558229777,-0.000000000,0.000000000
11.039342287,J2,-1.516994669,0.000000000,0.391390715
11.039342287,J3,0.220659676,0.000000000,-0.314010223
11.049360792,J1,-1.558229777,-0.000000000,0.000000000
11.049360792,J2,-1.516994669,0.000000000,0.391390715
11.049360792,J3,0.220659676,0.000000000,-0.314010223
11.059378878,J1,-1.558229777,-0.000000000,0.000000000
11.059378878,J2,-1.516994669,0.000000000,0.391390715
11.059378878,J3,0.220659676,0.000000000,-0.314010223
11.069458007,J1,-1.558229777,-0.000000000,0.000000000
11.069458007,J2,-1.516994669,0.000000000,0.391390715
11.069458007,J3,0.220659676,0.000000000,-0.314010223
11.079394516,J1,-1.558229777,-0.000000000,0.000000000
11.079394516,J2,-1.516994669,0.000000000,0.391390715
11.079394516,J3,0.220659676,0.000000000,-0.314010223
11.089367902,J1,-1.558229777,-0.000000000,0.000000000
11.089367902,J2,-1.516994669,0.000000000,0.391390715
11.089367902,J3,0.220659676,0.000000000,-0.314010223
11.099329346,J1,-1.558229777,-0.000000000,0.000000000
11.099329346,J2,-1.516994669,0.000000000,0.391390715
11.099329346,J3,0.220659676,0.000000000,-0.314010223
11.109412036,J1,-1.558229777,-0.000000000,0.000000000
11.109412036,J2,-1.516994669,0.000000000,0.391390715
11.109412036,J3,0.220659676,0.000000000,-0.314010223
11.119419017,J1,-1.558229777,-0.000000000,0.000000000
11.119419017,J2,-1.516994669,0.000000000,0.391390715
11.119419017,J3,0.220659676,0.000000000,-0.314010223
11.129441224,J1,-1.558229777,-0.000000000,0.000000000
11.129441224,J2,-1.516994669,0.000000000,0.391390715
11.129441224,J3,0.220659676,0.000000000,-0.314010223
11.139496955,J1,-1.558229777,-0.000000000,0.000000000
11.139496955,J2,-1.516994669,0.000000000,0.391390715
11.139496955,J3,0.220659676,0.000000000,-0.314010223
11.149453370,J1,-1.558229777,-0.000000000,0.000000000
11.149453370,J2,-1.516994669,0.000000000,0.391390715
11.149453370,J3,0.220659676,0.000000000,-0.314010223
11.159526701,J1,-1.558229777,-0.000000000,0.000000000
11.159526701,J2,-1.516994669,0.000000000,0.391390715
11.159526701,J3,0.220659676,0.000000000,-0.314010223
11.169400072,J1,-1.558229777,-0.000000000,0.000000000
11.169400072,J2,-1.516994669,0.000000000,0.391390715
11.169400072,J3,0.220659676,0.000000000,-0.314010223
11.179464744,J1,-1.558229777,-0.000000000,0.000000000
11.179464744,J2,-1.516994669,0.000000000,0.391390715
11.179464744,J3,0.220659676,0.000000000,-0.314010223
11.189434079,J1,-1.558229777,-0.000000000,0.000000000
11.189434079,J2,-1.516994669,0.000000000,0.391390715
11.189434079,J3,0.220659676,0.000000000,-0.314010223
11.199530738,J1,-1.558229777,-0.000000000,0.000000000
11.199530738,J2,-1.516994669,0.000000000,0.391390715
11.199530738,J3,0.220659676,0.000000000,-0.314010223
11.209478213,J1,-1.558229777,-0.000000000,0.000000000
11.209478213,J2,-1.516994669,0.000000000,0.391390715
11.209478213,J3,0.220659676,0.000000000,-0.314010223
11.219474997,J1,-1.558229777,-0.000000000,0.000000000
11.219474997,J2,-1.516994669,0.000000000,0.391390715
11.219474997,J3,0.220659676,0.000000000,-0.314010223
11.229450688,J1,-1.558229777,-0.000000000,0.000000000
11.229450688,J2,-1.516994669,0.000000000,0.391390715
11.229450688,J3,0.220659676,0.000000000,-0.314010223
11.239442024,J1,-1.558229777,-0.000000000,0.000000000
11.239442024,J2,-1.516994669,0.000000000,0.391390715
11.239442024,J3,0.220659676,0.000000000,-0.314010223
11.249504181,J1,-1.558229777,-0.000000000,0.000000000
11.249504181,J2,-1.516994669,0.000000000,0.391390715
11.249504181,J3,0.220659676,0.000000000,-0.314010223
11.259469954,J1,-1.558229777,-0.000000000,0.000000000
11.259469954,J2,-1.516994669,0.000000000,0.391390715
11.259469954,J3,0.220659676,0.000000000,-0.314010223
11.269519958,J1,-1.558229777,-0.000000000,0.000000000
11.269519958,J2,-1.516994669,0.000000000,0.391390715
11.269519958,J3,0.220659676,0.000000000,-0.314010223
11.279468201,J1,-1.558229777,-0.000000000,0.000000000
11.279468201,J2,-1.516994669,0.000000000,0.391390715
11.279468201,J3,0.220659676,0.000000000,-0.314010223
11.289636101,J1,-1.558229777,-0.000000000,0.000000000
11.289636101,J2,-1.516994669,0.000000000,0.391390715
11.289636101,J3,0.220659676,0.000000000,-0.314010223
11.299491731,J1,-1.558229777,-0.000000000,0.000000000
11.299491731,J2,-1.516994669,0.000000000,0.391390715
11.299491731,J3,0.220659676,0.000000000,-0.314010223
11.309486909,J1,-1.558229777,-0.000000000,0.000000000
11.309486909,J2,-1.516994669,0.000000000,0.391390715
11.309486909,J3,0.220659676,0.000000000,-0.314010223
11.319473845,J1,-1.558229777,-0.000000000,0.000000000
11.319473845,J2,-1.516994669,0.000000000,0.391390715
11.319473845,J3,0.220659676,0.000000000,-0.314010223
11.329450793,J1,-1.558229777,-0.000000000,0.000000000
11.329450793,J2,-1.516994669,0.000000000,0.391390715
11.329450793,J3,0.220659676,0.000000000,-0.314010223
11.339608356,J1,-1.558229777,-0.000000000,0.000000000
11.339608356,J2,-1.516994669,0.000000000,0.391390715
11.339608356,J3,0.220659676,0.000000000,-0.314010223
11.349532712,J1,-1.558229777,-0.000000000,0.000000000
11.349532712,J2,-1.516994669,0.000000000,0.391390715
11.349532712,J3,0.220659676,0.000000000,-0.314010223
11.359470409,J1,-1.558229777,-0.000000000,0.000000000
11.359470409,J2,-1.516994669,0.000000000,0.391390715
11.359470409,J3,0.220659676,0.000000000,-0.314010223
11.369497714,J1,-1.558229777,-0.000000000,0.000000000
11.369497714,J2,-1.516994669,0.000000000,0.391390715
11.369497714,J3,0.220659676,0.000000000,-0.314010223
11.379434293,J1,-1.558229777,-0.000000000,0.000000000
11.379434293,J2,-1.516994669,0.000000000,0.391390715
11.379434293,J3,0.220659676,0.000000000,-0.314010223
11.389593182,J1,-1.558229777,-0.000000000,0.000000000
11.389593182,J2,-1.516994669,0.000000000,0.391390715
11.389593182,J3,0.220659676,0.000000000,-0.314010223
11.399431283,J1,-1.558229777,-0.000000000,0.000000000
11.399431283,J2,-1.516994669,0.000000000,0.391390715
11.399431283,J3,0.220659676,0.000000000,-0.314010223
11.409433445,J1,-1.558229777,-0.000000000,0.000000000
11.409433445,J2,-1.516994669,0.000000000,0.391390715
11.409433445,J3,0.220659676,0.000000000,-0.314010223
11.419491970,J1,-1.558229777,-0.000000000,0.000000000
11.419491970,J2,-1.516994669,0.000000000,0.391390715
11.419491970,J3,0.220659676,0.000000000,-0.314010223
11.429435603,J1,-1.558229777,-0.000000000,0.000000000
11.429435603,J2,-1.516994669,0.000000000,0.391390715
11.429435603,J3,0.220659676,0.000000000,-0.314010223
11.439488471,J1,-1.558229777,-0.000000000,0.000000000
11.439488471,J2,-1.516994669,0.000000000,0.391390715
11.439488471,J3,0.220659676,0.000000000,-0.314010223
11.449388592,J1,-1.558229777,-0.000000000,0.000000000
11.449388592,J2,-1.516994669,0.000000000,0.391390715
11.449388592,J3,0.220659676,0.000000000,-0.314010223
11.459479105,J1,-1.558229777,-0.000000000,0.000000000
11.459479105,J2,-1.516994669,0.000000000,0.391390715
11.459479105,J3,0.220659676,0.000000000,-0.314010223
11.469494537,J1,-1.558229777,-0.000000000,0.000000000
11.469494537,J2,-1.516994669,0.000000000,0.391390715
11.469494537,J3,0.220659676,0.000000000,-0.314010223
11.479444526,J1,-1.558229777,-0.000000000,0.000000000
11.479444526,J2,-1.516994669,0.000000000,0.391390715
11.479444526,J3,0.220659676,0.000000000,-0.314010223
11.489450600,J1,-1.558229777,-0.000000000,0.000000000
11.489450600,J2,-1.516994669,0.000000000,0.391390715
11.489450600,J3,0.220659676,0.000000000,-0.314010223
11.499390042,J1,-1.558229777,-0.000000000,0.000000000
11.499390042,J2,-1.516994669,0.000000000,0.391390715
11.499390042,J3,0.220659676,0.000000000,-0.314010223
11.509449755,J1,-1.558229777,-0.000000000,0.000000000
11.509449755,J2,-1.516994669,0.000000000,0.391390715
11.509449755,J3,0.220659676,0.000000000,-0.314010223
11.519446958,J1,-1.558229777,-0.000000000,0.000000000
11.519446958,J2,-1.516994669,0.000000000,0.391390715
11.519446958,J3,0.220659676,0.000000000,-0.314010223
11.529445977,J1,-1.558229777,-0.000000000,0.000000000
11.529445977,J2,-1.516994669,0.000000000,0.391390715
11.529445977,J3,0.220659676,0.000000000,-0.314010223
11.539559748,J1,-1.558229777,-0.000000000,0.000000000
11.539559748,J2,-1.516994669,0.000000000,0.391390715
11.539559748,J3,0.220659676,0.000000000,-0.314010223
11.549393448,J1,-1.558229777,-0.000000000,0.000000000
11.549393448,J2,-1.516994669,0.000000000,0.391390715
11.549393448,J3,0.220659676,0.000000000,-0.314010223
11.559463008,J1,-1.558229777,-0.000000000,0.000000000
11.559463008,J2,-1.516994669,0.000000000,0.391390715
11.559463008,J3,0.220659676,0.000000000,-0.314010223
11.569521254,J1,-1.558229777,-0.000000000,0.000000000
11.569521254,J2,-1.516994669,0.000000000,0.391390715
11.569521254,J3,0.220659676,0.000000000,-0.314010223
11.579443096,J1,-1.558229777,-0.000000000,0.000000000
11.579443096,J2,-1.516994669,0.000000000,0.391390715
11.579443096,J3,0.220659676,0.000000000,-0.314010223
11.589551839,J1,-1.558229777,-0.000000000,0.000000000
11.589551839,J2,-1.516994669,0.000000000,0.391390715
11.589551839,J3,0.220659676,0.000000000,-0.314010223
11.599434639,J1,-1.558229777,-0.000000000,0.000000000
11.599434639,J2,-1.516994669,0.000000000,0.391390715
11.599434639,J3,0.220659676,0.000000000,-0.314010223
11.609479824,J1,-1.558229777,-0.000000000,0.000000000
11.609479824,J2,-1.516994669,0.000000000,0.391390715
11.609479824,J3,0.220659676,0.000000000,-0.314010223
11.619490018,J1,-1.558229777,-0.000000000,0.000000000
11.619490018,J2,-1.516994669,0.000000000,0.391390715
11.619490018,J3,0.220659676,0.000000000,-0.314010223
11.629427645,J1,-1.558229777,-0.000000000,0.000000000
11.629427645,J2,-1.516994669,0.000000000,0.391390715
11.629427645,J3,0.220659676,0.000000000,-0.314010223
11.639549867,J1,-1.558229777,-0.000000000,0.000000000
11.639549867,J2,-1.516994669,0.000000000,0.391390715
11.639549867,J3,0.220659676,0.000000000,-0.314010223
11.649402285,J1,-1.558229777,-0.000000000,0.000000000
11.649402285,J2,-1.516994669,0.000000000,0.391390715
11.649402285,J3,0.220659676,0.000000000,-0.314010223
11.659439089,J1,-1.558229777,-0.000000000,0.000000000
11.659439089,J2,-1.516994669,0.000000000,0.391390715
11.659439089,J3,0.220659676,0.000000000,-0.314010223
11.669530929,J1,-1.558229777,-0.000000000,0.000000000
11.669530929,J2,-1.516994669,0.000000000,0.391390715
11.669530929,J3,0.220659676,0.000000000,-0.314010223
11.679443971,J1,-1.558229777,-0.000000000,0.000000000
11.679443971,J2,-1.516994669,0.000000000,0.391390715
11.679443971,J3,0.220659676,0.000000000,-0.314010223
11.689592664,J1,-1.558229777,-0.000000000,0.000000000
11.689592664,J2,-1.516994669,0.000000000,0.391390715
11.689592664,J3,0.220659676,0.000000000,-0.314010223
11.699417424,J1,-1.558229777,-0.000000000,0.000000000
11.699417424,J2,-1.516994669,0.000000000,0.391390715
11.699417424,J3,0.220659676,0.000000000,-0.314010223
11.709487683,J1,-1.558229777,-0.000000000,0.000000000
11.709487683,J2,-1.516994669,0.000000000,0.391390715
11.709487683,J3,0.220659676,0.000000000,-0.314010223
11.719516735,J1,-1.558229777,-0.000000000,0.000000000
11.719516735,J2,-1.516994669,0.000000000,0.391390715
11.719516735,J3,0.220659676,0.000000000,-0.314010223
11.729454641,J1,-1.558229777,-0.000000000,0.000000000
11.729454641,J2,-1.516994669,0.000000000,0.391390715
11.729454641,J3,0.220659676,0.000000000,-0.314010223
11.739461273,J1,-1.558229777,-0.000000000,0.000000000
11.739461273,J2,-1.516994669,0.000000000,0.391390715
11.739461273,J3,0.220659676,0.000000000,-0.314010223
11.749423065,J1,-1.558229777,-0.000000000,0.000000000
11.749423065,J2,-1.516994669,0.000000000,0.391390715
11.749423065,J3,0.220659676,0.000000000,-0.314010223
11.759439195,J1,-1.558229777,-0.000000000,0.000000000
11.759439195,J2,-1.516994669,0.000000000,0.391390715
11.759439195,J3,0.220659676,0.000000000,-0.314010223
11.769413979,J1,-1.558229777,-0.000000000,0.000000000
11.769413979,J2,-1.516994669,0.000000000,0.391390715
11.769413979,J3,0.220659676,0.000000000,-0.314010223
11.779457418,J1,-1.558229777,-0.000000000,0.000000000
11.779457418,J2,-1.516994669,0.000000000,0.391390715
11.779457418,J3,0.220659676,0.000000000,-0.314010223
11.789759137,J1,-1.558229777,-0.000000000,0.000000000
11.789759137,J2,-1.516994669,0.000000000,0.391390715
11.789759137,J3,0.220659676,0.000000000,-0.314010223
11.799448541,J1,-1.558229777,-0.000000000,0.000000000
11.799448541,J2,-1.516994669,0.000000000,0.391390715
11.799448541,J3,0.220659676,0.000000000,-0.314010223
11.809464951,J1,-1.558229777,-0.000000000,0.000000000
11.809464951,J2,-1.516994669,0.000000000,0.391390715
11.809464951,J3,0.220659676,0.000000000,-0.314010223
11.819407118,J1,-1.558229777,-0.000000000,0.000000000
11.819407118,J2,-1.516994669,0.000000000,0.391390715
11.819407118,J3,0.220659676,0.000000000,-0.314010223
11.829445109,J1,-1.558229777,-0.000000000,0.000000000
11.829445109,J2,-1.516994669,0.000000000,0.391390715
11.829445109,J3,0.220659676,0.000000000,-0.314010223
11.839394819,J1,-1.558229777,-0.000000000,0.000000000
11.839394819,J2,-1.516994669,0.000000000,0.391390715
11.839394819,J3,0.220659676,0.000000000,-0.314010223
11.849379031,J1,-1.558229777,-0.000000000,0.000000000
11.849379031,J2,-1.516994669,0.000000000,0.391390715
11.849379031,J3,0.220659676,0.000000000,-0.314010223
11.859433016,J1,-1.558229777,-0.000000000,0.000000000
11.859433016,J2,-1.516994669,0.000000000,0.391390715
11.859433016,J3,0.220659676,0.000000000,-0.314010223
11.869391037,J1,-1.558229777,-0.000000000,0.000000000
11.869391037,J2,-1.516994669,0.000000000,0.391390715
11.869391037,J3,0.220659676,0.000000000,-0.314010223
11.879421974,J1,-1.558229777,-0.000000000,0.000000000
11.879421974,J2,-1.516994669,0.000000000,0.391390715
11.879421974,J3,0.220659676,0.000000000,-0.314010223
11.889514234,J1,-1.558229777,-0.000000000,0.000000000
11.889514234,J2,-1.516994669,0.000000000,0.391390715
11.889514234,J3,0.220659676,0.000000000,-0.314010223
11.899431816,J1,-1.558229777,-0.000000000,0.000000000
11.899431816,J2,-1.516994669,0.000000000,0.391390715
11.899431816,J3,0.220659676,0.000000000,-0.314010223
11.909511573,J1,-1.558229777,-0.000000000,0.000000000
11.909511573,J2,-1.516994669,0.000000000,0.391390715
11.909511573,J3,0.220659676,0.000000000,-0.314010223
11.919384385,J1,-1.558229777,-0.000000000,0.000000000
11.919384385,J2,-1.516994669,0.000000000,0.391390715
11.919384385,J3,0.220659676,0.000000000,-0.314010223
11.929410992,J1,-1.558229777,-0.000000000,0.000000000
11.929410992,J2,-1.516994669,0.000000000,0.391390715
11.929410992,J3,0.220659676,0.000000000,-0.314010223
11.939400652,J1,-1.558229777,-0.000000000,0.000000000
11.939400652,J2,-1.516994669,0.000000000,0.391390715
11.939400652,J3,0.220659676,0.000000000,-0.314010223
11.949401627,J1,-1.558229777,-0.000000000,0.000000000
11.949401627,J2,-1.516994669,0.000000000,0.391390715
11.949401627,J3,0.220659676,0.000000000,-0.314010223
11.959408398,J1,-1.558229777,-0.000000000,0.000000000
11.959408398,J2,-1.516994669,0.000000000,0.391390715
11.959408398,J3,0.220659676,0.000000000,-0.314010223
11.969357759,J1,-1.558229777,-0.000000000,0.000000000
11.969357759,J2,-1.516994669,0.000000000,0.391390715
11.969357759,J3,0.220659676,0.000000000,-0.314010223
11.979402525,J1,-1.558229777,-0.000000000,0.000000000
11.979402525,J2,-1.516994669,0.000000000,0.391390715
11.979402525,J3,0.220659676,0.000000000,-0.314010223
11.989421798,J1,-1.558229777,-0.000000000,0.000000000
11.989421798,J2,-1.516994669,0.000000000,0.391390715
11.989421798,J3,0.220659676,0.000000000,-0.314010223
11.999494152,J1,-1.558229777,-0.000000000,0.000000000
11.999494152,J2,-1.516994669,0.000000000,0.391390715
11.999494152,J3,0.220659676,0.000000000,-0.314010223
12.009410058,J1,-1.558229777,-0.000000000,0.000000000
12.009410058,J2,-1.516994669,0.000000000,0.391390715
12.009410058,J3,0.220659676,0.000000000,-0.314010223
12.019386727,J1,-1.558229777,-0.000000000,0.000000000
12.019386727,J2,-1.516994669,0.000000000,0.391390715
12.019386727,J3,0.220659676,0.000000000,-0.314010223
12.029447906,J1,-1.558229777,-0.000000000,0.000000000
12.029447906,J2,-1.516994669,0.000000000,0.391390715
12.029447906,J3,0.220659676,0.000000000,-0.314010223
12.039496444,J1,-1.558229777,-0.000000000,0.000000000
12.039496444,J2,-1.516994669,0.000000000,0.391390715
12.039496444,J3,0.220659676,0.000000000,-0.314010223
12.049393492,J1,-1.558229777,-0.000000000,0.000000000
12.049393492,J2,-1.516994669,0.000000000,0.391390715
12.049393492,J3,0.220659676,0.000000000,-0.314010223
12.059452506,J1,-1.558229777,-0.000000000,0.000000000
12.059452506,J2,-1.516994669,0.000000000,0.391390715
12.059452506,J3,0.220659676,0.000000000,-0.314010223
12.069427499,J1,-1.558229777,-0.000000000,0.000000000
12.069427499,J2,-1.516994669,0.000000000,0.391390715
12.069427499,J3,0.220659676,0.000000000,-0.314010223
12.079441744,J1,-1.558229777,-0.000000000,0.000000000
12.079441744,J2,-1.516994669,0.000000000,0.391390715
12.079441744,J3,0.220659676,0.000000000,-0.314010223
12.089497894,J1,-1.558229777,-0.000000000,0.000000000
12.089497894,J2,-1.516994669,0.000000000,0.391390715
12.089497894,J3,0.220659676,0.000000000,-0.314010223
12.099481128,J1,-1.558229777,-0.000000000,0.000000000
12.099481128,J2,-1.516994669,0.000000000,0.391390715
12.099481128,J3,0.220659676,0.000000000,-0.314010223
12.109453118,J1,-1.558229777,-0.000000000,0.000000000
12.109453118,J2,-1.516994669,0.000000000,0.391390715
12.109453118,J3,0.220659676,0.000000000,-0.314010223
12.119421127,J1,-1.558229777,-0.000000000,0.000000000
12.119421127,J2,-1.516994669,0.000000000,0.391390715
12.119421127,J3,0.220659676,0.000000000,-0.314010223
12.129510941,J1,-1.558229777,-0.000000000,0.000000000
12.129510941,J2,-1.516994669,0.000000000,0.391390715
12.129510941,J3,0.220659676,0.000000000,-0.314010223
12.139457718,J1,-1.558229777,-0.000000000,0.000000000
12.139457718,J2,-1.516994669,0.000000000,0.391390715
12.139457718,J3,0.220659676,0.000000000,-0.314010223
12.149471334,J1,-1.558229777,-0.000000000,0.000000000
12.149471334,J2,-1.516994669,0.000000000,0.391390715
12.149471334,J3,0.220659676,0.000000000,-0.314010223
12.162272738,J1,-1.558229777,-0.000000000,0.000000000
12.162272738,J2,-1.516994669,0.000000000,0.391390715
12.162272738,J3,0.220659676,0.000000000,-0.314010223
12.172153791,J1,-1.558229777,-0.000000000,0.000000000
12.172153791,J2,-1.516994669,0.000000000,0.391390715
12.172153791,J3,0.220659676,0.000000000,-0.314010223
12.182137515,J1,-1.558229777,-0.000000000,0.000000000
12.182137515,J2,-1.516994669,0.000000000,0.391390715
12.182137515,J3,0.220659676,0.000000000,-0.314010223
12.192163493,J1,-1.558229777,-0.000000000,0.000000000
12.192163493,J2,-1.516994669,0.000000000,0.391390715
12.192163493,J3,0.220659676,0.000000000,-0.314010223
12.202148124,J1,-1.558229777,-0.000000000,0.000000000
12.202148124,J2,-1.516994669,0.000000000,0.391390715
12.202148124,J3,0.220659676,0.000000000,-0.314010223
12.212120603,J1,-1.558229777,-0.000000000,0.000000000
12.212120603,J2,-1.516994669,0.000000000,0.391390715
12.212120603,J3,0.220659676,0.000000000,-0.314010223
12.222150213,J1,-1.558229777,-0.000000000,0.000000000
12.222150213,J2,-1.516994669,0.000000000,0.391390715
12.222150213,J3,0.220659676,0.000000000,-0.314010223
12.232138965,J1,-1.558229777,-0.000000000,0.000000000
12.232138965,J2,-1.516994669,0.000000000,0.391390715
12.232138965,J3,0.220659676,0.000000000,-0.314010223
12.242197909,J1,-1.558229777,-0.000000000,0.000000000
12.242197909,J2,-1.516994669,0.000000000,0.391390715
12.242197909,J3,0.220659676,0.000000000,-0.314010223
12.252145104,J1,-1.558229777,-0.000000000,0.000000000
12.252145104,J2,-1.516994669,0.000000000,0.391390715
12.252145104,J3,0.220659676,0.000000000,-0.314010223
12.262146638,J1,-1.558229777,-0.000000000,0.000000000
12.262146638,J2,-1.516994669,0.000000000,0.391390715
12.262146638,J3,0.220659676,0.000000000,-0.314010223
12.272174292,J1,-1.558229777,-0.000000000,0.000000000
12.272174292,J2,-1.516994669,0.000000000,0.391390715
12.272174292,J3,0.220659676,0.000000000,-0.314010223
12.282157177,J1,-1.558229777,-0.000000000,0.000000000
12.282157177,J2,-1.516994669,0.000000000,0.391390715
12.282157177,J3,0.220659676,0.000000000,-0.314010223
12.292153542,J1,-1.558229777,-0.000000000,0.000000000
12.292153542,J2,-1.516994669,0.000000000,0.391390715
12.292153542,J3,0.220659676,0.000000000,-0.314010223
12.302130630,J1,-1.558229777,-0.000000000,0.000000000
12.302130630,J2,-1.516994669,0.000000000,0.391390715
12.302130630,J3,0.220659676,0.000000000,-0.314010223
12.312213251,J1,-1.558229777,-0.000000000,0.000000000
12.312213251,J2,-1.516994669,0.000000000,0.391390715
12.312213251,J3,0.220659676,0.000000000,-0.314010223
12.322153323,J1,-1.558229777,-0.000000000,0.000000000
12.322153323,J2,-1.516994669,0.000000000,0.391390715
12.322153323,J3,0.220659676,0.000000000,-0.314010223
12.332135020,J1,-1.558229777,-0.000000000,0.000000000
12.332135020,J2,-1.516994669,0.000000000,0.391390715
12.332135020,J3,0.220659676,0.000000000,-0.314010223
12.342259687,J1,-1.558229777,-0.000000000,0.000000000
12.342259687,J2,-1.516994669,0.000000000,0.391390715
12.342259687,J3,0.220659676,0.000000000,-0.314010223
12.352113572,J1,-1.558229777,-0.000000000,0.000000000
12.352113572,J2,-1.516994669,0.000000000,0.391390715
12.352113572,J3,0.220659676,0.000000000,-0.314010223
12.362174402,J1,-1.558229777,-0.000000000,0.000000000
12.362174402,J2,-1.516994669,0.000000000,0.391390715
12.362174402,J3,0.220659676,0.000000000,-0.314010223
12.372168602,J1,-1.558229777,-0.000000000,0.000000000
12.372168602,J2,-1.516994669,0.000000000,0.391390715
12.372168602,J3,0.220659676,0.000000000,-0.314010223
12.382171113,J1,-1.558229777,-0.000000000,0.000000000
12.382171113,J2,-1.516994669,0.000000000,0.391390715
12.382171113,J3,0.220659676,0.000000000,-0.314010223
12.392161122,J1,-1.558229777,-0.000000000,0.000000000
12.392161122,J2,-1.516994669,0.000000000,0.391390715
12.392161122,J3,0.220659676,0.000000000,-0.314010223
12.402124940,J1,-1.558229777,-0.000000000,0.000000000
12.402124940,J2,-1.516994669,0.000000000,0.391390715
12.402124940,J3,0.220659676,0.000000000,-0.314010223
12.412115718,J1,-1.558229777,-0.000000000,0.000000000
12.412115718,J2,-1.516994669,0.000000000,0.391390715
12.412115718,J3,0.220659676,0.000000000,-0.314010223
12.422245413,J1,-1.558229777,-0.000000000,0.000000000
12.422245413,J2,-1.516994669,0.000000000,0.391390715
12.422245413,J3,0.220659676,0.000000000,-0.314010223
12.432130867,J1,-1.558229777,-0.000000000,0.000000000
12.432130867,J2,-1.516994669,0.000000000,0.391390715
12.432130867,J3,0.220659676,0.000000000,-0.314010223
12.442183037,J1,-1.558229777,-0.000000000,0.000000000
12.442183037,J2,-1.516994669,0.000000000,0.391390715
12.442183037,J3,0.220659676,0.000000000,-0.314010223
12.452097057,J1,-1.558229777,-0.000000000,0.000000000
12.452097057,J2,-1.516994669,0.000000000,0.391390715
12.452097057,J3,0.220659676,0.000000000,-0.314010223
12.462156420,J1,-1.558229777,-0.000000000,0.000000000
12.462156420,J2,-1.516994669,0.000000000,0.391390715
12.462156420,J3,0.220659676,0.000000000,-0.314010223
12.472206914,J1,-1.558229777,-0.000000000,0.000000000
12.472206914,J2,-1.516994669,0.000000000,0.391390715
12.472206914,J3,0.220659676,0.000000000,-0.314010223
12.482146496,J1,-1.558229777,-0.000000000,0.000000000
12.482146496,J2,-1.516994669,0.000000000,0.391390715
12.482146496,J3,0.220659676,0.000000000,-0.314010223
12.492174291,J1,-1.558229777,-0.000000000,0.000000000
12.492174291,J2,-1.516994669,0.000000000,0.391390715
12.492174291,J3,0.220659676,0.000000000,-0.314010223
12.502128610,J1,-1.558229777,-0.000000000,0.000000000
12.502128610,J2,-1.516994669,0.000000000,0.391390715
12.502128610,J3,0.220659676,0.000000000,-0.314010223
12.512164227,J1,-1.558229777,-0.000000000,0.000000000
12.512164227,J2,-1.516994669,0.000000000,0.391390715
12.512164227,J3,0.220659676,0.000000000,-0.314010223
12.522120781,J1,-1.558229777,-0.000000000,0.000000000
12.522120781,J2,-1.516994669,0.000000000,0.391390715
12.522120781,J3,0.220659676,0.000000000,-0.314010223
12.532179027,J1,-1.558229777,-0.000000000,0.000000000
12.532179027,J2,-1.516994669,0.000000000,0.391390715
12.532179027,J3,0.220659676,0.000000000,-0.314010223
12.542137537,J1,-1.558229777,-0.000000000,0.000000000
12.542137537,J2,-1.516994669,0.000000000,0.391390715
12.542137537,J3,0.220659676,0.000000000,-0.314010223
12.552154366,J1,-1.558229777,-0.000000000,0.000000000
12.552154366,J2,-1.516994669,0.000000000,0.391390715
12.552154366,J3,0.220659676,0.000000000,-0.314010223
12.562143398,J1,-1.558229777,-0.000000000,0.000000000
12.562143398,J2,-1.516994669,0.000000000,0.391390715
12.562143398,J3,0.220659676,0.000000000,-0.314010223
12.572193193,J1,-1.558229777,-0.000000000,0.000000000
12.572193193,J2,-1.516994669,0.000000000,0.391390715
12.572193193,J3,0.220659676,0.000000000,-0.314010223
12.582179081,J1,-1.558229777,-0.000000000,0.000000000
12.582179081,J2,-1.516994669,0.000000000,0.391390715
12.582179081,J3,0.220659676,0.000000000,-0.314010223
12.592333152,J1,-1.558229777,-0.000000000,0.000000000
12.592333152,J2,-1.516994669,0.000000000,0.391390715
12.592333152,J3,0.220659676,0.000000000,-0.314010223
12.602092679,J1,-1.558229777,-0.000000000,0.000000000
12.602092679,J2,-1.516994669,0.000000000,0.391390715
12.602092679,J3,0.220659676,0.000000000,-0.314010223
12.612161402,J1,-1.558229777,-0.000000000,0.000000000
12.612161402,J2,-1.516994669,0.000000000,0.391390715
12.612161402,J3,0.220659676,0.000000000,-0.314010223
12.622195272,J1,-1.558229777,-0.000000000,0.000000000
12.622195272,J2,-1.516994669,0.000000000,0.391390715
12.622195272,J3,0.220659676,0.000000000,-0.314010223
12.632135414,J1,-1.558229777,-0.000000000,0.000000000
12.632135414,J2,-1.516994669,0.000000000,0.391390715
12.632135414,J3,0.220659676,0.000000000,-0.314010223
12.642150147,J1,-1.558229777,-0.000000000,0.000000000
12.642150147,J2,-1.516994669,0.000000000,0.391390715
12.642150147,J3,0.220659676,0.000000000,-0.314010223
12.652092244,J1,-1.558229777,-0.000000000,0.000000000
12.652092244,J2,-1.516994669,0.000000000,0.391390715
12.652092244,J3,0.220659676,0.000000000,-0.314010223
12.662145881,J1,-1.558229777,-0.000000000,0.000000000
12.662145881,J2,-1.516994669,0.000000000,0.391390715
12.662145881,J3,0.220659676,0.000000000,-0.314010223
12.672148671,J1,-1.558229777,-0.000000000,0.000000000
12.672148671,J2,-1.516994669,0.000000000,0.391390715
12.672148671,J3,0.220659676,0.000000000,-0.314010223
12.682175069,J1,-1.558229777,-0.000000000,0.000000000
12.682175069,J2,-1.516994669,0.000000000,0.391390715
12.682175069,J3,0.220659676,0.000000000,-0.314010223
12.692150201,J1,-1.558229777,-0.000000000,0.000000000
12.692150201,J2,-1.516994669,0.000000000,0.391390715
12.692150201,J3,0.220659676,0.000000000,-0.314010223
12.702121353,J1,-1.558229777,-0.000000000,0.000000000
12.702121353,J2,-1.516994669,0.000000000,0.391390715
12.702121353,J3,0.220659676,0.000000000,-0.314010223
12.712208165,J1,-1.558229777,-0.000000000,0.000000000
12.712208165,J2,-1.516994669,0.000000000,0.391390715
12.712208165,J3,0.220659676,0.000000000,-0.314010223
12.722190282,J1,-1.558229777,-0.000000000,0.000000000
12.722190282,J2,-1.516994669,0.000000000,0.391390715
12.722190282,J3,0.220659676,0.000000000,-0.314010223
12.732149770,J1,-1.558229777,-0.000000000,0.000000000
12.732149770,J2,-1.516994669,0.000000000,0.391390715
12.732149770,J3,0.220659676,0.000000000,-0.314010223
12.742331498,J1,-1.558229777,-0.000000000,0.000000000
12.742331498,J2,-1.516994669,0.000000000,0.391390715
12.742331498,J3,0.220659676,0.000000000,-0.314010223
12.752120988,J1,-1.558229777,-0.000000000,0.000000000
12.752120988,J2,-1.516994669,0.000000000,0.391390715
12.752120988,J3,0.220659676,0.000000000,-0.314010223
12.762216181,J1,-1.558229777,-0.000000000,0.000000000
12.762216181,J2,-1.516994669,0.000000000,0.391390715
12.762216181,J3,0.220659676,0.000000000,-0.314010223
12.772261227,J1,-1.558229777,-0.000000000,0.000000000
12.772261227,J2,-1.516994669,0.000000000,0.391390715
12.772261227,J3,0.220659676,0.000000000,-0.314010223
12.782130477,J1,-1.558229777,-0.000000000,0.000000000
12.782130477,J2,-1.516994669,0.000000000,0.391390715
12.782130477,J3,0.220659676,0.000000000,-0.314010223
12.792191866,J1,-1.558229777,-0.000000000,0.000000000
12.792191866,J2,-1.516994669,0.000000000,0.391390715
12.792191866,J3,0.220659676,0.000000000,-0.314010223
12.802137804,J1,-1.558229777,-0.000000000,0.000000000
12.802137804,J2,-1.516994669,0.000000000,0.391390715
12.802137804,J3,0.220659676,0.000000000,-0.314010223
12.812149814,J1,-1.558229777,-0.000000000,0.000000000
12.812149814,J2,-1.516994669,0.000000000,0.391390715
12.812149814,J3,0.220659676,0.000000000,-0.314010223
12.823690550,J1,-1.558229777,-0.000000000,0.000000000
12.823690550,J2,-1.516994669,0.000000000,0.391390715
12.823690550,J3,0.220659676,0.000000000,-0.314010223
12.832171180,J1,-1.558229777,-0.000000000,0.000000000
12.832171180,J2,-1.516994669,0.000000000,0.391390715
12.832171180,J3,0.220659676,0.000000000,-0.314010223
12.842296405,J1,-1.558229777,-0.000000000,0.000000000
12.842296405,J2,-1.516994669,0.000000000,0.391390715
12.842296405,J3,0.220659676,0.000000000,-0.314010223
12.852230400,J1,-1.558229777,-0.000000000,0.000000000
12.852230400,J2,-1.516994669,0.000000000,0.391390715
12.852230400,J3,0.220659676,0.000000000,-0.314010223
12.862244156,J1,-1.558229777,-0.000000000,0.000000000
12.862244156,J2,-1.516994669,0.000000000,0.391390715
12.862244156,J3,0.220659676,0.000000000,-0.314010223
12.872324333,J1,-1.558229777,-0.000000000,0.000000000
12.872324333,J2,-1.516994669,0.000000000,0.391390715
12.872324333,J3,0.220659676,0.000000000,-0.314010223
12.882168580,J1,-1.558229777,-0.000000000,0.000000000
12.882168580,J2,-1.516994669,0.000000000,0.391390715
12.882168580,J3,0.220659676,0.000000000,-0.314010223
12.892189250,J1,-1.558229777,-0.000000000,0.000000000
12.892189250,J2,-1.516994669,0.000000000,0.391390715
12.892189250,J3,0.220659676,0.000000000,-0.314010223
12.902143639,J1,-1.558229777,-0.000000000,0.000000000
12.902143639,J2,-1.516994669,0.000000000,0.391390715
12.902143639,J3,0.220659676,0.000000000,-0.314010223
12.912169199,J1,-1.558229777,-0.000000000,0.000000000
12.912169199,J2,-1.516994669,0.000000000,0.391390715
12.912169199,J3,0.220659676,0.000000000,-0.314010223
12.922129664,J1,-1.558229777,-0.000000000,0.000000000
12.922129664,J2,-1.516994669,0.000000000,0.391390715
12.922129664,J3,0.220659676,0.000000000,-0.314010223
12.932182323,J1,-1.558229777,-0.000000000,0.000000000
12.932182323,J2,-1.516994669,0.000000000,0.391390715
12.932182323,J3,0.220659676,0.000000000,-0.314010223
12.942262430,J1,-1.558229777,-0.000000000,0.000000000
12.942262430,J2,-1.516994669,0.000000000,0.391390715
12.942262430,J3,0.220659676,0.000000000,-0.314010223
12.952159548,J1,-1.558229777,-0.000000000,0.000000000
12.952159548,J2,-1.516994669,0.000000000,0.391390715
12.952159548,J3,0.220659676,0.000000000,-0.314010223
12.962143760,J1,-1.558229777,-0.000000000,0.000000000
12.962143760,J2,-1.516994669,0.000000000,0.391390715
12.962143760,J3,0.220659676,0.000000000,-0.314010223
12.972127274,J1,-1.558229777,-0.000000000,0.000000000
12.972127274,J2,-1.516994669,0.000000000,0.391390715
12.972127274,J3,0.220659676,0.000000000,-0.314010223
12.982136700,J1,-1.558229777,-0.000000000,0.000000000
12.982136700,J2,-1.516994669,0.000000000,0.391390715
12.982136700,J3,0.220659676,0.000000000,-0.314010223
12.992163656,J1,-1.558229777,-0.000000000,0.000000000
12.992163656,J2,-1.516994669,0.000000000,0.391390715
12.992163656,J3,0.220659676,0.000000000,-0.314010223
13.002140535,J1,-1.558229777,-0.000000000,0.000000000
13.002140535,J2,-1.516994669,0.000000000,0.391390715
13.002140535,J3,0.220659676,0.000000000,-0.314010223
13.012141928,J1,-1.558229777,-0.000000000,0.000000000
13.012141928,J2,-1.516994669,0.000000000,0.391390715
13.012141928,J3,0.220659676,0.000000000,-0.314010223
13.022064888,J1,-1.558229777,-0.000000000,0.000000000
13.022064888,J2,-1.516994669,0.000000000,0.391390715
13.022064888,J3,0.220659676,0.000000000,-0.314010223
13.032149814,J1,-1.558229777,-0.000000000,0.000000000
13.032149814,J2,-1.516994669,0.000000000,0.391390715
13.032149814,J3,0.220659676,0.000000000,-0.314010223
13.042140941,J1,-1.558229777,-0.000000000,0.000000000
13.042140941,J2,-1.516994669,0.000000000,0.391390715
13.042140941,J3,0.220659676,0.000000000,-0.314010223
13.052083108,J1,-1.558229777,-0.000000000,0.000000000
13.052083108,J2,-1.516994669,0.000000000,0.391390715
13.052083108,J3,0.220659676,0.000000000,-0.314010223
13.062188149,J1,-1.558229777,-0.000000000,0.000000000
13.062188149,J2,-1.516994669,0.000000000,0.391390715
13.062188149,J3,0.220659676,0.000000000,-0.314010223
13.072119490,J1,-1.558229777,-0.000000000,0.000000000
13.072119490,J2,-1.516994669,0.000000000,0.391390715
13.072119490,J3,0.220659676,0.000000000,-0.314010223
13.082129684,J1,-1.558229777,-0.000000000,0.000000000
13.082129684,J2,-1.516994669,0.000000000,0.391390715
13.082129684,J3,0.220659676,0.000000000,-0.314010223
13.092172424,J1,-1.558229777,-0.000000000,0.000000000
13.092172424,J2,-1.516994669,0.000000000,0.391390715
13.092172424,J3,0.220659676,0.000000000,-0.314010223
13.102093918,J1,-1.558229777,-0.000000000,0.000000000
13.102093918,J2,-1.516994669,0.000000000,0.391390715
13.102093918,J3,0.220659676,0.000000000,-0.314010223
13.112114448,J1,-1.558229777,-0.000000000,0.000000000
13.112114448,J2,-1.516994669,0.000000000,0.391390715
13.112114448,J3,0.220659676,0.000000000,-0.314010223
13.122072958,J1,-1.558229777,-0.000000000,0.000000000
13.122072958,J2,-1.516994669,0.000000000,0.391390715
13.122072958,J3,0.220659676,0.000000000,-0.314010223
13.132117236,J1,-1.558229777,-0.000000000,0.000000000
13.132117236,J2,-1.516994669,0.000000000,0.391390715
13.132117236,J3,0.220659676,0.000000000,-0.314010223
13.142128757,J1,-1.558229777,-0.000000000,0.000000000
13.142128757,J2,-1.516994669,0.000000000,0.391390715
13.142128757,J3,0.220659676,0.000000000,-0.314010223
13.152091317,J1,-1.558229777,-0.000000000,0.000000000
13.152091317,J2,-1.516994669,0.000000000,0.391390715
13.152091317,J3,0.220659676,0.000000000,-0.314010223
13.162184136,J1,-1.558229777,-0.000000000,0.000000000
13.162184136,J2,-1.516994669,0.000000000,0.391390715
13.162184136,J3,0.220659676,0.000000000,-0.314010223
13.172079927,J1,-1.558229777,-0.000000000,0.000000000
13.172079927,J2,-1.516994669,0.000000000,0.391390715
13.172079927,J3,0.220659676,0.000000000,-0.314010223
13.182127068,J1,-1.558229777,-0.000000000,0.000000000
13.182127068,J2,-1.516994669,0.000000000,0.391390715
13.182127068,J3,0.220659676,0.000000000,-0.314010223
13.192139706,J1,-1.558229777,-0.000000000,0.000000000
13.192139706,J2,-1.516994669,0.000000000,0.391390715
13.192139706,J3,0.220659676,0.000000000,-0.314010223
13.202068393,J1,-1.558229777,-0.000000000,0.000000000
13.202068393,J2,-1.516994669,0.000000000,0.391390715
13.202068393,J3,0.220659676,0.000000000,-0.314010223
13.212106734,J1,-1.558229777,-0.000000000,0.000000000
13.212106734,J2,-1.516994669,0.000000000,0.391390715
13.212106734,J3,0.220659676,0.000000000,-0.314010223
13.222125309,J1,-1.558229777,-0.000000000,0.000000000
13.222125309,J2,-1.516994669,0.000000000,0.391390715
13.222125309,J3,0.220659676,0.000000000,-0.314010223
13.232075996,J1,-1.558229777,-0.000000000,0.000000000
13.232075996,J2,-1.516994669,0.000000000,0.391390715
13.232075996,J3,0.220659676,0.000000000,-0.314010223
13.242093594,J1,-1.558229777,-0.000000000,0.000000000
13.242093594,J2,-1.516994669,0.000000000,0.391390715
13.242093594,J3,0.220659676,0.000000000,-0.314010223
13.252068517,J1,-1.558229777,-0.000000000,0.000000000
13.252068517,J2,-1.516994669,0.000000000,0.391390715
13.252068517,J3,0.220659676,0.000000000,-0.314010223
13.262127112,J1,-1.558229777,-0.000000000,0.000000000
13.262127112,J2,-1.516994669,0.000000000,0.391390715
13.262127112,J3,0.220659676,0.000000000,-0.314010223
13.272115375,J1,-1.558229777,-0.000000000,0.000000000
13.272115375,J2,-1.516994669,0.000000000,0.391390715
13.272115375,J3,0.220659676,0.000000000,-0.314010223
13.282140725,J1,-1.558229777,-0.000000000,0.000000000
13.282140725,J2,-1.516994669,0.000000000,0.391390715
13.282140725,J3,0.220659676,0.000000000,-0.314010223
13.292199530,J1,-1.558229777,-0.000000000,0.000000000
13.292199530,J2,-1.516994669,0.000000000,0.391390715
13.292199530,J3,0.220659676,0.000000000,-0.314010223
13.302320076,J1,-1.558229777,-0.000000000,0.000000000
13.302320076,J2,-1.516994669,0.000000000,0.391390715
13.302320076,J3,0.220659676,0.000000000,-0.314010223
13.312168723,J1,-1.558229777,-0.000000000,0.000000000
13.312168723,J2,-1.516994669,0.000000000,0.391390715
13.312168723,J3,0.220659676,0.000000000,-0.314010223
13.322124090,J1,-1.558229777,-0.000000000,0.000000000
13.322124090,J2,-1.516994669,0.000000000,0.391390715
13.322124090,J3,0.220659676,0.000000000,-0.314010223
13.332125134,J1,-1.558229777,-0.000000000,0.000000000
13.332125134,J2,-1.516994669,0.000000000,0.391390715
13.332125134,J3,0.220659676,0.000000000,-0.314010223
13.342195812,J1,-1.558229777,-0.000000000,0.000000000
13.342195812,J2,-1.516994669,0.000000000,0.391390715
13.342195812,J3,0.220659676,0.000000000,-0.314010223
13.352168570,J1,-1.558229777,-0.000000000,0.000000000
13.352168570,J2,-1.516994669,0.000000000,0.391390715
13.352168570,J3,0.220659676,0.000000000,-0.314010223
13.362149710,J1,-1.558229777,-0.000000000,0.000000000
13.362149710,J2,-1.516994669,0.000000000,0.391390715
13.362149710,J3,0.220659676,0.000000000,-0.314010223
13.372041240,J1,-1.558229777,-0.000000000,0.000000000
13.372041240,J2,-1.516994669,0.000000000,0.391390715
13.372041240,J3,0.220659676,0.000000000,-0.314010223
13.382113594,J1,-1.558229777,-0.000000000,0.000000000
13.382113594,J2,-1.516994669,0.000000000,0.391390715
13.382113594,J3,0.220659676,0.000000000,-0.314010223
13.392083908,J1,-1.558229777,-0.000000000,0.000000000
13.392083908,J2,-1.516994669,0.000000000,0.391390715
13.392083908,J3,0.220659676,0.000000000,-0.314010223
13.402052196,J1,-1.558229777,-0.000000000,0.000000000
13.402052196,J2,-1.516994669,0.000000000,0.391390715
13.402052196,J3,0.220659676,0.000000000,-0.314010223
13.412079292,J1,-1.558229777,-0.000000000,0.000000000
13.412079292,J2,-1.516994669,0.000000000,0.391390715
13.412079292,J3,0.220659676,0.000000000,-0.314010223
13.422101849,J1,-1.558229777,-0.000000000,0.000000000
13.422101849,J2,-1.516994669,0.000000000,0.391390715
13.422101849,J3,0.220659676,0.000000000,-0.314010223
13.432141936,J1,-1.558229777,-0.000000000,0.000000000
13.432141936,J2,-1.516994669,0.000000000,0.391390715
13.432141936,J3,0.220659676,0.000000000,-0.314010223
13.442084452,J1,-1.558229777,-0.000000000,0.000000000
13.442084452,J2,-1.516994669,0.000000000,0.391390715
13.442084452,J3,0.220659676,0.000000000,-0.314010223
13.452087871,J1,-1.558229777,-0.000000000,0.000000000
13.452087871,J2,-1.516994669,0.000000000,0.391390715
13.452087871,J3,0.220659676,0.000000000,-0.314010223
13.462138434,J1,-1.558229777,-0.000000000,0.000000000
13.462138434,J2,-1.516994669,0.000000000,0.391390715
13.462138434,J3,0.220659676,0.000000000,-0.314010223
13.472115383,J1,-1.558229777,-0.000000000,0.000000000
13.472115383,J2,-1.516994669,0.000000000,0.391390715
13.472115383,J3,0.220659676,0.000000000,-0.314010223
13.482118244,J1,-1.558229777,-0.000000000,0.000000000
13.482118244,J2,-1.516994669,0.000000000,0.391390715
13.482118244,J3,0.220659676,0.000000000,-0.314010223
13.492128996,J1,-1.558229777,-0.000000000,0.000000000
13.492128996,J2,-1.516994669,0.000000000,0.391390715
13.492128996,J3,0.220659676,0.000000000,-0.314010223
13.502120752,J1,-1.558229777,-0.000000000,0.000000000
13.502120752,J2,-1.516994669,0.000000000,0.391390715
13.502120752,J3,0.220659676,0.000000000,-0.314010223
13.512125219,J1,-1.558229777,-0.000000000,0.000000000
13.512125219,J2,-1.516994669,0.000000000,0.391390715
13.512125219,J3,0.220659676,0.000000000,-0.314010223
13.522073113,J1,-1.558229777,-0.000000000,0.000000000
13.522073113,J2,-1.516994669,0.000000000,0.391390715
13.522073113,J3,0.220659676,0.000000000,-0.314010223
13.532112012,J1,-1.558229777,-0.000000000,0.000000000
13.532112012,J2,-1.516994669,0.000000000,0.391390715
13.532112012,J3,0.220659676,0.000000000,-0.314010223
13.542235492,J1,-1.558229777,-0.000000000,0.000000000
13.542235492,J2,-1.516994669,0.000000000,0.391390715
13.542235492,J3,0.220659676,0.000000000,-0.314010223
13.552107746,J1,-1.558229777,-0.000000000,0.000000000
13.552107746,J2,-1.516994669,0.000000000,0.391390715
13.552107746,J3,0.220659676,0.000000000,-0.314010223
13.562091539,J1,-1.558229777,-0.000000000,0.000000000
13.562091539,J2,-1.516994669,0.000000000,0.391390715
13.562091539,J3,0.220659676,0.000000000,-0.314010223
13.572087346,J1,-1.558229777,-0.000000000,0.000000000
13.572087346,J2,-1.516994669,0.000000000,0.391390715
13.572087346,J3,0.220659676,0.000000000,-0.314010223
13.582120309,J1,-1.558229777,-0.000000000,0.000000000
13.582120309,J2,-1.516994669,0.000000000,0.391390715
13.582120309,J3,0.220659676,0.000000000,-0.314010223
13.592105708,J1,-1.558229777,-0.000000000,0.000000000
13.592105708,J2,-1.516994669,0.000000000,0.391390715
13.592105708,J3,0.220659676,0.000000000,-0.314010223
13.602090899,J1,-1.558229777,-0.000000000,0.000000000
13.602090899,J2,-1.516994669,0.000000000,0.391390715
13.602090899,J3,0.220659676,0.000000000,-0.314010223
13.612074063,J1,-1.558229777,-0.000000000,0.000000000
13.612074063,J2,-1.516994669,0.000000000,0.391390715
13.612074063,J3,0.220659676,0.000000000,-0.314010223
13.622076575,J1,-1.558229777,-0.000000000,0.000000000
13.622076575,J2,-1.516994669,0.000000000,0.391390715
13.622076575,J3,0.220659676,0.000000000,-0.314010223
13.632113170,J1,-1.558229777,-0.000000000,0.000000000
13.632113170,J2,-1.516994669,0.000000000,0.391390715
13.632113170,J3,0.220659676,0.000000000,-0.314010223
13.642072378,J1,-1.558229777,-0.000000000,0.000000000
13.642072378,J2,-1.516994669,0.000000000,0.391390715
13.642072378,J3,0.220659676,0.000000000,-0.314010223
13.652100173,J1,-1.558229777,-0.000000000,0.000000000
13.652100173,J2,-1.516994669,0.000000000,0.391390715
13.652100173,J3,0.220659676,0.000000000,-0.314010223
13.662094512,J1,-1.558229777,-0.000000000,0.000000000
13.662094512,J2,-1.516994669,0.000000000,0.391390715
13.662094512,J3,0.220659676,0.000000000,-0.314010223
13.672095417,J1,-1.558229777,-0.000000000,0.000000000
13.672095417,J2,-1.516994669,0.000000000,0.391390715
13.672095417,J3,0.220659676,0.000000000,-0.314010223
13.682126634,J1,-1.558229777,-0.000000000,0.000000000
13.682126634,J2,-1.516994669,0.000000000,0.391390715
13.682126634,J3,0.220659676,0.000000000,-0.314010223
13.692111405,J1,-1.558229777,-0.000000000,0.000000000
13.692111405,J2,-1.516994669,0.000000000,0.391390715
13.692111405,J3,0.220659676,0.000000000,-0.314010223
13.702116571,J1,-1.558229777,-0.000000000,0.000000000
13.702116571,J2,-1.516994669,0.000000000,0.391390715
13.702116571,J3,0.220659676,0.000000000,-0.314010223
13.712310801,J1,-1.558229777,-0.000000000,0.000000000
13.712310801,J2,-1.516994669,0.000000000,0.391390715
13.712310801,J3,0.220659676,0.000000000,-0.314010223
13.722126832,J1,-1.558229777,-0.000000000,0.000000000
13.722126832,J2,-1.516994669,0.000000000,0.391390715
13.722126832,J3,0.220659676,0.000000000,-0.314010223
13.732116771,J1,-1.558229777,-0.000000000,0.000000000
13.732116771,J2,-1.516994669,0.000000000,0.391390715
13.732116771,J3,0.220659676,0.000000000,-0.314010223
13.742165519,J1,-1.558229777,-0.000000000,0.000000000
13.742165519,J2,-1.516994669,0.000000000,0.391390715
13.742165519,J3,0.220659676,0.000000000,-0.314010223
13.752118371,J1,-1.558229777,-0.000000000,0.000000000
13.752118371,J2,-1.516994669,0.000000000,0.391390715
13.752118371,J3,0.220659676,0.000000000,-0.314010223
13.762080793,J1,-1.558229777,-0.000000000,0.000000000
13.762080793,J2,-1.516994669,0.000000000,0.391390715
13.762080793,J3,0.220659676,0.000000000,-0.314010223
13.772170538,J1,-1.558229777,-0.000000000,0.000000000
13.772170538,J2,-1.516994669,0.000000000,0.391390715
13.772170538,J3,0.220659676,0.000000000,-0.314010223
13.782103416,J1,-1.558229777,-0.000000000,0.000000000
13.782103416,J2,-1.516994669,0.000000000,0.391390715
13.782103416,J3,0.220659676,0.000000000,-0.314010223
13.792112353,J1,-1.558229777,-0.000000000,0.000000000
13.792112353,J2,-1.516994669,0.000000000,0.391390715
13.792112353,J3,0.220659676,0.000000000,-0.314010223
13.802131766,J1,-1.558229777,-0.000000000,0.000000000
13.802131766,J2,-1.516994669,0.000000000,0.391390715
13.802131766,J3,0.220659676,0.000000000,-0.314010223
13.812061431,J1,-1.558229777,-0.000000000,0.000000000
13.812061431,J2,-1.516994669,0.000000000,0.391390715
13.812061431,J3,0.220659676,0.000000000,-0.314010223
13.822066177,J1,-1.558229777,-0.000000000,0.000000000
13.822066177,J2,-1.516994669,0.000000000,0.391390715
13.822066177,J3,0.220659676,0.000000000,-0.314010223
13.832112620,J1,-1.558229777,-0.000000000,0.000000000
13.832112620,J2,-1.516994669,0.000000000,0.391390715
13.832112620,J3,0.220659676,0.000000000,-0.314010223
13.842082026,J1,-1.558229777,-0.000000000,0.000000000
13.842082026,J2,-1.516994669,0.000000000,0.391390715
13.842082026,J3,0.220659676,0.000000000,-0.314010223
13.852095083,J1,-1.558229777,-0.000000000,0.000000000
13.852095083,J2,-1.516994669,0.000000000,0.391390715
13.852095083,J3,0.220659676,0.000000000,-0.314010223
13.862045841,J1,-1.558229777,-0.000000000,0.000000000
13.862045841,J2,-1.516994669,0.000000000,0.391390715
13.862045841,J3,0.220659676,0.000000000,-0.314010223
13.872061273,J1,-1.558229777,-0.000000000,0.000000000
13.872061273,J2,-1.516994669,0.000000000,0.391390715
13.872061273,J3,0.220659676,0.000000000,-0.314010223
13.882065601,J1,-1.558229777,-0.000000000,0.000000000
13.882065601,J2,-1.516994669,0.000000000,0.391390715
13.882065601,J3,0.220659676,0.000000000,-0.314010223
13.892173645,J1,-1.558229777,-0.000000000,0.000000000
13.892173645,J2,-1.516994669,0.000000000,0.391390715
13.892173645,J3,0.220659676,0.000000000,-0.314010223
13.902079004,J1,-1.558229777,-0.000000000,0.000000000
13.902079004,J2,-1.516994669,0.000000000,0.391390715
13.902079004,J3,0.220659676,0.000000000,-0.314010223
13.912051204,J1,-1.558229777,-0.000000000,0.000000000
13.912051204,J2,-1.516994669,0.000000000,0.391390715
13.912051204,J3,0.220659676,0.000000000,-0.314010223
13.922065449,J1,-1.558229777,-0.000000000,0.000000000
13.922065449,J2,-1.516994669,0.000000000,0.391390715
13.922065449,J3,0.220659676,0.000000000,-0.314010223
13.932062722,J1,-1.558229777,-0.000000000,0.000000000
13.932062722,J2,-1.516994669,0.000000000,0.391390715
13.932062722,J3,0.220659676,0.000000000,-0.314010223
13.942071100,J1,-1.558229777,-0.000000000,0.000000000
13.942071100,J2,-1.516994669,0.000000000,0.391390715
13.942071100,J3,0.220659676,0.000000000,-0.314010223
13.952157283,J1,-1.558229777,-0.000000000,0.000000000
13.952157283,J2,-1.516994669,0.000000000,0.391390715
13.952157283,J3,0.220659676,0.000000000,-0.314010223
13.962083177,J1,-1.558229777,-0.000000000,0.000000000
13.962083177,J2,-1.516994669,0.000000000,0.391390715
13.962083177,J3,0.220659676,0.000000000,-0.314010223
13.972042735,J1,-1.558229777,-0.000000000,0.000000000
13.972042735,J2,-1.516994669,0.000000000,0.391390715
13.972042735,J3,0.220659676,0.000000000,-0.314010223
13.982092041,J1,-1.558229777,-0.000000000,0.000000000
13.982092041,J2,-1.516994669,0.000000000,0.391390715
13.982092041,J3,0.220659676,0.000000000,-0.314010223
13.992082888,J1,-1.558229777,-0.000000000,0.000000000
13.992082888,J2,-1.516994669,0.000000000,0.391390715
13.992082888,J3,0.220659676,0.000000000,-0.314010223
14.002078276,J1,-1.558229777,-0.000000000,0.000000000
14.002078276,J2,-1.516994669,0.000000000,0.391390715
14.002078276,J3,0.220659676,0.000000000,-0.314010223
14.012096781,J1,-1.558229777,-0.000000000,0.000000000
14.012096781,J2,-1.516994669,0.000000000,0.391390715
14.012096781,J3,0.220659676,0.000000000,-0.314010223
14.022062206,J1,-1.558229777,-0.000000000,0.000000000
14.022062206,J2,-1.516994669,0.000000000,0.391390715
14.022062206,J3,0.220659676,0.000000000,-0.314010223
14.032119544,J1,-1.558229777,-0.000000000,0.000000000
14.032119544,J2,-1.516994669,0.000000000,0.391390715
14.032119544,J3,0.220659676,0.000000000,-0.314010223
14.042083711,J1,-1.558229777,-0.000000000,0.000000000
14.042083711,J2,-1.516994669,0.000000000,0.391390715
14.042083711,J3,0.220659676,0.000000000,-0.314010223
14.052116185,J1,-1.558229777,-0.000000000,0.000000000
14.052116185,J2,-1.516994669,0.000000000,0.391390715
14.052116185,J3,0.220659676,0.000000000,-0.314010223
14.062398139,J1,-1.558229777,-0.000000000,0.000000000
14.062398139,J2,-1.516994669,0.000000000,0.391390715
14.062398139,J3,0.220659676,0.000000000,-0.314010223
14.075090239,J1,-1.558229777,-0.000000000,0.000000000
14.075090239,J2,-1.516994669,0.000000000,0.391390715
14.075090239,J3,0.220659676,0.000000000,-0.314010223
14.084991338,J1,-1.558229777,-0.000000000,0.000000000
14.084991338,J2,-1.516994669,0.000000000,0.391390715
14.084991338,J3,0.220659676,0.000000000,-0.314010223
14.095003557,J1,-1.558229777,-0.000000000,0.000000000
14.095003557,J2,-1.516994669,0.000000000,0.391390715
14.095003557,J3,0.220659676,0.000000000,-0.314010223
14.104957458,J1,-1.558229777,-0.000000000,0.000000000
14.104957458,J2,-1.516994669,0.000000000,0.391390715
14.104957458,J3,0.220659676,0.000000000,-0.314010223
14.114945302,J1,-1.558229777,-0.000000000,0.000000000
14.114945302,J2,-1.516994669,0.000000000,0.391390715
14.114945302,J3,0.220659676,0.000000000,-0.314010223
14.125079468,J1,-1.558229777,-0.000000000,0.000000000
14.125079468,J2,-1.516994669,0.000000000,0.391390715
14.125079468,J3,0.220659676,0.000000000,-0.314010223
14.134885371,J1,-1.558229777,-0.000000000,0.000000000
14.134885371,J2,-1.516994669,0.000000000,0.391390715
14.134885371,J3,0.220659676,0.000000000,-0.314010223
14.144987409,J1,-1.558229777,-0.000000000,0.000000000
14.144987409,J2,-1.516994669,0.000000000,0.391390715
14.144987409,J3,0.220659676,0.000000000,-0.314010223
14.154904222,J1,-1.558229777,-0.000000000,0.000000000
14.154904222,J2,-1.516994669,0.000000000,0.391390715
14.154904222,J3,0.220659676,0.000000000,-0.314010223
14.164892067,J1,-1.558229777,-0.000000000,0.000000000
14.164892067,J2,-1.516994669,0.000000000,0.391390715
14.164892067,J3,0.220659676,0.000000000,-0.314010223
14.174877676,J1,-1.558229777,-0.000000000,0.000000000
14.174877676,J2,-1.516994669,0.000000000,0.391390715
14.174877676,J3,0.220659676,0.000000000,-0.314010223
14.184901280,J1,-1.558229777,-0.000000000,0.000000000
14.184901280,J2,-1.516994669,0.000000000,0.391390715
14.184901280,J3,0.220659676,0.000000000,-0.314010223
14.195005203,J1,-1.558229777,-0.000000000,0.000000000
14.195005203,J2,-1.516994669,0.000000000,0.391390715
14.195005203,J3,0.220659676,0.000000000,-0.314010223
14.204879972,J1,-1.558229777,-0.000000000,0.000000000
14.204879972,J2,-1.516994669,0.000000000,0.391390715
14.204879972,J3,0.220659676,0.000000000,-0.314010223
14.215051573,J1,-1.558229777,-0.000000000,0.000000000
14.215051573,J2,-1.516994669,0.000000000,0.391390715
14.215051573,J3,0.220659676,0.000000000,-0.314010223
14.224889255,J1,-1.558229777,-0.000000000,0.000000000
14.224889255,J2,-1.516994669,0.000000000,0.391390715
14.224889255,J3,0.220659676,0.000000000,-0.314010223
14.234977883,J1,-1.558229777,-0.000000000,0.000000000
14.234977883,J2,-1.516994669,0.000000000,0.391390715
14.234977883,J3,0.220659676,0.000000000,-0.314010223
14.244976134,J1,-1.558229777,-0.000000000,0.000000000
14.244976134,J2,-1.516994669,0.000000000,0.391390715
14.244976134,J3,0.220659676,0.000000000,-0.314010223
14.254917183,J1,-1.558229777,-0.000000000,0.000000000
14.254917183,J2,-1.516994669,0.000000000,0.391390715
14.254917183,J3,0.220659676,0.000000000,-0.314010223
14.264988839,J1,-1.558229777,-0.000000000,0.000000000
14.264988839,J2,-1.516994669,0.000000000,0.391390715
14.264988839,J3,0.220659676,0.000000000,-0.314010223
14.274933800,J1,-1.558229777,-0.000000000,0.000000000
14.274933800,J2,-1.516994669,0.000000000,0.391390715
14.274933800,J3,0.220659676,0.000000000,-0.314010223
14.284923879,J1,-1.558229777,-0.000000000,0.000000000
14.284923879,J2,-1.516994669,0.000000000,0.391390715
14.284923879,J3,0.220659676,0.000000000,-0.314010223
14.294890351,J1,-1.558229777,-0.000000000,0.000000000
14.294890351,J2,-1.516994669,0.000000000,0.391390715
14.294890351,J3,0.220659676,0.000000000,-0.314010223
14.304927854,J1,-1.558229777,-0.000000000,0.000000000
14.304927854,J2,-1.516994669,0.000000000,0.391390715
14.304927854,J3,0.220659676,0.000000000,-0.314010223
14.314942099,J1,-1.558229777,-0.000000000,0.000000000
14.314942099,J2,-1.516994669,0.000000000,0.391390715
14.314942099,J3,0.220659676,0.000000000,-0.314010223
14.324875116,J1,-1.558229777,-0.000000000,0.000000000
14.324875116,J2,-1.516994669,0.000000000,0.391390715
14.324875116,J3,0.220659676,0.000000000,-0.314010223
14.334960811,J1,-1.558229777,-0.000000000,0.000000000
14.334960811,J2,-1.516994669,0.000000000,0.391390715
14.334960811,J3,0.220659676,0.000000000,-0.314010223
14.345213849,J1,-1.558229777,-0.000000000,0.000000000
14.345213849,J2,-1.516994669,0.000000000,0.391390715
14.345213849,J3,0.220659676,0.000000000,-0.314010223
14.354927489,J1,-1.558229777,-0.000000000,0.000000000
14.354927489,J2,-1.516994669,0.000000000,0.391390715
14.354927489,J3,0.220659676,0.000000000,-0.314010223
14.364982383,J1,-1.558229777,-0.000000000,0.000000000
14.364982383,J2,-1.516994669,0.000000000,0.391390715
14.364982383,J3,0.220659676,0.000000000,-0.314010223
14.375002635,J1,-1.558229777,-0.000000000,0.000000000
14.375002635,J2,-1.516994669,0.000000000,0.391390715
14.375002635,J3,0.220659676,0.000000000,-0.314010223
14.384940401,J1,-1.558229777,-0.000000000,0.000000000
14.384940401,J2,-1.516994669,0.000000000,0.391390715
14.384940401,J3,0.220659676,0.000000000,-0.314010223
14.395037061,J1,-1.558229777,-0.000000000,0.000000000
14.395037061,J2,-1.516994669,0.000000000,0.391390715
14.395037061,J3,0.220659676,0.000000000,-0.314010223
14.404948707,J1,-1.558229777,-0.000000000,0.000000000
14.404948707,J2,-1.516994669,0.000000000,0.391390715
14.404948707,J3,0.220659676,0.000000000,-0.314010223
14.414933897,J1,-1.558229777,-0.000000000,0.000000000
14.414933897,J2,-1.516994669,0.000000000,0.391390715
14.414933897,J3,0.220659676,0.000000000,-0.314010223
14.424932917,J1,-1.558229777,-0.000000000,0.000000000
14.424932917,J2,-1.516994669,0.000000000,0.391390715
14.424932917,J3,0.220659676,0.000000000,-0.314010223
14.435075952,J1,-1.558229777,-0.000000000,0.000000000
14.435075952,J2,-1.516994669,0.000000000,0.391390715
14.435075952,J3,0.220659676,0.000000000,-0.314010223
14.444960848,J1,-1.558229777,-0.000000000,0.000000000
14.444960848,J2,-1.516994669,0.000000000,0.391390715
14.444960848,J3,0.220659676,0.000000000,-0.314010223
14.454900920,J1,-1.558229777,-0.000000000,0.000000000
14.454900920,J2,-1.516994669,0.000000000,0.391390715
14.454900920,J3,0.220659676,0.000000000,-0.314010223
14.464930461,J1,-1.558229777,-0.000000000,0.000000000
14.464930461,J2,-1.516994669,0.000000000,0.391390715
14.464930461,J3,0.220659676,0.000000000,-0.314010223
14.474894349,J1,-1.558229777,-0.000000000,0.000000000
14.474894349,J2,-1.516994669,0.000000000,0.391390715
14.474894349,J3,0.220659676,0.000000000,-0.314010223
14.485007841,J1,-1.558229777,-0.000000000,0.000000000
14.485007841,J2,-1.516994669,0.000000000,0.391390715
14.485007841,J3,0.220659676,0.000000000,-0.314010223
14.494921302,J1,-1.558229777,-0.000000000,0.000000000
14.494921302,J2,-1.516994669,0.000000000,0.391390715
14.494921302,J3,0.220659676,0.000000000,-0.314010223
14.504933522,J1,-1.558229777,-0.000000000,0.000000000
14.504933522,J2,-1.516994669,0.000000000,0.391390715
14.504933522,J3,0.220659676,0.000000000,-0.314010223
14.514889099,J1,-1.558229777,-0.000000000,0.000000000
14.514889099,J2,-1.516994669,0.000000000,0.391390715
14.514889099,J3,0.220659676,0.000000000,-0.314010223
14.524901668,J1,-1.558229777,-0.000000000,0.000000000
14.524901668,J2,-1.516994669,0.000000000,0.391390715
14.524901668,J3,0.220659676,0.000000000,-0.314010223
14.534911303,J1,-1.558229777,-0.000000000,0.000000000
14.534911303,J2,-1.516994669,0.000000000,0.391390715
14.534911303,J3,0.220659676,0.000000000,-0.314010223
14.544877985,J1,-1.558229777,-0.000000000,0.000000000
14.544877985,J2,-1.516994669,0.000000000,0.391390715
14.544877985,J3,0.220659676,0.000000000,-0.314010223
14.554879868,J1,-1.558229777,-0.000000000,0.000000000
14.554879868,J2,-1.516994669,0.000000000,0.391390715
14.554879868,J3,0.220659676,0.000000000,-0.314010223
14.564938254,J1,-1.558229777,-0.000000000,0.000000000
14.564938254,J2,-1.516994669,0.000000000,0.391390715
14.564938254,J3,0.220659676,0.000000000,-0.314010223
14.574891247,J1,-1.558229777,-0.000000000,0.000000000
14.574891247,J2,-1.516994669,0.000000000,0.391390715
14.574891247,J3,0.220659676,0.000000000,-0.314010223
14.584913943,J1,-1.558229777,-0.000000000,0.000000000
14.584913943,J2,-1.516994669,0.000000000,0.391390715
14.584913943,J3,0.220659676,0.000000000,-0.314010223
14.594873431,J1,-1.558229777,-0.000000000,0.000000000
14.594873431,J2,-1.516994669,0.000000000,0.391390715
14.594873431,J3,0.220659676,0.000000000,-0.314010223
14.604889352,J1,-1.558229777,-0.000000000,0.000000000
14.604889352,J2,-1.516994669,0.000000000,0.391390715
14.604889352,J3,0.220659676,0.000000000,-0.314010223
14.614924551,J1,-1.558229777,-0.000000000,0.000000000
14.614924551,J2,-1.516994669,0.000000000,0.391390715
14.614924551,J3,0.220659676,0.000000000,-0.314010223
14.624915189,J1,-1.558229777,-0.000000000,0.000000000
14.624915189,J2,-1.516994669,0.000000000,0.391390715
14.624915189,J3,0.220659676,0.000000000,-0.314010223
14.635067374,J1,-1.558229777,-0.000000000,0.000000000
14.635067374,J2,-1.516994669,0.000000000,0.391390715
14.635067374,J3,0.220659676,0.000000000,-0.314010223
14.644950593,J1,-1.558229777,-0.000000000,0.000000000
14.644950593,J2,-1.516994669,0.000000000,0.391390715
14.644950593,J3,0.220659676,0.000000000,-0.314010223
14.654939206,J1,-1.558229777,-0.000000000,0.000000000
14.654939206,J2,-1.516994669,0.000000000,0.391390715
14.654939206,J3,0.220659676,0.000000000,-0.314010223
14.664911755,J1,-1.558229777,-0.000000000,0.000000000
14.664911755,J2,-1.516994669,0.000000000,0.391390715
14.664911755,J3,0.220659676,0.000000000,-0.314010223
14.674932006,J1,-1.558229777,-0.000000000,0.000000000
14.674932006,J2,-1.516994669,0.000000000,0.391390715
14.674932006,J3,0.220659676,0.000000000,-0.314010223
14.684942899,J1,-1.558229777,-0.000000000,0.000000000
14.684942899,J2,-1.516994669,0.000000000,0.391390715
14.684942899,J3,0.220659676,0.000000000,-0.314010223
14.695151238,J1,-1.558229777,-0.000000000,0.000000000
14.695151238,J2,-1.516994669,0.000000000,0.391390715
14.695151238,J3,0.220659676,0.000000000,-0.314010223
14.704914956,J1,-1.558229777,-0.000000000,0.000000000
14.704914956,J2,-1.516994669,0.000000000,0.391390715
14.704914956,J3,0.220659676,0.000000000,-0.314010223
14.714926198,J1,-1.558229777,-0.000000000,0.000000000
14.714926198,J2,-1.516994669,0.000000000,0.391390715
14.714926198,J3,0.220659676,0.000000000,-0.314010223
14.724923262,J1,-1.558229777,-0.000000000,0.000000000
14.724923262,J2,-1.516994669,0.000000000,0.391390715
14.724923262,J3,0.220659676,0.000000000,-0.314010223
14.734945888,J1,-1.558229777,-0.000000000,0.000000000
14.734945888,J2,-1.516994669,0.000000000,0.391390715
14.734945888,J3,0.220659676,0.000000000,-0.314010223
14.744963486,J1,-1.558229777,-0.000000000,0.000000000
14.744963486,J2,-1.516994669,0.000000000,0.391390715
14.744963486,J3,0.220659676,0.000000000,-0.314010223
14.754975845,J1,-1.558229777,-0.000000000,0.000000000
14.754975845,J2,-1.516994669,0.000000000,0.391390715
14.754975845,J3,0.220659676,0.000000000,-0.314010223
14.764991487,J1,-1.558229777,-0.000000000,0.000000000
14.764991487,J2,-1.516994669,0.000000000,0.391390715
14.764991487,J3,0.220659676,0.000000000,-0.314010223
14.774982404,J1,-1.558229777,-0.000000000,0.000000000
14.774982404,J2,-1.516994669,0.000000000,0.391390715
14.774982404,J3,0.220659676,0.000000000,-0.314010223
14.784992389,J1,-1.558229777,-0.000000000,0.000000000
14.784992389,J2,-1.516994669,0.000000000,0.391390715
14.784992389,J3,0.220659676,0.000000000,-0.314010223
14.794950131,J1,-1.558229777,-0.000000000,0.000000000
14.794950131,J2,-1.516994669,0.000000000,0.391390715
14.794950131,J3,0.220659676,0.000000000,-0.314010223
14.804917023,J1,-1.558229777,-0.000000000,0.000000000
14.804917023,J2,-1.516994669,0.000000000,0.391390715
14.804917023,J3,0.220659676,0.000000000,-0.314010223
14.814915343,J1,-1.558229777,-0.000000000,0.000000000
14.814915343,J2,-1.516994669,0.000000000,0.391390715
14.814915343,J3,0.220659676,0.000000000,-0.314010223
14.824916528,J1,-1.558229777,-0.000000000,0.000000000
14.824916528,J2,-1.516994669,0.000000000,0.391390715
14.824916528,J3,0.220659676,0.000000000,-0.314010223
14.834920017,J1,-1.558229777,-0.000000000,0.000000000
14.834920017,J2,-1.516994669,0.000000000,0.391390715
14.834920017,J3,0.220659676,0.000000000,-0.314010223
14.844927348,J1,-1.558229777,-0.000000000,0.000000000
14.844927348,J2,-1.516994669,0.000000000,0.391390715
14.844927348,J3,0.220659676,0.000000000,-0.314010223
14.854960101,J1,-1.558229777,-0.000000000,0.000000000
14.854960101,J2,-1.516994669,0.000000000,0.391390715
14.854960101,J3,0.220659676,0.000000000,-0.314010223
14.864900313,J1,-1.558229777,-0.000000000,0.000000000
14.864900313,J2,-1.516994669,0.000000000,0.391390715
14.864900313,J3,0.220659676,0.000000000,-0.314010223
14.874923079,J1,-1.558229777,-0.000000000,0.000000000
14.874923079,J2,-1.516994669,0.000000000,0.391390715
14.874923079,J3,0.220659676,0.000000000,-0.314010223
14.885010519,J1,-1.558229777,-0.000000000,0.000000000
14.885010519,J2,-1.516994669,0.000000000,0.391390715
14.885010519,J3,0.220659676,0.000000000,-0.314010223
14.895003812,J1,-1.558229777,-0.000000000,0.000000000
14.895003812,J2,-1.516994669,0.000000000,0.391390715
14.895003812,J3,0.220659676,0.000000000,-0.314010223
14.904929845,J1,-1.558229777,-0.000000000,0.000000000
14.904929845,J2,-1.516994669,0.000000000,0.391390715
14.904929845,J3,0.220659676,0.000000000,-0.314010223
14.914956522,J1,-1.558229777,-0.000000000,0.000000000
14.914956522,J2,-1.516994669,0.000000000,0.391390715
14.914956522,J3,0.220659676,0.000000000,-0.314010223
14.924870123,J1,-1.558229777,-0.000000000,0.000000000
14.924870123,J2,-1.516994669,0.000000000,0.391390715
14.924870123,J3,0.220659676,0.000000000,-0.314010223
14.935009108,J1,-1.558229777,-0.000000000,0.000000000
14.935009108,J2,-1.516994669,0.000000000,0.391390715
14.935009108,J3,0.220659676,0.000000000,-0.314010223
14.944996673,J1,-1.558229777,-0.000000000,0.000000000
14.944996673,J2,-1.516994669,0.000000000,0.391390715
14.944996673,J3,0.220659676,0.000000000,-0.314010223
14.954942123,J1,-1.558229777,-0.000000000,0.000000000
14.954942123,J2,-1.516994669,0.000000000,0.391390715
14.954942123,J3,0.220659676,0.000000000,-0.314010223
14.964919002,J1,-1.558229777,-0.000000000,0.000000000
14.964919002,J2,-1.516994669,0.000000000,0.391390715
14.964919002,J3,0.220659676,0.000000000,-0.314010223
14.974859772,J1,-1.558229777,-0.000000000,0.000000000
14.974859772,J2,-1.516994669,0.000000000,0.391390715
14.974859772,J3,0.220659676,0.000000000,-0.314010223
14.984955315,J1,-1.558229777,-0.000000000,0.000000000
14.984955315,J2,-1.516994669,0.000000000,0.391390715
14.984955315,J3,0.220659676,0.000000000,-0.314010223
14.994906561,J1,-1.558229777,-0.000000000,0.000000000
14.994906561,J2,-1.516994669,0.000000000,0.391390715
14.994906561,J3,0.220659676,0.000000000,-0.314010223
15.004932400,J1,-1.558229777,-0.000000000,0.000000000
15.004932400,J2,-1.516994669,0.000000000,0.391390715
15.004932400,J3,0.220659676,0.000000000,-0.314010223
15.014918289,J1,-1.558229777,-0.000000000,0.000000000
15.014918289,J2,-1.516994669,0.000000000,0.391390715
15.014918289,J3,0.220659676,0.000000000,-0.314010223
15.024988688,J1,-1.558229777,-0.000000000,0.000000000
15.024988688,J2,-1.516994669,0.000000000,0.391390715
15.024988688,J3,0.220659676,0.000000000,-0.314010223
15.034942589,J1,-1.558229777,-0.000000000,0.000000000
15.034942589,J2,-1.516994669,0.000000000,0.391390715
15.034942589,J3,0.220659676,0.000000000,-0.314010223
15.044994060,J1,-1.558229777,-0.000000000,0.000000000
15.044994060,J2,-1.516994669,0.000000000,0.391390715
15.044994060,J3,0.220659676,0.000000000,-0.314010223
15.054909827,J1,-1.558229777,-0.000000000,0.000000000
15.054909827,J2,-1.516994669,0.000000000,0.391390715
15.054909827,J3,0.220659676,0.000000000,-0.314010223
15.064922745,J1,-1.558229777,-0.000000000,0.000000000
15.064922745,J2,-1.516994669,0.000000000,0.391390715
15.064922745,J3,0.220659676,0.000000000,-0.314010223
15.074855692,J1,-1.558229777,-0.000000000,0.000000000
15.074855692,J2,-1.516994669,0.000000000,0.391390715
15.074855692,J3,0.220659676,0.000000000,-0.314010223
15.084933774,J1,-1.558229777,-0.000000000,0.000000000
15.084933774,J2,-1.516994669,0.000000000,0.391390715
15.084933774,J3,0.220659676,0.000000000,-0.314010223
15.094928742,J1,-1.558229777,-0.000000000,0.000000000
15.094928742,J2,-1.516994669,0.000000000,0.391390715
15.094928742,J3,0.220659676,0.000000000,-0.314010223
15.104912955,J1,-1.558229777,-0.000000000,0.000000000
15.104912955,J2,-1.516994669,0.000000000,0.391390715
15.104912955,J3,0.220659676,0.000000000,-0.314010223
15.114942636,J1,-1.558229777,-0.000000000,0.000000000
15.114942636,J2,-1.516994669,0.000000000,0.391390715
15.114942636,J3,0.220659676,0.000000000,-0.314010223
15.124875863,J1,-1.558229777,-0.000000000,0.000000000
15.124875863,J2,-1.516994669,0.000000000,0.391390715
15.124875863,J3,0.220659676,0.000000000,-0.314010223
15.134975666,J1,-1.558229777,-0.000000000,0.000000000
15.134975666,J2,-1.516994669,0.000000000,0.391390715
15.134975666,J3,0.220659676,0.000000000,-0.314010223
15.144967072,J1,-1.558229777,-0.000000000,0.000000000
15.144967072,J2,-1.516994669,0.000000000,0.391390715
15.144967072,J3,0.220659676,0.000000000,-0.314010223
15.154904839,J1,-1.558229777,-0.000000000,0.000000000
15.154904839,J2,-1.516994669,0.000000000,0.391390715
15.154904839,J3,0.220659676,0.000000000,-0.314010223
15.164959383,J1,-1.558229777,-0.000000000,0.000000000
15.164959383,J2,-1.516994669,0.000000000,0.391390715
15.164959383,J3,0.220659676,0.000000000,-0.314010223
15.174893728,J1,-1.558229777,-0.000000000,0.000000000
15.174893728,J2,-1.516994669,0.000000000,0.391390715
15.174893728,J3,0.220659676,0.000000000,-0.314010223
15.184956235,J1,-1.558229777,-0.000000000,0.000000000
15.184956235,J2,-1.516994669,0.000000000,0.391390715
15.184956235,J3,0.220659676,0.000000000,-0.314010223
15.194942403,J1,-1.558229777,-0.000000000,0.000000000
15.194942403,J2,-1.516994669,0.000000000,0.391390715
15.194942403,J3,0.220659676,0.000000000,-0.314010223
15.204928292,J1,-1.558229777,-0.000000000,0.000000000
15.204928292,J2,-1.516994669,0.000000000,0.391390715
15.204928292,J3,0.220659676,0.000000000,-0.314010223
15.214977808,J1,-1.558229777,-0.000000000,0.000000000
15.214977808,J2,-1.516994669,0.000000000,0.391390715
15.214977808,J3,0.220659676,0.000000000,-0.314010223
15.224863472,J1,-1.558229777,-0.000000000,0.000000000
15.224863472,J2,-1.516994669,0.000000000,0.391390715
15.224863472,J3,0.220659676,0.000000000,-0.314010223
15.234925350,J1,-1.558229777,-0.000000000,0.000000000
15.234925350,J2,-1.516994669,0.000000000,0.391390715
15.234925350,J3,0.220659676,0.000000000,-0.314010223
15.244964110,J1,-1.558229777,-0.000000000,0.000000000
15.244964110,J2,-1.516994669,0.000000000,0.391390715
15.244964110,J3,0.220659676,0.000000000,-0.314010223
15.254947065,J1,-1.558229777,-0.000000000,0.000000000
15.254947065,J2,-1.516994669,0.000000000,0.391390715
15.254947065,J3,0.220659676,0.000000000,-0.314010223
15.264989178,J1,-1.558229777,-0.000000000,0.000000000
15.264989178,J2,-1.516994669,0.000000000,0.391390715
15.264989178,J3,0.220659676,0.000000000,-0.314010223
15.274947688,J1,-1.558229777,-0.000000000,0.000000000
15.274947688,J2,-1.516994669,0.000000000,0.391390715
15.274947688,J3,0.220659676,0.000000000,-0.314010223
15.284982746,J1,-1.558229777,-0.000000000,0.000000000
15.284982746,J2,-1.516994669,0.000000000,0.391390715
15.284982746,J3,0.220659676,0.000000000,-0.314010223
15.295004604,J1,-1.558229777,-0.000000000,0.000000000
15.295004604,J2,-1.516994669,0.000000000,0.391390715
15.295004604,J3,0.220659676,0.000000000,-0.314010223
15.304968493,J1,-1.558229777,-0.000000000,0.000000000
15.304968493,J2,-1.516994669,0.000000000,0.391390715
15.304968493,J3,0.220659676,0.000000000,-0.314010223
15.314995728,J1,-1.558229777,-0.000000000,0.000000000
15.314995728,J2,-1.516994669,0.000000000,0.391390715
15.314995728,J3,0.220659676,0.000000000,-0.314010223
15.324928187,J1,-1.558229777,-0.000000000,0.000000000
15.324928187,J2,-1.516994669,0.000000000,0.391390715
15.324928187,J3,0.220659676,0.000000000,-0.314010223
15.334971836,J1,-1.558229777,-0.000000000,0.000000000
15.334971836,J2,-1.516994669,0.000000000,0.391390715
15.334971836,J3,0.220659676,0.000000000,-0.314010223
15.344980075,J1,-1.558229777,-0.000000000,0.000000000
15.344980075,J2,-1.516994669,0.000000000,0.391390715
15.344980075,J3,0.220659676,0.000000000,-0.314010223
15.355003958,J1,-1.558229777,-0.000000000,0.000000000
15.355003958,J2,-1.516994669,0.000000000,0.391390715
15.355003958,J3,0.220659676,0.000000000,-0.314010223
15.364955275,J1,-1.558229777,-0.000000000,0.000000000
15.364955275,J2,-1.516994669,0.000000000,0.391390715
15.364955275,J3,0.220659676,0.000000000,-0.314010223
15.374860774,J1,-1.558229777,-0.000000000,0.000000000
15.374860774,J2,-1.516994669,0.000000000,0.391390715
15.374860774,J3,0.220659676,0.000000000,-0.314010223
15.385013728,J1,-1.558229777,-0.000000000,0.000000000
15.385013728,J2,-1.516994669,0.000000000,0.391390715
15.385013728,J3,0.220659676,0.000000000,-0.314010223
15.394986137,J1,-1.558229777,-0.000000000,0.000000000
15.394986137,J2,-1.516994669,0.000000000,0.391390715
15.394986137,J3,0.220659676,0.000000000,-0.314010223
15.404945346,J1,-1.558229777,-0.000000000,0.000000000
15.404945346,J2,-1.516994669,0.000000000,0.391390715
15.404945346,J3,0.220659676,0.000000000,-0.314010223
15.415111221,J1,-1.558229777,-0.000000000,0.000000000
15.415111221,J2,-1.516994669,0.000000000,0.391390715
15.415111221,J3,0.220659676,0.000000000,-0.314010223
15.424972300,J1,-1.558229777,-0.000000000,0.000000000
15.424972300,J2,-1.516994669,0.000000000,0.391390715
15.424972300,J3,0.220659676,0.000000000,-0.314010223
15.434955814,J1,-1.558229777,-0.000000000,0.000000000
15.434955814,J2,-1.516994669,0.000000000,0.391390715
15.434955814,J3,0.220659676,0.000000000,-0.314010223
15.445041719,J1,-1.558229777,-0.000000000,0.000000000
15.445041719,J2,-1.516994669,0.000000000,0.391390715
15.445041719,J3,0.220659676,0.000000000,-0.314010223
15.454924449,J1,-1.558229777,-0.000000000,0.000000000
15.454924449,J2,-1.516994669,0.000000000,0.391390715
15.454924449,J3,0.220659676,0.000000000,-0.314010223
15.465036964,J1,-1.558229777,-0.000000000,0.000000000
15.465036964,J2,-1.516994669,0.000000000,0.391390715
15.465036964,J3,0.220659676,0.000000000,-0.314010223
15.474901535,J1,-1.558229777,-0.000000000,0.000000000
15.474901535,J2,-1.516994669,0.000000000,0.391390715
15.474901535,J3,0.220659676,0.000000000,-0.314010223
15.484957686,J1,-1.558229777,-0.000000000,0.000000000
15.484957686,J2,-1.516994669,0.000000000,0.391390715
15.484957686,J3,0.220659676,0.000000000,-0.314010223
15.495048270,J1,-1.558229777,-0.000000000,0.000000000
15.495048270,J2,-1.516994669,0.000000000,0.391390715
15.495048270,J3,0.220659676,0.000000000,-0.314010223
15.505069709,J1,-1.558229777,-0.000000000,0.000000000
15.505069709,J2,-1.516994669,0.000000000,0.391390715
15.505069709,J3,0.220659676,0.000000000,-0.314010223
15.514938541,J1,-1.558229777,-0.000000000,0.000000000
15.514938541,J2,-1.516994669,0.000000000,0.391390715
15.514938541,J3,0.220659676,0.000000000,-0.314010223
15.524982609,J1,-1.558229777,-0.000000000,0.000000000
15.524982609,J2,-1.516994669,0.000000000,0.391390715
15.524982609,J3,0.220659676,0.000000000,-0.314010223
15.535018157,J1,-1.558229777,-0.000000000,0.000000000
15.535018157,J2,-1.516994669,0.000000000,0.391390715
15.535018157,J3,0.220659676,0.000000000,-0.314010223
15.545111534,J1,-1.558229777,-0.000000000,0.000000000
15.545111534,J2,-1.516994669,0.000000000,0.391390715
15.545111534,J3,0.220659676,0.000000000,-0.314010223
15.554964512,J1,-1.558229777,-0.000000000,0.000000000
15.554964512,J2,-1.516994669,0.000000000,0.391390715
15.554964512,J3,0.220659676,0.000000000,-0.314010223
15.564940553,J1,-1.558229777,-0.000000000,0.000000000
15.564940553,J2,-1.516994669,0.000000000,0.391390715
15.564940553,J3,0.220659676,0.000000000,-0.314010223
15.575000406,J1,-1.558229777,-0.000000000,0.000000000
15.575000406,J2,-1.516994669,0.000000000,0.391390715
15.575000406,J3,0.220659676,0.000000000,-0.314010223
15.585033020,J1,-1.558229777,-0.000000000,0.000000000
15.585033020,J2,-1.516994669,0.000000000,0.391390715
15.585033020,J3,0.220659676,0.000000000,-0.314010223
15.594891654,J1,-1.558229777,-0.000000000,0.000000000
15.594891654,J2,-1.516994669,0.000000000,0.391390715
15.594891654,J3,0.220659676,0.000000000,-0.314010223
15.604965825,J1,-1.558229777,-0.000000000,0.000000000
15.604965825,J2,-1.516994669,0.000000000,0.391390715
15.604965825,J3,0.220659676,0.000000000,-0.314010223
15.615100131,J1,-1.558229777,-0.000000000,0.000000000
15.615100131,J2,-1.516994669,0.000000000,0.391390715
15.615100131,J3,0.220659676,0.000000000,-0.314010223
15.624913926,J1,-1.558229777,-0.000000000,0.000000000
15.624913926,J2,-1.516994669,0.000000000,0.391390715
15.624913926,J3,0.220659676,0.000000000,-0.314010223
15.634973639,J1,-1.558229777,-0.000000000,0.000000000
15.634973639,J2,-1.516994669,0.000000000,0.391390715
15.634973639,J3,0.220659676,0.000000000,-0.314010223
15.644930474,J1,-1.558229777,-0.000000000,0.000000000
15.644930474,J2,-1.516994669,0.000000000,0.391390715
15.644930474,J3,0.220659676,0.000000000,-0.314010223
15.654993190,J1,-1.558229777,-0.000000000,0.000000000
15.654993190,J2,-1.516994669,0.000000000,0.391390715
15.654993190,J3,0.220659676,0.000000000,-0.314010223
15.665053601,J1,-1.558229777,-0.000000000,0.000000000
15.665053601,J2,-1.516994669,0.000000000,0.391390715
15.665053601,J3,0.220659676,0.000000000,-0.314010223
15.674894077,J1,-1.558229777,-0.000000000,0.000000000
15.674894077,J2,-1.516994669,0.000000000,0.391390715
15.674894077,J3,0.220659676,0.000000000,-0.314010223
15.684885973,J1,-1.558229777,-0.000000000,0.000000000
15.684885973,J2,-1.516994669,0.000000000,0.391390715
15.684885973,J3,0.220659676,0.000000000,-0.314010223
15.694939679,J1,-1.558229777,-0.000000000,0.000000000
15.694939679,J2,-1.516994669,0.000000000,0.391390715
15.694939679,J3,0.220659676,0.000000000,-0.314010223
15.704937581,J1,-1.558229777,-0.000000000,0.000000000
15.704937581,J2,-1.516994669,0.000000000,0.391390715
15.704937581,J3,0.220659676,0.000000000,-0.314010223
15.714888479,J1,-1.558229777,-0.000000000,0.000000000
15.714888479,J2,-1.516994669,0.000000000,0.391390715
15.714888479,J3,0.220659676,0.000000000,-0.314010223
15.724913200,J1,-1.558229777,-0.000000000,0.000000000
15.724913200,J2,-1.516994669,0.000000000,0.391390715
15.724913200,J3,0.220659676,0.000000000,-0.314010223
15.734953497,J1,-1.558229777,-0.000000000,0.000000000
15.734953497,J2,-1.516994669,0.000000000,0.391390715
15.734953497,J3,0.220659676,0.000000000,-0.314010223
15.744965438,J1,-1.558229777,-0.000000000,0.000000000
15.744965438,J2,-1.516994669,0.000000000,0.391390715
15.744965438,J3,0.220659676,0.000000000,-0.314010223
15.754962781,J1,-1.558229777,-0.000000000,0.000000000
15.754962781,J2,-1.516994669,0.000000000,0.391390715
15.754962781,J3,0.220659676,0.000000000,-0.314010223
15.765052317,J1,-1.558229777,-0.000000000,0.000000000
15.765052317,J2,-1.516994669,0.000000000,0.391390715
15.765052317,J3,0.220659676,0.000000000,-0.314010223
15.774982471,J1,-1.558229777,-0.000000000,0.000000000
15.774982471,J2,-1.516994669,0.000000000,0.391390715
15.774982471,J3,0.220659676,0.000000000,-0.314010223
15.785018787,J1,-1.558229777,-0.000000000,0.000000000
15.785018787,J2,-1.516994669,0.000000000,0.391390715
15.785018787,J3,0.220659676,0.000000000,-0.314010223
15.794934414,J1,-1.558229777,-0.000000000,0.000000000
15.794934414,J2,-1.516994669,0.000000000,0.391390715
15.794934414,J3,0.220659676,0.000000000,-0.314010223
15.804953059,J1,-1.558229777,-0.000000000,0.000000000
15.804953059,J2,-1.516994669,0.000000000,0.391390715
15.804953059,J3,0.220659676,0.000000000,-0.314010223
15.814896134,J1,-1.558229777,-0.000000000,0.000000000
15.814896134,J2,-1.516994669,0.000000000,0.391390715
15.814896134,J3,0.220659676,0.000000000,-0.314010223
15.824887261,J1,-1.558229777,-0.000000000,0.000000000
15.824887261,J2,-1.516994669,0.000000000,0.391390715
15.824887261,J3,0.220659676,0.000000000,-0.314010223
15.834883906,J1,-1.558229777,-0.000000000,0.000000000
15.834883906,J2,-1.516994669,0.000000000,0.391390715
15.834883906,J3,0.220659676,0.000000000,-0.314010223
15.844885929,J1,-1.558229777,-0.000000000,0.000000000
15.844885929,J2,-1.516994669,0.000000000,0.391390715
15.844885929,J3,0.220659676,0.000000000,-0.314010223
15.854893539,J1,-1.558229777,-0.000000000,0.000000000
15.854893539,J2,-1.516994669,0.000000000,0.391390715
15.854893539,J3,0.220659676,0.000000000,-0.314010223
15.864933417,J1,-1.558229777,-0.000000000,0.000000000
15.864933417,J2,-1.516994669,0.000000000,0.391390715
15.864933417,J3,0.220659676,0.000000000,-0.314010223
15.874938512,J1,-1.558229777,-0.000000000,0.000000000
15.874938512,J2,-1.516994669,0.000000000,0.391390715
15.874938512,J3,0.220659676,0.000000000,-0.314010223
15.884916998,J1,-1.558229777,-0.000000000,0.000000000
15.884916998,J2,-1.516994669,0.000000000,0.391390715
15.884916998,J3,0.220659676,0.000000000,-0.314010223
15.894899465,J1,-1.558229777,-0.000000000,0.000000000
15.894899465,J2,-1.516994669,0.000000000,0.391390715
15.894899465,J3,0.220659676,0.000000000,-0.314010223
15.904917272,J1,-1.558229777,-0.000000000,0.000000000
15.904917272,J2,-1.516994669,0.000000000,0.391390715
15.904917272,J3,0.220659676,0.000000000,-0.314010223
15.914899599,J1,-1.558229777,-0.000000000,0.000000000
15.914899599,J2,-1.516994669,0.000000000,0.391390715
15.914899599,J3,0.220659676,0.000000000,-0.314010223
15.924931375,J1,-1.558229777,-0.000000000,0.000000000
15.924931375,J2,-1.516994669,0.000000000,0.391390715
15.924931375,J3,0.220659676,0.000000000,-0.314010223
15.934887930,J1,-1.558229777,-0.000000000,0.000000000
15.934887930,J2,-1.516994669,0.000000000,0.391390715
15.934887930,J3,0.220659676,0.000000000,-0.314010223
15.944875774,J1,-1.558229777,-0.000000000,0.000000000
15.944875774,J2,-1.516994669,0.000000000,0.391390715
15.944875774,J3,0.220659676,0.000000000,-0.314010223
15.954962866,J1,-1.558229777,-0.000000000,0.000000000
15.954962866,J2,-1.516994669,0.000000000,0.391390715
15.954962866,J3,0.220659676,0.000000000,-0.314010223
15.964880169,J1,-1.558229777,-0.000000000,0.000000000
15.964880169,J2,-1.516994669,0.000000000,0.391390715
15.964880169,J3,0.220659676,0.000000000,-0.314010223
15.974910059,J1,-1.558229777,-0.000000000,0.000000000
15.974910059,J2,-1.516994669,0.000000000,0.391390715
15.974910059,J3,0.220659676,0.000000000,-0.314010223
15.984945117,J1,-1.558229777,-0.000000000,0.000000000
15.984945117,J2,-1.516994669,0.000000000,0.391390715
15.984945117,J3,0.220659676,0.000000000,-0.314010223
15.994900066,J1,-1.558229777,-0.000000000,0.000000000
15.994900066,J2,-1.516994669,0.000000000,0.391390715
15.994900066,J3,0.220659676,0.000000000,-0.314010223
16.004933099,J1,-1.558229777,-0.000000000,0.000000000
16.004933099,J2,-1.516994669,0.000000000,0.391390715
16.004933099,J3,0.220659676,0.000000000,-0.314010223
16.014926042,J1,-1.558229777,-0.000000000,0.000000000
16.014926042,J2,-1.516994669,0.000000000,0.391390715
16.014926042,J3,0.220659676,0.000000000,-0.314010223
16.024992320,J1,-1.558229777,-0.000000000,0.000000000
16.024992320,J2,-1.516994669,0.000000000,0.391390715
16.024992320,J3,0.220659676,0.000000000,-0.314010223
16.035037785,J1,-1.558229777,-0.000000000,0.000000000
16.035037785,J2,-1.516994669,0.000000000,0.391390715
16.035037785,J3,0.220659676,0.000000000,-0.314010223
16.045064952,J1,-1.558229777,-0.000000000,0.000000000
16.045064952,J2,-1.516994669,0.000000000,0.391390715
16.045064952,J3,0.220659676,0.000000000,-0.314010223
16.055045672,J1,-1.558229777,-0.000000000,0.000000000
16.055045672,J2,-1.516994669,0.000000000,0.391390715
16.055045672,J3,0.220659676,0.000000000,-0.314010223
16.065075073,J1,-1.558229777,-0.000000000,0.000000000
16.065075073,J2,-1.516994669,0.000000000,0.391390715
16.065075073,J3,0.220659676,0.000000000,-0.314010223
16.075001107,J1,-1.558229777,-0.000000000,0.000000000
16.075001107,J2,-1.516994669,0.000000000,0.391390715
16.075001107,J3,0.220659676,0.000000000,-0.314010223
16.085059004,J1,-1.558229777,-0.000000000,0.000000000
16.085059004,J2,-1.516994669,0.000000000,0.391390715
16.085059004,J3,0.220659676,0.000000000,-0.314010223
16.094917569,J1,-1.558229777,-0.000000000,0.000000000
16.094917569,J2,-1.516994669,0.000000000,0.391390715
16.094917569,J3,0.220659676,0.000000000,-0.314010223
16.104971834,J1,-1.558229777,-0.000000000,0.000000000
16.104971834,J2,-1.516994669,0.000000000,0.391390715
16.104971834,J3,0.220659676,0.000000000,-0.314010223
16.114948644,J1,-1.558229777,-0.000000000,0.000000000
16.114948644,J2,-1.516994669,0.000000000,0.391390715
16.114948644,J3,0.220659676,0.000000000,-0.314010223
16.124956603,J1,-1.558229777,-0.000000000,0.000000000
16.124956603,J2,-1.516994669,0.000000000,0.391390715
16.124956603,J3,0.220659676,0.000000000,-0.314010223
16.134964493,J1,-1.558229777,-0.000000000,0.000000000
16.134964493,J2,-1.516994669,0.000000000,0.391390715
16.134964493,J3,0.220659676,0.000000000,-0.314010223
16.144994941,J1,-1.558229777,-0.000000000,0.000000000
16.144994941,J2,-1.516994669,0.000000000,0.391390715
16.144994941,J3,0.220659676,0.000000000,-0.314010223
16.155036146,J1,-1.558229777,-0.000000000,0.000000000
16.155036146,J2,-1.516994669,0.000000000,0.391390715
16.155036146,J3,0.220659676,0.000000000,-0.314010223
16.164939271,J1,-1.558229777,-0.000000000,0.000000000
16.164939271,J2,-1.516994669,0.000000000,0.391390715
16.164939271,J3,0.220659676,0.000000000,-0.314010223
16.174889610,J1,-1.558229777,-0.000000000,0.000000000
16.174889610,J2,-1.516994669,0.000000000,0.391390715
16.174889610,J3,0.220659676,0.000000000,-0.314010223
16.184916497,J1,-1.558229777,-0.000000000,0.000000000
16.184916497,J2,-1.516994669,0.000000000,0.391390715
16.184916497,J3,0.220659676,0.000000000,-0.314010223
16.194895471,J1,-1.558229777,-0.000000000,0.000000000
16.194895471,J2,-1.516994669,0.000000000,0.391390715
16.194895471,J3,0.220659676,0.000000000,-0.314010223
16.204928993,J1,-1.558229777,-0.000000000,0.000000000
16.204928993,J2,-1.516994669,0.000000000,0.391390715
16.204928993,J3,0.220659676,0.000000000,-0.314010223
16.214934229,J1,-1.558229777,-0.000000000,0.000000000
16.214934229,J2,-1.516994669,0.000000000,0.391390715
16.214934229,J3,0.220659676,0.000000000,-0.314010223
16.224898047,J1,-1.558229777,-0.000000000,0.000000000
16.224898047,J2,-1.516994669,0.000000000,0.391390715
16.224898047,J3,0.220659676,0.000000000,-0.314010223
16.234895670,J1,-1.558229777,-0.000000000,0.000000000
16.234895670,J2,-1.516994669,0.000000000,0.391390715
16.234895670,J3,0.220659676,0.000000000,-0.314010223
16.244896296,J1,-1.558229777,-0.000000000,0.000000000
16.244896296,J2,-1.516994669,0.000000000,0.391390715
16.244896296,J3,0.220659676,0.000000000,-0.314010223
16.254962574,J1,-1.558229777,-0.000000000,0.000000000
16.254962574,J2,-1.516994669,0.000000000,0.391390715
16.254962574,J3,0.220659676,0.000000000,-0.314010223
16.265148284,J1,-1.558229777,-0.000000000,0.000000000
16.265148284,J2,-1.516994669,0.000000000,0.391390715
16.265148284,J3,0.220659676,0.000000000,-0.314010223
16.274889722,J1,-1.558229777,-0.000000000,0.000000000
16.274889722,J2,-1.516994669,0.000000000,0.391390715
16.274889722,J3,0.220659676,0.000000000,-0.314010223
16.284892304,J1,-1.558229777,-0.000000000,0.000000000
16.284892304,J2,-1.516994669,0.000000000,0.391390715
16.284892304,J3,0.220659676,0.000000000,-0.314010223
16.294886015,J1,-1.558229777,-0.000000000,0.000000000
16.294886015,J2,-1.516994669,0.000000000,0.391390715
16.294886015,J3,0.220659676,0.000000000,-0.314010223
16.304996364,J1,-1.558229777,-0.000000000,0.000000000
16.304996364,J2,-1.516994669,0.000000000,0.391390715
16.304996364,J3,0.220659676,0.000000000,-0.314010223
16.314983720,J1,-1.558229777,-0.000000000,0.000000000
16.314983720,J2,-1.516994669,0.000000000,0.391390715
16.314983720,J3,0.220659676,0.000000000,-0.314010223
16.324936713,J1,-1.558229777,-0.000000000,0.000000000
16.324936713,J2,-1.516994669,0.000000000,0.391390715
16.324936713,J3,0.220659676,0.000000000,-0.314010223
16.334900601,J1,-1.558229777,-0.000000000,0.000000000
16.334900601,J2,-1.516994669,0.000000000,0.391390715
16.334900601,J3,0.220659676,0.000000000,-0.314010223
16.344887189,J1,-1.558229777,-0.000000000,0.000000000
16.344887189,J2,-1.516994669,0.000000000,0.391390715
16.344887189,J3,0.220659676,0.000000000,-0.314010223
16.354946483,J1,-1.558229777,-0.000000000,0.000000000
16.354946483,J2,-1.516994669,0.000000000,0.391390715
16.354946483,J3,0.220659676,0.000000000,-0.314010223
16.364950252,J1,-1.558229777,-0.000000000,0.000000000
16.364950252,J2,-1.516994669,0.000000000,0.391390715
16.364950252,J3,0.220659676,0.000000000,-0.314010223
16.374917772,J1,-1.558229777,-0.000000000,0.000000000
16.374917772,J2,-1.516994669,0.000000000,0.391390715
16.374917772,J3,0.220659676,0.000000000,-0.314010223
16.384913648,J1,-1.558229777,-0.000000000,0.000000000
16.384913648,J2,-1.516994669,0.000000000,0.391390715
16.384913648,J3,0.220659676,0.000000000,-0.314010223
16.394874184,J1,-1.558229777,-0.000000000,0.000000000
16.394874184,J2,-1.516994669,0.000000000,0.391390715
16.394874184,J3,0.220659676,0.000000000,-0.314010223
16.404930894,J1,-1.558229777,-0.000000000,0.000000000
16.404930894,J2,-1.516994669,0.000000000,0.391390715
16.404930894,J3,0.220659676,0.000000000,-0.314010223
16.415018964,J1,-1.558229777,-0.000000000,0.000000000
16.415018964,J2,-1.516994669,0.000000000,0.391390715
16.415018964,J3,0.220659676,0.000000000,-0.314010223
16.424893383,J1,-1.558229777,-0.000000000,0.000000000
16.424893383,J2,-1.516994669,0.000000000,0.391390715
16.424893383,J3,0.220659676,0.000000000,-0.314010223
16.434897921,J1,-1.558229777,-0.000000000,0.000000000
16.434897921,J2,-1.516994669,0.000000000,0.391390715
16.434897921,J3,0.220659676,0.000000000,-0.314010223
16.444894985,J1,-1.558229777,-0.000000000,0.000000000
16.444894985,J2,-1.516994669,0.000000000,0.391390715
16.444894985,J3,0.220659676,0.000000000,-0.314010223
16.454949949,J1,-1.558229777,-0.000000000,0.000000000
16.454949949,J2,-1.516994669,0.000000000,0.391390715
16.454949949,J3,0.220659676,0.000000000,-0.314010223
16.464980537,J1,-1.558229777,-0.000000000,0.000000000
16.464980537,J2,-1.516994669,0.000000000,0.391390715
16.464980537,J3,0.220659676,0.000000000,-0.314010223
16.474900285,J1,-1.558229777,-0.000000000,0.000000000
16.474900285,J2,-1.516994669,0.000000000,0.391390715
16.474900285,J3,0.220659676,0.000000000,-0.314010223
16.484948125,J1,-1.558229777,-0.000000000,0.000000000
16.484948125,J2,-1.516994669,0.000000000,0.391390715
16.484948125,J3,0.220659676,0.000000000,-0.314010223
16.494910826,J1,-1.558229777,-0.000000000,0.000000000
16.494910826,J2,-1.516994669,0.000000000,0.391390715
16.494910826,J3,0.220659676,0.000000000,-0.314010223
16.504924443,J1,-1.558229777,-0.000000000,0.000000000
16.504924443,J2,-1.516994669,0.000000000,0.391390715
16.504924443,J3,0.220659676,0.000000000,-0.314010223
16.515038215,J1,-1.558229777,-0.000000000,0.000000000
16.515038215,J2,-1.516994669,0.000000000,0.391390715
16.515038215,J3,0.220659676,0.000000000,-0.314010223
16.524967880,J1,-1.558229777,-0.000000000,0.000000000
16.524967880,J2,-1.516994669,0.000000000,0.391390715
16.524967880,J3,0.220659676,0.000000000,-0.314010223
16.534888885,J1,-1.558229777,-0.000000000,0.000000000
16.534888885,J2,-1.516994669,0.000000000,0.391390715
16.534888885,J3,0.220659676,0.000000000,-0.314010223
16.544945944,J1,-1.558229777,-0.000000000,0.000000000
16.544945944,J2,-1.516994669,0.000000000,0.391390715
16.544945944,J3,0.220659676,0.000000000,-0.314010223
16.554967802,J1,-1.558229777,-0.000000000,0.000000000
16.554967802,J2,-1.516994669,0.000000000,0.391390715
16.554967802,J3,0.220659676,0.000000000,-0.314010223
16.564998042,J1,-1.558229777,-0.000000000,0.000000000
16.564998042,J2,-1.516994669,0.000000000,0.391390715
16.564998042,J3,0.220659676,0.000000000,-0.314010223
16.574959137,J1,-1.558229777,-0.000000000,0.000000000
16.574959137,J2,-1.516994669,0.000000000,0.391390715
16.574959137,J3,0.220659676,0.000000000,-0.314010223
16.584903818,J1,-1.558229777,-0.000000000,0.000000000
16.584903818,J2,-1.516994669,0.000000000,0.391390715
16.584903818,J3,0.220659676,0.000000000,-0.314010223
16.594922883,J1,-1.558229777,-0.000000000,0.000000000
16.594922883,J2,-1.516994669,0.000000000,0.391390715
16.594922883,J3,0.220659676,0.000000000,-0.314010223
16.604947046,J1,-1.558229777,-0.000000000,0.000000000
16.604947046,J2,-1.516994669,0.000000000,0.391390715
16.604947046,J3,0.220659676,0.000000000,-0.314010223
16.615216498,J1,-1.558229777,-0.000000000,0.000000000
16.615216498,J2,-1.516994669,0.000000000,0.391390715
16.615216498,J3,0.220659676,0.000000000,-0.314010223
16.624939428,J1,-1.558229777,-0.000000000,0.000000000
16.624939428,J2,-1.516994669,0.000000000,0.391390715
16.624939428,J3,0.220659676,0.000000000,-0.314010223
16.634956816,J1,-1.558229777,-0.000000000,0.000000000
16.634956816,J2,-1.516994669,0.000000000,0.391390715
16.634956816,J3,0.220659676,0.000000000,-0.314010223
16.644892977,J1,-1.558229777,-0.000000000,0.000000000
16.644892977,J2,-1.516994669,0.000000000,0.391390715
16.644892977,J3,0.220659676,0.000000000,-0.314010223
16.654942284,J1,-1.558229777,-0.000000000,0.000000000
16.654942284,J2,-1.516994669,0.000000000,0.391390715
16.654942284,J3,0.220659676,0.000000000,-0.314010223
16.664967564,J1,-1.558229777,-0.000000000,0.000000000
16.664967564,J2,-1.516994669,0.000000000,0.391390715
16.664967564,J3,0.220659676,0.000000000,-0.314010223
16.674887591,J1,-1.558229777,-0.000000000,0.000000000
16.674887591,J2,-1.516994669,0.000000000,0.391390715
16.674887591,J3,0.220659676,0.000000000,-0.314010223
16.684932917,J1,-1.558229777,-0.000000000,0.000000000
16.684932917,J2,-1.516994669,0.000000000,0.391390715
16.684932917,J3,0.220659676,0.000000000,-0.314010223
16.694888494,J1,-1.558229777,-0.000000000,0.000000000
16.694888494,J2,-1.516994669,0.000000000,0.391390715
16.694888494,J3,0.220659676,0.000000000,-0.314010223
16.704973072,J1,-1.558229777,-0.000000000,0.000000000
16.704973072,J2,-1.516994669,0.000000000,0.391390715
16.704973072,J3,0.220659676,0.000000000,-0.314010223
16.715027686,J1,-1.558229777,-0.000000000,0.000000000
16.715027686,J2,-1.516994669,0.000000000,0.391390715
16.715027686,J3,0.220659676,0.000000000,-0.314010223
16.724936399,J1,-1.558229777,-0.000000000,0.000000000
16.724936399,J2,-1.516994669,0.000000000,0.391390715
16.724936399,J3,0.220659676,0.000000000,-0.314010223
16.735092216,J1,-1.558229777,-0.000000000,0.000000000
16.735092216,J2,-1.516994669,0.000000000,0.391390715
16.735092216,J3,0.220659676,0.000000000,-0.314010223
16.744926127,J1,-1.558229777,-0.000000000,0.000000000
16.744926127,J2,-1.516994669,0.000000000,0.391390715
16.744926127,J3,0.220659676,0.000000000,-0.314010223
16.754966912,J1,-1.558229777,-0.000000000,0.000000000
16.754966912,J2,-1.516994669,0.000000000,0.391390715
16.754966912,J3,0.220659676,0.000000000,-0.314010223
16.765029769,J1,-1.558229777,-0.000000000,0.000000000
16.765029769,J2,-1.516994669,0.000000000,0.391390715
16.765029769,J3,0.220659676,0.000000000,-0.314010223
16.774989816,J1,-1.558229777,-0.000000000,0.000000000
16.774989816,J2,-1.516994669,0.000000000,0.391390715
16.774989816,J3,0.220659676,0.000000000,-0.314010223
16.784927513,J1,-1.558229777,-0.000000000,0.000000000
16.784927513,J2,-1.516994669,0.000000000,0.391390715
16.784927513,J3,0.220659676,0.000000000,-0.314010223
16.794925764,J1,-1.558229777,-0.000000000,0.000000000
16.794925764,J2,-1.516994669,0.000000000,0.391390715
16.794925764,J3,0.220659676,0.000000000,-0.314010223
16.804931629,J1,-1.558229777,-0.000000000,0.000000000
16.804931629,J2,-1.516994669,0.000000000,0.391390715
16.804931629,J3,0.220659676,0.000000000,-0.314010223
16.814900197,J1,-1.558229777,-0.000000000,0.000000000
16.814900197,J2,-1.516994669,0.000000000,0.391390715
16.814900197,J3,0.220659676,0.000000000,-0.314010223
16.824951459,J1,-1.558229777,-0.000000000,0.000000000
16.824951459,J2,-1.516994669,0.000000000,0.391390715
16.824951459,J3,0.220659676,0.000000000,-0.314010223
16.834969057,J1,-1.558229777,-0.000000000,0.000000000
16.834969057,J2,-1.516994669,0.000000000,0.391390715
16.834969057,J3,0.220659676,0.000000000,-0.314010223
16.844914297,J1,-1.558229777,-0.000000000,0.000000000
16.844914297,J2,-1.516994669,0.000000000,0.391390715
16.844914297,J3,0.220659676,0.000000000,-0.314010223
16.854923793,J1,-1.558229777,-0.000000000,0.000000000
16.854923793,J2,-1.516994669,0.000000000,0.391390715
16.854923793,J3,0.220659676,0.000000000,-0.314010223
16.864975963,J1,-1.558229777,-0.000000000,0.000000000
16.864975963,J2,-1.516994669,0.000000000,0.391390715
16.864975963,J3,0.220659676,0.000000000,-0.314010223
16.874902486,J1,-1.558229777,-0.000000000,0.000000000
16.874902486,J2,-1.516994669,0.000000000,0.391390715
16.874902486,J3,0.220659676,0.000000000,-0.314010223
16.884915963,J1,-1.558229777,-0.000000000,0.000000000
16.884915963,J2,-1.516994669,0.000000000,0.391390715
16.884915963,J3,0.220659676,0.000000000,-0.314010223
16.894901154,J1,-1.558229777,-0.000000000,0.000000000
16.894901154,J2,-1.516994669,0.000000000,0.391390715
16.894901154,J3,0.220659676,0.000000000,-0.314010223
16.904894237,J1,-1.558229777,-0.000000000,0.000000000
16.904894237,J2,-1.516994669,0.000000000,0.391390715
16.904894237,J3,0.220659676,0.000000000,-0.314010223
16.915049495,J1,-1.558229777,-0.000000000,0.000000000
16.915049495,J2,-1.516994669,0.000000000,0.391390715
16.915049495,J3,0.220659676,0.000000000,-0.314010223
16.924899120,J1,-1.558229777,-0.000000000,0.000000000
16.924899120,J2,-1.516994669,0.000000000,0.391390715
16.924899120,J3,0.220659676,0.000000000,-0.314010223
16.934939697,J1,-1.558229777,-0.000000000,0.000000000
16.934939697,J2,-1.516994669,0.000000000,0.391390715
16.934939697,J3,0.220659676,0.000000000,-0.314010223
16.944910709,J1,-1.558229777,-0.000000000,0.000000000
16.944910709,J2,-1.516994669,0.000000000,0.391390715
16.944910709,J3,0.220659676,0.000000000,-0.314010223
16.954963997,J1,-1.558229777,-0.000000000,0.000000000
16.954963997,J2,-1.516994669,0.000000000,0.391390715
16.954963997,J3,0.220659676,0.000000000,-0.314010223
16.964953518,J1,-1.558229777,-0.000000000,0.000000000
16.964953518,J2,-1.516994669,0.000000000,0.391390715
16.964953518,J3,0.220659676,0.000000000,-0.314010223
16.974926416,J1,-1.558229777,-0.000000000,0.000000000
16.974926416,J2,-1.516994669,0.000000000,0.391390715
16.974926416,J3,0.220659676,0.000000000,-0.314010223
16.984924109,J1,-1.558229777,-0.000000000,0.000000000
16.984924109,J2,-1.516994669,0.000000000,0.391390715
16.984924109,J3,0.220659676,0.000000000,-0.314010223
16.994906087,J1,-1.558229777,-0.000000000,0.000000000
16.994906087,J2,-1.516994669,0.000000000,0.391390715
16.994906087,J3,0.220659676,0.000000000,-0.314010223
17.004914046,J1,-1.558229777,-0.000000000,0.000000000
17.004914046,J2,-1.516994669,0.000000000,0.391390715
17.004914046,J3,0.220659676,0.000000000,-0.314010223
17.015026840,J1,-1.558229777,-0.000000000,0.000000000
17.015026840,J2,-1.516994669,0.000000000,0.391390715
17.015026840,J3,0.220659676,0.000000000,-0.314010223
17.024962023,J1,-1.558229777,-0.000000000,0.000000000
17.024962023,J2,-1.516994669,0.000000000,0.391390715
17.024962023,J3,0.220659676,0.000000000,-0.314010223
17.035053236,J1,-1.558229777,-0.000000000,0.000000000
17.035053236,J2,-1.516994669,0.000000000,0.391390715
17.035053236,J3,0.220659676,0.000000000,-0.314010223
17.044915223,J1,-1.558229777,-0.000000000,0.000000000
17.044915223,J2,-1.516994669,0.000000000,0.391390715
17.044915223,J3,0.220659676,0.000000000,-0.314010223
17.054951260,J1,-1.558229777,-0.000000000,0.000000000
17.054951260,J2,-1.516994669,0.000000000,0.391390715
17.054951260,J3,0.220659676,0.000000000,-0.314010223
17.064927440,J1,-1.558229777,-0.000000000,0.000000000
17.064927440,J2,-1.516994669,0.000000000,0.391390715
17.064927440,J3,0.220659676,0.000000000,-0.314010223
17.074916612,J1,-1.558229777,-0.000000000,0.000000000
17.074916612,J2,-1.516994669,0.000000000,0.391390715
17.074916612,J3,0.220659676,0.000000000,-0.314010223
17.084958585,J1,-1.558229777,-0.000000000,0.000000000
17.084958585,J2,-1.516994669,0.000000000,0.391390715
17.084958585,J3,0.220659676,0.000000000,-0.314010223
17.094888181,J1,-1.558229777,-0.000000000,0.000000000
17.094888181,J2,-1.516994669,0.000000000,0.391390715
17.094888181,J3,0.220659676,0.000000000,-0.314010223
17.104999229,J1,-1.558229777,-0.000000000,0.000000000
17.104999229,J2,-1.516994669,0.000000000,0.391390715
17.104999229,J3,0.220659676,0.000000000,-0.314010223
17.114888385,J1,-1.558229777,-0.000000000,0.000000000
17.114888385,J2,-1.516994669,0.000000000,0.391390715
17.114888385,J3,0.220659676,0.000000000,-0.314010223
17.124912339,J1,-1.558229777,-0.000000000,0.000000000
17.124912339,J2,-1.516994669,0.000000000,0.391390715
17.124912339,J3,0.220659676,0.000000000,-0.314010223
17.135014377,J1,-1.558229777,-0.000000000,0.000000000
17.135014377,J2,-1.516994669,0.000000000,0.391390715
17.135014377,J3,0.220659676,0.000000000,-0.314010223
17.144953611,J1,-1.558229777,-0.000000000,0.000000000
17.144953611,J2,-1.516994669,0.000000000,0.391390715
17.144953611,J3,0.220659676,0.000000000,-0.314010223
17.154969253,J1,-1.558229777,-0.000000000,0.000000000
17.154969253,J2,-1.516994669,0.000000000,0.391390715
17.154969253,J3,0.220659676,0.000000000,-0.314010223
17.164938520,J1,-1.558229777,-0.000000000,0.000000000
17.164938520,J2,-1.516994669,0.000000000,0.391390715
17.164938520,J3,0.220659676,0.000000000,-0.314010223
17.174927482,J1,-1.558229777,-0.000000000,0.000000000
17.174927482,J2,-1.516994669,0.000000000,0.391390715
17.174927482,J3,0.220659676,0.000000000,-0.314010223
17.184969175,J1,-1.558229777,-0.000000000,0.000000000
17.184969175,J2,-1.516994669,0.000000000,0.391390715
17.184969175,J3,0.220659676,0.000000000,-0.314010223
17.194935229,J1,-1.558229777,-0.000000000,0.000000000
17.194935229,J2,-1.516994669,0.000000000,0.391390715
17.194935229,J3,0.220659676,0.000000000,-0.314010223
17.204958554,J1,-1.558229777,-0.000000000,0.000000000
17.204958554,J2,-1.516994669,0.000000000,0.391390715
17.204958554,J3,0.220659676,0.000000000,-0.314010223
17.214980482,J1,-1.558229777,-0.000000000,0.000000000
17.214980482,J2,-1.516994669,0.000000000,0.391390715
17.214980482,J3,0.220659676,0.000000000,-0.314010223
17.224918738,J1,-1.558229777,-0.000000000,0.000000000
17.224918738,J2,-1.516994669,0.000000000,0.391390715
17.224918738,J3,0.220659676,0.000000000,-0.314010223
17.234994935,J1,-1.558229777,-0.000000000,0.000000000
17.234994935,J2,-1.516994669,0.000000000,0.391390715
17.234994935,J3,0.220659676,0.000000000,-0.314010223
17.244916987,J1,-1.558229777,-0.000000000,0.000000000
17.244916987,J2,-1.516994669,0.000000000,0.391390715
17.244916987,J3,0.220659676,0.000000000,-0.314010223
17.254990878,J1,-1.558229777,-0.000000000,0.000000000
17.254990878,J2,-1.516994669,0.000000000,0.391390715
17.254990878,J3,0.220659676,0.000000000,-0.314010223
17.264939681,J1,-1.558229777,-0.000000000,0.000000000
17.264939681,J2,-1.516994669,0.000000000,0.391390715
17.264939681,J3,0.220659676,0.000000000,-0.314010223
17.274970968,J1,-1.558229777,-0.000000000,0.000000000
17.274970968,J2,-1.516994669,0.000000000,0.391390715
17.274970968,J3,0.220659676,0.000000000,-0.314010223
17.285047025,J1,-1.558229777,-0.000000000,0.000000000
17.285047025,J2,-1.516994669,0.000000000,0.391390715
17.285047025,J3,0.220659676,0.000000000,-0.314010223
17.294964328,J1,-1.558229777,-0.000000000,0.000000000
17.294964328,J2,-1.516994669,0.000000000,0.391390715
17.294964328,J3,0.220659676,0.000000000,-0.314010223
17.304973894,J1,-1.558229777,-0.000000000,0.000000000
17.304973894,J2,-1.516994669,0.000000000,0.391390715
17.304973894,J3,0.220659676,0.000000000,-0.314010223
17.315009930,J1,-1.558229777,-0.000000000,0.000000000
17.315009930,J2,-1.516994669,0.000000000,0.391390715
17.315009930,J3,0.220659676,0.000000000,-0.314010223
17.324941621,J1,-1.558229777,-0.000000000,0.000000000
17.324941621,J2,-1.516994669,0.000000000,0.391390715
17.324941621,J3,0.220659676,0.000000000,-0.314010223
17.335020541,J1,-1.558229777,-0.000000000,0.000000000
17.335020541,J2,-1.516994669,0.000000000,0.391390715
17.335020541,J3,0.220659676,0.000000000,-0.314010223
17.344983731,J1,-1.558229777,-0.000000000,0.000000000
17.344983731,J2,-1.516994669,0.000000000,0.391390715
17.344983731,J3,0.220659676,0.000000000,-0.314010223
17.355047425,J1,-1.558229777,-0.000000000,0.000000000
17.355047425,J2,-1.516994669,0.000000000,0.391390715
17.355047425,J3,0.220659676,0.000000000,-0.314010223
17.364980094,J1,-1.558229777,-0.000000000,0.000000000
17.364980094,J2,-1.516994669,0.000000000,0.391390715
17.364980094,J3,0.220659676,0.000000000,-0.314010223
17.374947824,J1,-1.558229777,-0.000000000,0.000000000
17.374947824,J2,-1.516994669,0.000000000,0.391390715
17.374947824,J3,0.220659676,0.000000000,-0.314010223
17.385118937,J1,-1.558229777,-0.000000000,0.000000000
17.385118937,J2,-1.516994669,0.000000000,0.391390715
17.385118937,J3,0.220659676,0.000000000,-0.314010223
17.394861633,J1,-1.558229777,-0.000000000,0.000000000
17.394861633,J2,-1.516994669,0.000000000,0.391390715
17.394861633,J3,0.220659676,0.000000000,-0.314010223
17.404880627,J1,-1.558229777,-0.000000000,0.000000000
17.404880627,J2,-1.516994669,0.000000000,0.391390715
17.404880627,J3,0.220659676,0.000000000,-0.314010223
17.414876434,J1,-1.558229777,-0.000000000,0.000000000
17.414876434,J2,-1.516994669,0.000000000,0.391390715
17.414876434,J3,0.220659676,0.000000000,-0.314010223
17.424951304,J1,-1.558229777,-0.000000000,0.000000000
17.424951304,J2,-1.516994669,0.000000000,0.391390715
17.424951304,J3,0.220659676,0.000000000,-0.314010223
17.435019329,J1,-1.558229777,-0.000000000,0.000000000
17.435019329,J2,-1.516994669,0.000000000,0.391390715
17.435019329,J3,0.220659676,0.000000000,-0.314010223
17.444918333,J1,-1.558229777,-0.000000000,0.000000000
17.444918333,J2,-1.516994669,0.000000000,0.391390715
17.444918333,J3,0.220659676,0.000000000,-0.314010223
17.454911206,J1,-1.558229777,-0.000000000,0.000000000
17.454911206,J2,-1.516994669,0.000000000,0.391390715
17.454911206,J3,0.220659676,0.000000000,-0.314010223
17.464911064,J1,-1.558229777,-0.000000000,0.000000000
17.464911064,J2,-1.516994669,0.000000000,0.391390715
17.464911064,J3,0.220659676,0.000000000,-0.314010223
17.474950593,J1,-1.558229777,-0.000000000,0.000000000
17.474950593,J2,-1.516994669,0.000000000,0.391390715
17.474950593,J3,0.220659676,0.000000000,-0.314010223
17.484932571,J1,-1.558229777,-0.000000000,0.000000000
17.484932571,J2,-1.516994669,0.000000000,0.391390715
17.484932571,J3,0.220659676,0.000000000,-0.314010223
17.494934943,J1,-1.558229777,-0.000000000,0.000000000
17.494934943,J2,-1.516994669,0.000000000,0.391390715
17.494934943,J3,0.220659676,0.000000000,-0.314010223
17.504906026,J1,-1.558229777,-0.000000000,0.000000000
17.504906026,J2,-1.516994669,0.000000000,0.391390715
17.504906026,J3,0.220659676,0.000000000,-0.314010223
17.514864467,J1,-1.558229777,-0.000000000,0.000000000
17.514864467,J2,-1.516994669,0.000000000,0.391390715
17.514864467,J3,0.220659676,0.000000000,-0.314010223
17.524898408,J1,-1.558229777,-0.000000000,0.000000000
17.524898408,J2,-1.516994669,0.000000000,0.391390715
17.524898408,J3,0.220659676,0.000000000,-0.314010223
17.534936959,J1,-1.558229777,-0.000000000,0.000000000
17.534936959,J2,-1.516994669,0.000000000,0.391390715
17.534936959,J3,0.220659676,0.000000000,-0.314010223
17.544955255,J1,-1.558229777,-0.000000000,0.000000000
17.544955255,J2,-1.516994669,0.000000000,0.391390715
17.544955255,J3,0.220659676,0.000000000,-0.314010223
17.554949107,J1,-1.558229777,-0.000000000,0.000000000
17.554949107,J2,-1.516994669,0.000000000,0.391390715
17.554949107,J3,0.220659676,0.000000000,-0.314010223
17.564969429,J1,-1.558229777,-0.000000000,0.000000000
17.564969429,J2,-1.516994669,0.000000000,0.391390715
17.564969429,J3,0.220659676,0.000000000,-0.314010223
17.574966353,J1,-1.558229777,-0.000000000,0.000000000
17.574966353,J2,-1.516994669,0.000000000,0.391390715
17.574966353,J3,0.220659676,0.000000000,-0.314010223
17.584980948,J1,-1.558229777,-0.000000000,0.000000000
17.584980948,J2,-1.516994669,0.000000000,0.391390715
17.584980948,J3,0.220659676,0.000000000,-0.314010223
17.594885190,J1,-1.558229777,-0.000000000,0.000000000
17.594885190,J2,-1.516994669,0.000000000,0.391390715
17.594885190,J3,0.220659676,0.000000000,-0.314010223
17.604888610,J1,-1.558229777,-0.000000000,0.000000000
17.604888610,J2,-1.516994669,0.000000000,0.391390715
17.604888610,J3,0.220659676,0.000000000,-0.314010223
17.614845445,J1,-1.558229777,-0.000000000,0.000000000
17.614845445,J2,-1.516994669,0.000000000,0.391390715
17.614845445,J3,0.220659676,0.000000000,-0.314010223
17.624916054,J1,-1.558229777,-0.000000000,0.000000000
17.624916054,J2,-1.516994669,0.000000000,0.391390715
17.624916054,J3,0.220659676,0.000000000,-0.314010223
17.634930579,J1,-1.558229777,-0.000000000,0.000000000
17.634930579,J2,-1.516994669,0.000000000,0.391390715
17.634930579,J3,0.220659676,0.000000000,-0.314010223
17.644958094,J1,-1.558229777,-0.000000000,0.000000000
17.644958094,J2,-1.516994669,0.000000000,0.391390715
17.644958094,J3,0.220659676,0.000000000,-0.314010223
17.654902567,J1,-1.558229777,-0.000000000,0.000000000
17.654902567,J2,-1.516994669,0.000000000,0.391390715
17.654902567,J3,0.220659676,0.000000000,-0.314010223
17.664853115,J1,-1.558229777,-0.000000000,0.000000000
17.664853115,J2,-1.516994669,0.000000000,0.391390715
17.664853115,J3,0.220659676,0.000000000,-0.314010223
17.674909825,J1,-1.558229777,-0.000000000,0.000000000
17.674909825,J2,-1.516994669,0.000000000,0.391390715
17.674909825,J3,0.220659676,0.000000000,-0.314010223
17.684901861,J1,-1.558229777,-0.000000000,0.000000000
17.684901861,J2,-1.516994669,0.000000000,0.391390715
17.684901861,J3,0.220659676,0.000000000,-0.314010223
17.694909332,J1,-1.558229777,-0.000000000,0.000000000
17.694909332,J2,-1.516994669,0.000000000,0.391390715
17.694909332,J3,0.220659676,0.000000000,-0.314010223
17.704880344,J1,-1.558229777,-0.000000000,0.000000000
17.704880344,J2,-1.516994669,0.000000000,0.391390715
17.704880344,J3,0.220659676,0.000000000,-0.314010223
17.714847516,J1,-1.558229777,-0.000000000,0.000000000
17.714847516,J2,-1.516994669,0.000000000,0.391390715
17.714847516,J3,0.220659676,0.000000000,-0.314010223
17.724919521,J1,-1.558229777,-0.000000000,0.000000000
17.724919521,J2,-1.516994669,0.000000000,0.391390715
17.724919521,J3,0.220659676,0.000000000,-0.314010223
17.734990410,J1,-1.558229777,-0.000000000,0.000000000
17.734990410,J2,-1.516994669,0.000000000,0.391390715
17.734990410,J3,0.220659676,0.000000000,-0.314010223
17.744919726,J1,-1.558229777,-0.000000000,0.000000000
17.744919726,J2,-1.516994669,0.000000000,0.391390715
17.744919726,J3,0.220659676,0.000000000,-0.314010223
17.754885012,J1,-1.558229777,-0.000000000,0.000000000
17.754885012,J2,-1.516994669,0.000000000,0.391390715
17.754885012,J3,0.220659676,0.000000000,-0.314010223
17.764902400,J1,-1.558229777,-0.000000000,0.000000000
17.764902400,J2,-1.516994669,0.000000000,0.391390715
17.764902400,J3,0.220659676,0.000000000,-0.314010223
17.774926913,J1,-1.558229777,-0.000000000,0.000000000
17.774926913,J2,-1.516994669,0.000000000,0.391390715
17.774926913,J3,0.220659676,0.000000000,-0.314010223
17.784922231,J1,-1.558229777,-0.000000000,0.000000000
17.784922231,J2,-1.516994669,0.000000000,0.391390715
17.784922231,J3,0.220659676,0.000000000,-0.314010223
17.794997659,J1,-1.558229777,-0.000000000,0.000000000
17.794997659,J2,-1.516994669,0.000000000,0.391390715
17.794997659,J3,0.220659676,0.000000000,-0.314010223
17.804937172,J1,-1.558229777,-0.000000000,0.000000000
17.804937172,J2,-1.516994669,0.000000000,0.391390715
17.804937172,J3,0.220659676,0.000000000,-0.314010223
17.814902877,J1,-1.558229777,-0.000000000,0.000000000
17.814902877,J2,-1.516994669,0.000000000,0.391390715
17.814902877,J3,0.220659676,0.000000000,-0.314010223
17.824930183,J1,-1.558229777,-0.000000000,0.000000000
17.824930183,J2,-1.516994669,0.000000000,0.391390715
17.824930183,J3,0.220659676,0.000000000,-0.314010223
17.834900078,J1,-1.558229777,-0.000000000,0.000000000
17.834900078,J2,-1.516994669,0.000000000,0.391390715
17.834900078,J3,0.220659676,0.000000000,-0.314010223
17.844891625,J1,-1.558229777,-0.000000000,0.000000000
17.844891625,J2,-1.516994669,0.000000000,0.391390715
17.844891625,J3,0.220659676,0.000000000,-0.314010223
17.854880936,J1,-1.558229777,-0.000000000,0.000000000
17.854880936,J2,-1.516994669,0.000000000,0.391390715
17.854880936,J3,0.220659676,0.000000000,-0.314010223
17.864876953,J1,-1.558229777,-0.000000000,0.000000000
17.864876953,J2,-1.516994669,0.000000000,0.391390715
17.864876953,J3,0.220659676,0.000000000,-0.314010223
17.874903700,J1,-1.558229777,-0.000000000,0.000000000
17.874903700,J2,-1.516994669,0.000000000,0.391390715
17.874903700,J3,0.220659676,0.000000000,-0.314010223
17.884908517,J1,-1.558229777,-0.000000000,0.000000000
17.884908517,J2,-1.516994669,0.000000000,0.391390715
17.884908517,J3,0.220659676,0.000000000,-0.314010223
17.894894685,J1,-1.558229777,-0.000000000,0.000000000
17.894894685,J2,-1.516994669,0.000000000,0.391390715
17.894894685,J3,0.220659676,0.000000000,-0.314010223
17.904874359,J1,-1.558229777,-0.000000000,0.000000000
17.904874359,J2,-1.516994669,0.000000000,0.391390715
17.904874359,J3,0.220659676,0.000000000,-0.314010223
17.914892865,J1,-1.558229777,-0.000000000,0.000000000
17.914892865,J2,-1.516994669,0.000000000,0.391390715
17.914892865,J3,0.220659676,0.000000000,-0.314010223
17.924905993,J1,-1.558229777,-0.000000000,0.000000000
17.924905993,J2,-1.516994669,0.000000000,0.391390715
17.924905993,J3,0.220659676,0.000000000,-0.314010223
17.934979884,J1,-1.558229777,-0.000000000,0.000000000
17.934979884,J2,-1.516994669,0.000000000,0.391390715
17.934979884,J3,0.220659676,0.000000000,-0.314010223
17.944903404,J1,-1.558229777,-0.000000000,0.000000000
17.944903404,J2,-1.516994669,0.000000000,0.391390715
17.944903404,J3,0.220659676,0.000000000,-0.314010223
17.954876931,J1,-1.558229777,-0.000000000,0.000000000
17.954876931,J2,-1.516994669,0.000000000,0.391390715
17.954876931,J3,0.220659676,0.000000000,-0.314010223
17.964881189,J1,-1.558229777,-0.000000000,0.000000000
17.964881189,J2,-1.516994669,0.000000000,0.391390715
17.964881189,J3,0.220659676,0.000000000,-0.314010223
17.974904374,J1,-1.558229777,-0.000000000,0.000000000
17.974904374,J2,-1.516994669,0.000000000,0.391390715
17.974904374,J3,0.220659676,0.000000000,-0.314010223
17.984878390,J1,-1.558229777,-0.000000000,0.000000000
17.984878390,J2,-1.516994669,0.000000000,0.391390715
17.984878390,J3,0.220659676,0.000000000,-0.314010223
17.994910655,J1,-1.558229777,-0.000000000,0.000000000
17.994910655,J2,-1.516994669,0.000000000,0.391390715
17.994910655,J3,0.220659676,0.000000000,-0.314010223
18.004914354,J1,-1.558229777,-0.000000000,0.000000000
18.004914354,J2,-1.516994669,0.000000000,0.391390715
18.004914354,J3,0.220659676,0.000000000,-0.314010223
18.014906459,J1,-1.558229777,-0.000000000,0.000000000
18.014906459,J2,-1.516994669,0.000000000,0.391390715
18.014906459,J3,0.220659676,0.000000000,-0.314010223
18.024931950,J1,-1.558229777,-0.000000000,0.000000000
18.024931950,J2,-1.516994669,0.000000000,0.391390715
18.024931950,J3,0.220659676,0.000000000,-0.314010223
18.035044046,J1,-1.558229777,-0.000000000,0.000000000
18.035044046,J2,-1.516994669,0.000000000,0.391390715
18.035044046,J3,0.220659676,0.000000000,-0.314010223
18.044984327,J1,-1.558229777,-0.000000000,0.000000000
18.044984327,J2,-1.516994669,0.000000000,0.391390715
18.044984327,J3,0.220659676,0.000000000,-0.314010223
18.055023507,J1,-1.558229777,-0.000000000,0.000000000
18.055023507,J2,-1.516994669,0.000000000,0.391390715
18.055023507,J3,0.220659676,0.000000000,-0.314010223
18.064867126,J1,-1.558229777,-0.000000000,0.000000000
18.064867126,J2,-1.516994669,0.000000000,0.391390715
18.064867126,J3,0.220659676,0.000000000,-0.314010223
18.074906375,J1,-1.558229777,-0.000000000,0.000000000
18.074906375,J2,-1.516994669,0.000000000,0.391390715
18.074906375,J3,0.220659676,0.000000000,-0.314010223
18.084972514,J1,-1.558229777,-0.000000000,0.000000000
18.084972514,J2,-1.516994669,0.000000000,0.391390715
18.084972514,J3,0.220659676,0.000000000,-0.314010223
18.094895125,J1,-1.558229777,-0.000000000,0.000000000
18.094895125,J2,-1.516994669,0.000000000,0.391390715
18.094895125,J3,0.220659676,0.000000000,-0.314010223
18.104883459,J1,-1.558229777,-0.000000000,0.000000000
18.104883459,J2,-1.516994669,0.000000000,0.391390715
18.104883459,J3,0.220659676,0.000000000,-0.314010223
18.114842948,J1,-1.558229777,-0.000000000,0.000000000
18.114842948,J2,-1.516994669,0.000000000,0.391390715
18.114842948,J3,0.220659676,0.000000000,-0.314010223
18.124948967,J1,-1.558229777,-0.000000000,0.000000000
18.124948967,J2,-1.516994669,0.000000000,0.391390715
18.124948967,J3,0.220659676,0.000000000,-0.314010223
18.134881636,J1,-1.558229777,-0.000000000,0.000000000
18.134881636,J2,-1.516994669,0.000000000,0.391390715
18.134881636,J3,0.220659676,0.000000000,-0.314010223
18.144890922,J1,-1.558229777,-0.000000000,0.000000000
18.144890922,J2,-1.516994669,0.000000000,0.391390715
18.144890922,J3,0.220659676,0.000000000,-0.314010223
18.154958528,J1,-1.558229777,-0.000000000,0.000000000
18.154958528,J2,-1.516994669,0.000000000,0.391390715
18.154958528,J3,0.220659676,0.000000000,-0.314010223
18.164847475,J1,-1.558229777,-0.000000000,0.000000000
18.164847475,J2,-1.516994669,0.000000000,0.391390715
18.164847475,J3,0.220659676,0.000000000,-0.314010223
18.174864654,J1,-1.558229777,-0.000000000,0.000000000
18.174864654,J2,-1.516994669,0.000000000,0.391390715
18.174864654,J3,0.220659676,0.000000000,-0.314010223
18.184944343,J1,-1.558229777,-0.000000000,0.000000000
18.184944343,J2,-1.516994669,0.000000000,0.391390715
18.184944343,J3,0.220659676,0.000000000,-0.314010223
18.194924295,J1,-1.558229777,-0.000000000,0.000000000
18.194924295,J2,-1.516994669,0.000000000,0.391390715
18.194924295,J3,0.220659676,0.000000000,-0.314010223
18.204889371,J1,-1.558229777,-0.000000000,0.000000000
18.204889371,J2,-1.516994669,0.000000000,0.391390715
18.204889371,J3,0.220659676,0.000000000,-0.314010223
18.214925547,J1,-1.558229777,-0.000000000,0.000000000
18.214925547,J2,-1.516994669,0.000000000,0.391390715
18.214925547,J3,0.220659676,0.000000000,-0.314010223
18.224901868,J1,-1.558229777,-0.000000000,0.000000000
18.224901868,J2,-1.516994669,0.000000000,0.391390715
18.224901868,J3,0.220659676,0.000000000,-0.314010223
18.234962839,J1,-1.558229777,-0.000000000,0.000000000
18.234962839,J2,-1.516994669,0.000000000,0.391390715
18.234962839,J3,0.220659676,0.000000000,-0.314010223
18.244941115,J1,-1.558229777,-0.000000000,0.000000000
18.244941115,J2,-1.516994669,0.000000000,0.391390715
18.244941115,J3,0.220659676,0.000000000,-0.314010223
18.254923023,J1,-1.558229777,-0.000000000,0.000000000
18.254923023,J2,-1.516994669,0.000000000,0.391390715
18.254923023,J3,0.220659676,0.000000000,-0.314010223
18.264931472,J1,-1.558229777,-0.000000000,0.000000000
18.264931472,J2,-1.516994669,0.000000000,0.391390715
18.264931472,J3,0.220659676,0.000000000,-0.314010223
18.274939292,J1,-1.558229777,-0.000000000,0.000000000
18.274939292,J2,-1.516994669,0.000000000,0.391390715
18.274939292,J3,0.220659676,0.000000000,-0.314010223
18.284915752,J1,-1.558229777,-0.000000000,0.000000000
18.284915752,J2,-1.516994669,0.000000000,0.391390715
18.284915752,J3,0.220659676,0.000000000,-0.314010223
18.295040350,J1,-1.558229777,-0.000000000,0.000000000
18.295040350,J2,-1.516994669,0.000000000,0.391390715
18.295040350,J3,0.220659676,0.000000000,-0.314010223
18.305034201,J1,-1.558229777,-0.000000000,0.000000000
18.305034201,J2,-1.516994669,0.000000000,0.391390715
18.305034201,J3,0.220659676,0.000000000,-0.314010223
18.314847229,J1,-1.558229777,-0.000000000,0.000000000
18.314847229,J2,-1.516994669,0.000000000,0.391390715
18.314847229,J3,0.220659676,0.000000000,-0.314010223
18.324904707,J1,-1.558229777,-0.000000000,0.000000000
18.324904707,J2,-1.516994669,0.000000000,0.391390715
18.324904707,J3,0.220659676,0.000000000,-0.314010223
18.335008911,J1,-1.558229777,-0.000000000,0.000000000
18.335008911,J2,-1.516994669,0.000000000,0.391390715
18.335008911,J3,0.220659676,0.000000000,-0.314010223
18.344896251,J1,-1.558229777,-0.000000000,0.000000000
18.344896251,J2,-1.516994669,0.000000000,0.391390715
18.344896251,J3,0.220659676,0.000000000,-0.314010223
18.354911195,J1,-1.558229777,-0.000000000,0.000000000
18.354911195,J2,-1.516994669,0.000000000,0.391390715
18.354911195,J3,0.220659676,0.000000000,-0.314010223
18.364909586,J1,-1.558229777,-0.000000000,0.000000000
18.364909586,J2,-1.516994669,0.000000000,0.391390715
18.364909586,J3,0.220659676,0.000000000,-0.314010223
18.374925019,J1,-1.558229777,-0.000000000,0.000000000
18.374925019,J2,-1.516994669,0.000000000,0.391390715
18.374925019,J3,0.220659676,0.000000000,-0.314010223
18.384967062,J1,-1.558229777,-0.000000000,0.000000000
18.384967062,J2,-1.516994669,0.000000000,0.391390715
18.384967062,J3,0.220659676,0.000000000,-0.314010223
18.394900849,J1,-1.558229777,-0.000000000,0.000000000
18.394900849,J2,-1.516994669,0.000000000,0.391390715
18.394900849,J3,0.220659676,0.000000000,-0.314010223
18.404917050,J1,-1.558229777,-0.000000000,0.000000000
18.404917050,J2,-1.516994669,0.000000000,0.391390715
18.404917050,J3,0.220659676,0.000000000,-0.314010223
18.414924032,J1,-1.558229777,-0.000000000,0.000000000
18.414924032,J2,-1.516994669,0.000000000,0.391390715
18.414924032,J3,0.220659676,0.000000000,-0.314010223
18.424891832,J1,-1.558229777,-0.000000000,0.000000000
18.424891832,J2,-1.516994669,0.000000000,0.391390715
18.424891832,J3,0.220659676,0.000000000,-0.314010223
18.434991356,J1,-1.558229777,-0.000000000,0.000000000
18.434991356,J2,-1.516994669,0.000000000,0.391390715
18.434991356,J3,0.220659676,0.000000000,-0.314010223
18.444916273,J1,-1.558229777,-0.000000000,0.000000000
18.444916273,J2,-1.516994669,0.000000000,0.391390715
18.444916273,J3,0.220659676,0.000000000,-0.314010223
18.455011327,J1,-1.558229777,-0.000000000,0.000000000
18.455011327,J2,-1.516994669,0.000000000,0.391390715
18.455011327,J3,0.220659676,0.000000000,-0.314010223
18.464904115,J1,-1.558229777,-0.000000000,0.000000000
18.464904115,J2,-1.516994669,0.000000000,0.391390715
18.464904115,J3,0.220659676,0.000000000,-0.314010223
18.474998401,J1,-1.558229777,-0.000000000,0.000000000
18.474998401,J2,-1.516994669,0.000000000,0.391390715
18.474998401,J3,0.220659676,0.000000000,-0.314010223
18.484908581,J1,-1.558229777,-0.000000000,0.000000000
18.484908581,J2,-1.516994669,0.000000000,0.391390715
18.484908581,J3,0.220659676,0.000000000,-0.314010223
18.494904597,J1,-1.558229777,-0.000000000,0.000000000
18.494904597,J2,-1.516994669,0.000000000,0.391390715
18.494904597,J3,0.220659676,0.000000000,-0.314010223
18.504904316,J1,-1.558229777,-0.000000000,0.000000000
18.504904316,J2,-1.516994669,0.000000000,0.391390715
18.504904316,J3,0.220659676,0.000000000,-0.314010223
18.514916256,J1,-1.558229777,-0.000000000,0.000000000
18.514916256,J2,-1.516994669,0.000000000,0.391390715
18.514916256,J3,0.220659676,0.000000000,-0.314010223
18.524978694,J1,-1.558229777,-0.000000000,0.000000000
18.524978694,J2,-1.516994669,0.000000000,0.391390715
18.524978694,J3,0.220659676,0.000000000,-0.314010223
18.534973523,J1,-1.558229777,-0.000000000,0.000000000
18.534973523,J2,-1.516994669,0.000000000,0.391390715
18.534973523,J3,0.220659676,0.000000000,-0.314010223
18.544942650,J1,-1.558229777,-0.000000000,0.000000000
18.544942650,J2,-1.516994669,0.000000000,0.391390715
18.544942650,J3,0.220659676,0.000000000,-0.314010223
18.554936432,J1,-1.558229777,-0.000000000,0.000000000
18.554936432,J2,-1.516994669,0.000000000,0.391390715
18.554936432,J3,0.220659676,0.000000000,-0.314010223
18.564906676,J1,-1.558229777,-0.000000000,0.000000000
18.564906676,J2,-1.516994669,0.000000000,0.391390715
18.564906676,J3,0.220659676,0.000000000,-0.314010223
18.574892496,J1,-1.558229777,-0.000000000,0.000000000
18.574892496,J2,-1.516994669,0.000000000,0.391390715
18.574892496,J3,0.220659676,0.000000000,-0.314010223
18.584904646,J1,-1.558229777,-0.000000000,0.000000000
18.584904646,J2,-1.516994669,0.000000000,0.391390715
18.584904646,J3,0.220659676,0.000000000,-0.314010223
18.594932302,J1,-1.558229777,-0.000000000,0.000000000
18.594932302,J2,-1.516994669,0.000000000,0.391390715
18.594932302,J3,0.220659676,0.000000000,-0.314010223
18.604946548,J1,-1.558229777,-0.000000000,0.000000000
18.604946548,J2,-1.516994669,0.000000000,0.391390715
18.604946548,J3,0.220659676,0.000000000,-0.314010223
18.614890182,J1,-1.558229777,-0.000000000,0.000000000
18.614890182,J2,-1.516994669,0.000000000,0.391390715
18.614890182,J3,0.220659676,0.000000000,-0.314010223
18.624860426,J1,-1.558229777,-0.000000000,0.000000000
18.624860426,J2,-1.516994669,0.000000000,0.391390715
18.624860426,J3,0.220659676,0.000000000,-0.314010223
18.634880609,J1,-1.558229777,-0.000000000,0.000000000
18.634880609,J2,-1.516994669,0.000000000,0.391390715
18.634880609,J3,0.220659676,0.000000000,-0.314010223
18.644952126,J1,-1.558229777,-0.000000000,0.000000000
18.644952126,J2,-1.516994669,0.000000000,0.391390715
18.644952126,J3,0.220659676,0.000000000,-0.314010223
18.654889684,J1,-1.558229777,-0.000000000,0.000000000
18.654889684,J2,-1.516994669,0.000000000,0.391390715
18.654889684,J3,0.220659676,0.000000000,-0.314010223
18.664919435,J1,-1.558229777,-0.000000000,0.000000000
18.664919435,J2,-1.516994669,0.000000000,0.391390715
18.664919435,J3,0.220659676,0.000000000,-0.314010223
18.674936544,J1,-1.558229777,-0.000000000,0.000000000
18.674936544,J2,-1.516994669,0.000000000,0.391390715
18.674936544,J3,0.220659676,0.000000000,-0.314010223
18.684928021,J1,-1.558229777,-0.000000000,0.000000000
18.684928021,J2,-1.516994669,0.000000000,0.391390715
18.684928021,J3,0.220659676,0.000000000,-0.314010223
18.694922640,J1,-1.558229777,-0.000000000,0.000000000
18.694922640,J2,-1.516994669,0.000000000,0.391390715
18.694922640,J3,0.220659676,0.000000000,-0.314010223
18.704920543,J1,-1.558229777,-0.000000000,0.000000000
18.704920543,J2,-1.516994669,0.000000000,0.391390715
18.704920543,J3,0.220659676,0.000000000,-0.314010223
18.714884990,J1,-1.558229777,-0.000000000,0.000000000
18.714884990,J2,-1.516994669,0.000000000,0.391390715
18.714884990,J3,0.220659676,0.000000000,-0.314010223
18.725006166,J1,-1.558229777,-0.000000000,0.000000000
18.725006166,J2,-1.516994669,0.000000000,0.391390715
18.725006166,J3,0.220659676,0.000000000,-0.314010223
18.734881773,J1,-1.558229777,-0.000000000,0.000000000
18.734881773,J2,-1.516994669,0.000000000,0.391390715
18.734881773,J3,0.220659676,0.000000000,-0.314010223
18.744928915,J1,-1.558229777,-0.000000000,0.000000000
18.744928915,J2,-1.516994669,0.000000000,0.391390715
18.744928915,J3,0.220659676,0.000000000,-0.314010223
18.754944418,J1,-1.558229777,-0.000000000,0.000000000
18.754944418,J2,-1.516994669,0.000000000,0.391390715
18.754944418,J3,0.220659676,0.000000000,-0.314010223
18.764994842,J1,-1.558229777,-0.000000000,0.000000000
18.764994842,J2,-1.516994669,0.000000000,0.391390715
18.764994842,J3,0.220659676,0.000000000,-0.314010223
18.774984852,J1,-1.558229777,-0.000000000,0.000000000
18.774984852,J2,-1.516994669,0.000000000,0.391390715
18.774984852,J3,0.220659676,0.000000000,-0.314010223
18.784896219,J1,-1.558229777,-0.000000000,0.000000000
18.784896219,J2,-1.516994669,0.000000000,0.391390715
18.784896219,J3,0.220659676,0.000000000,-0.314010223
18.794981565,J1,-1.558229777,-0.000000000,0.000000000
18.794981565,J2,-1.516994669,0.000000000,0.391390715
18.794981565,J3,0.220659676,0.000000000,-0.314010223
18.804892094,J1,-1.558229777,-0.000000000,0.000000000
18.804892094,J2,-1.516994669,0.000000000,0.391390715
18.804892094,J3,0.220659676,0.000000000,-0.314010223
18.814896841,J1,-1.558229777,-0.000000000,0.000000000
18.814896841,J2,-1.516994669,0.000000000,0.391390715
18.814896841,J3,0.220659676,0.000000000,-0.314010223
18.824912064,J1,-1.558229777,-0.000000000,0.000000000
18.824912064,J2,-1.516994669,0.000000000,0.391390715
18.824912064,J3,0.220659676,0.000000000,-0.314010223
18.834863591,J1,-1.558229777,-0.000000000,0.000000000
18.834863591,J2,-1.516994669,0.000000000,0.391390715
18.834863591,J3,0.220659676,0.000000000,-0.314010223
18.844939648,J1,-1.558229777,-0.000000000,0.000000000
18.844939648,J2,-1.516994669,0.000000000,0.391390715
18.844939648,J3,0.220659676,0.000000000,-0.314010223
18.854877485,J1,-1.558229777,-0.000000000,0.000000000
18.854877485,J2,-1.516994669,0.000000000,0.391390715
18.854877485,J3,0.220659676,0.000000000,-0.314010223
18.864922461,J1,-1.558229777,-0.000000000,0.000000000
18.864922461,J2,-1.516994669,0.000000000,0.391390715
18.864922461,J3,0.220659676,0.000000000,-0.314010223
18.874879017,J1,-1.558229777,-0.000000000,0.000000000
18.874879017,J2,-1.516994669,0.000000000,0.391390715
18.874879017,J3,0.220659676,0.000000000,-0.314010223
18.884881249,J1,-1.558229777,-0.000000000,0.000000000
18.884881249,J2,-1.516994669,0.000000000,0.391390715
18.884881249,J3,0.220659676,0.000000000,-0.314010223
18.894948785,J1,-1.558229777,-0.000000000,0.000000000
18.894948785,J2,-1.516994669,0.000000000,0.391390715
18.894948785,J3,0.220659676,0.000000000,-0.314010223
18.904902687,J1,-1.558229777,-0.000000000,0.000000000
18.904902687,J2,-1.516994669,0.000000000,0.391390715
18.904902687,J3,0.220659676,0.000000000,-0.314010223
18.914843457,J1,-1.558229777,-0.000000000,0.000000000
18.914843457,J2,-1.516994669,0.000000000,0.391390715
18.914843457,J3,0.220659676,0.000000000,-0.314010223
18.924876421,J1,-1.558229777,-0.000000000,0.000000000
18.924876421,J2,-1.516994669,0.000000000,0.391390715
18.924876421,J3,0.220659676,0.000000000,-0.314010223
18.934884101,J1,-1.558229777,-0.000000000,0.000000000
18.934884101,J2,-1.516994669,0.000000000,0.391390715
18.934884101,J3,0.220659676,0.000000000,-0.314010223
18.944930824,J1,-1.558229777,-0.000000000,0.000000000
18.944930824,J2,-1.516994669,0.000000000,0.391390715
18.944930824,J3,0.220659676,0.000000000,-0.314010223
18.954907704,J1,-1.558229777,-0.000000000,0.000000000
18.954907704,J2,-1.516994669,0.000000000,0.391390715
18.954907704,J3,0.220659676,0.000000000,-0.314010223
18.964937175,J1,-1.558229777,-0.000000000,0.000000000
18.964937175,J2,-1.516994669,0.000000000,0.391390715
18.964937175,J3,0.220659676,0.000000000,-0.314010223
18.974973701,J1,-1.558229777,-0.000000000,0.000000000
18.974973701,J2,-1.516994669,0.000000000,0.391390715
18.974973701,J3,0.220659676,0.000000000,-0.314010223
18.984890795,J1,-1.558229777,-0.000000000,0.000000000
18.984890795,J2,-1.516994669,0.000000000,0.391390715
18.984890795,J3,0.220659676,0.000000000,-0.314010223
18.994923479,J1,-1.558229777,-0.000000000,0.000000000
18.994923479,J2,-1.516994669,0.000000000,0.391390715
18.994923479,J3,0.220659676,0.000000000,-0.314010223
19.004911743,J1,-1.558229777,-0.000000000,0.000000000
19.004911743,J2,-1.516994669,0.000000000,0.391390715
19.004911743,J3,0.220659676,0.000000000,-0.314010223
19.014930529,J1,-1.558229777,-0.000000000,0.000000000
19.014930529,J2,-1.516994669,0.000000000,0.391390715
19.014930529,J3,0.220659676,0.000000000,-0.314010223
19.024855585,J1,-1.558229777,-0.000000000,0.000000000
19.024855585,J2,-1.516994669,0.000000000,0.391390715
19.024855585,J3,0.220659676,0.000000000,-0.314010223
19.034887640,J1,-1.558229777,-0.000000000,0.000000000
19.034887640,J2,-1.516994669,0.000000000,0.391390715
19.034887640,J3,0.220659676,0.000000000,-0.314010223
19.044959646,J1,-1.558229777,-0.000000000,0.000000000
19.044959646,J2,-1.516994669,0.000000000,0.391390715
19.044959646,J3,0.220659676,0.000000000,-0.314010223
19.054959365,J1,-1.558229777,-0.000000000,0.000000000
19.054959365,J2,-1.516994669,0.000000000,0.391390715
19.054959365,J3,0.220659676,0.000000000,-0.314010223
19.064909704,J1,-1.558229777,-0.000000000,0.000000000
19.064909704,J2,-1.516994669,0.000000000,0.391390715
19.064909704,J3,0.220659676,0.000000000,-0.314010223
19.074925137,J1,-1.558229777,-0.000000000,0.000000000
19.074925137,J2,-1.516994669,0.000000000,0.391390715
19.074925137,J3,0.220659676,0.000000000,-0.314010223
19.084883648,J1,-1.558229777,-0.000000000,0.000000000
19.084883648,J2,-1.516994669,0.000000000,0.391390715
19.084883648,J3,0.220659676,0.000000000,-0.314010223
19.094943082,J1,-1.558229777,-0.000000000,0.000000000
19.094943082,J2,-1.516994669,0.000000000,0.391390715
19.094943082,J3,0.220659676,0.000000000,-0.314010223
19.105003703,J1,-1.558229777,-0.000000000,0.000000000
19.105003703,J2,-1.516994669,0.000000000,0.391390715
19.105003703,J3,0.220659676,0.000000000,-0.314010223
19.114868485,J1,-1.558229777,-0.000000000,0.000000000
19.114868485,J2,-1.516994669,0.000000000,0.391390715
19.114868485,J3,0.220659676,0.000000000,-0.314010223
19.124936719,J1,-1.558229777,-0.000000000,0.000000000
19.124936719,J2,-1.516994669,0.000000000,0.391390715
19.124936719,J3,0.220659676,0.000000000,-0.314010223
19.134881890,J1,-1.558229777,-0.000000000,0.000000000
19.134881890,J2,-1.516994669,0.000000000,0.391390715
19.134881890,J3,0.220659676,0.000000000,-0.314010223
19.144928403,J1,-1.558229777,-0.000000000,0.000000000
19.144928403,J2,-1.516994669,0.000000000,0.391390715
19.144928403,J3,0.220659676,0.000000000,-0.314010223
19.154887543,J1,-1.558229777,-0.000000000,0.000000000
19.154887543,J2,-1.516994669,0.000000000,0.391390715
19.154887543,J3,0.220659676,0.000000000,-0.314010223
19.164904512,J1,-1.558229777,-0.000000000,0.000000000
19.164904512,J2,-1.516994669,0.000000000,0.391390715
19.164904512,J3,0.220659676,0.000000000,-0.314010223
19.174874058,J1,-1.558229777,-0.000000000,0.000000000
19.174874058,J2,-1.516994669,0.000000000,0.391390715
19.174874058,J3,0.220659676,0.000000000,-0.314010223
19.184872729,J1,-1.558229777,-0.000000000,0.000000000
19.184872729,J2,-1.516994669,0.000000000,0.391390715
19.184872729,J3,0.220659676,0.000000000,-0.314010223
19.194917985,J1,-1.558229777,-0.000000000,0.000000000
19.194917985,J2,-1.516994669,0.000000000,0.391390715
19.194917985,J3,0.220659676,0.000000000,-0.314010223
19.204921615,J1,-1.558229777,-0.000000000,0.000000000
19.204921615,J2,-1.516994669,0.000000000,0.391390715
19.204921615,J3,0.220659676,0.000000000,-0.314010223
19.214889065,J1,-1.558229777,-0.000000000,0.000000000
19.214889065,J2,-1.516994669,0.000000000,0.391390715
19.214889065,J3,0.220659676,0.000000000,-0.314010223
19.224924613,J1,-1.558229777,-0.000000000,0.000000000
19.224924613,J2,-1.516994669,0.000000000,0.391390715
19.224924613,J3,0.220659676,0.000000000,-0.314010223
19.234881448,J1,-1.558229777,-0.000000000,0.000000000
19.234881448,J2,-1.516994669,0.000000000,0.391390715
19.234881448,J3,0.220659676,0.000000000,-0.314010223
19.244899046,J1,-1.558229777,-0.000000000,0.000000000
19.244899046,J2,-1.516994669,0.000000000,0.391390715
19.244899046,J3,0.220659676,0.000000000,-0.314010223
19.254910777,J1,-1.558229777,-0.000000000,0.000000000
19.254910777,J2,-1.516994669,0.000000000,0.391390715
19.254910777,J3,0.220659676,0.000000000,-0.314010223
19.264946465,J1,-1.558229777,-0.000000000,0.000000000
19.264946465,J2,-1.516994669,0.000000000,0.391390715
19.264946465,J3,0.220659676,0.000000000,-0.314010223
19.274957079,J1,-1.558229777,-0.000000000,0.000000000
19.274957079,J2,-1.516994669,0.000000000,0.391390715
19.274957079,J3,0.220659676,0.000000000,-0.314010223
19.284927533,J1,-1.558229777,-0.000000000,0.000000000
19.284927533,J2,-1.516994669,0.000000000,0.391390715
19.284927533,J3,0.220659676,0.000000000,-0.314010223
19.295020212,J1,-1.558229777,-0.000000000,0.000000000
19.295020212,J2,-1.516994669,0.000000000,0.391390715
19.295020212,J3,0.220659676,0.000000000,-0.314010223
19.304990666,J1,-1.558229777,-0.000000000,0.000000000
19.304990666,J2,-1.516994669,0.000000000,0.391390715
19.304990666,J3,0.220659676,0.000000000,-0.314010223
19.314937374,J1,-1.558229777,-0.000000000,0.000000000
19.314937374,J2,-1.516994669,0.000000000,0.391390715
19.314937374,J3,0.220659676,0.000000000,-0.314010223
19.324983119,J1,-1.558229777,-0.000000000,0.000000000
19.324983119,J2,-1.516994669,0.000000000,0.391390715
19.324983119,J3,0.220659676,0.000000000,-0.314010223
19.334961535,J1,-1.558229777,-0.000000000,0.000000000
19.334961535,J2,-1.516994669,0.000000000,0.391390715
19.334961535,J3,0.220659676,0.000000000,-0.314010223
19.344985419,J1,-1.558229777,-0.000000000,0.000000000
19.344985419,J2,-1.516994669,0.000000000,0.391390715
19.344985419,J3,0.220659676,0.000000000,-0.314010223
19.354963346,J1,-1.558229777,-0.000000000,0.000000000
19.354963346,J2,-1.516994669,0.000000000,0.391390715
19.354963346,J3,0.220659676,0.000000000,-0.314010223
19.364942251,J1,-1.558229777,-0.000000000,0.000000000
19.364942251,J2,-1.516994669,0.000000000,0.391390715
19.364942251,J3,0.220659676,0.000000000,-0.314010223
19.374921086,J1,-1.558229777,-0.000000000,0.000000000
19.374921086,J2,-1.516994669,0.000000000,0.391390715
19.374921086,J3,0.220659676,0.000000000,-0.314010223
19.384925345,J1,-1.558229777,-0.000000000,0.000000000
19.384925345,J2,-1.516994669,0.000000000,0.391390715
19.384925345,J3,0.220659676,0.000000000,-0.314010223
19.394873239,J1,-1.558229777,-0.000000000,0.000000000
19.394873239,J2,-1.516994669,0.000000000,0.391390715
19.394873239,J3,0.220659676,0.000000000,-0.314010223
19.404933652,J1,-1.558229777,-0.000000000,0.000000000
19.404933652,J2,-1.516994669,0.000000000,0.391390715
19.404933652,J3,0.220659676,0.000000000,-0.314010223
19.414921846,J1,-1.558229777,-0.000000000,0.000000000
19.414921846,J2,-1.516994669,0.000000000,0.391390715
19.414921846,J3,0.220659676,0.000000000,-0.314010223
19.424941609,J1,-1.558229777,-0.000000000,0.000000000
19.424941609,J2,-1.516994669,0.000000000,0.391390715
19.424941609,J3,0.220659676,0.000000000,-0.314010223
19.434903962,J1,-1.558229777,-0.000000000,0.000000000
19.434903962,J2,-1.516994669,0.000000000,0.391390715
19.434903962,J3,0.220659676,0.000000000,-0.314010223
19.444953339,J1,-1.558229777,-0.000000000,0.000000000
19.444953339,J2,-1.516994669,0.000000000,0.391390715
19.444953339,J3,0.220659676,0.000000000,-0.314010223
19.454999014,J1,-1.558229777,-0.000000000,0.000000000
19.454999014,J2,-1.516994669,0.000000000,0.391390715
19.454999014,J3,0.220659676,0.000000000,-0.314010223
19.464910032,J1,-1.558229777,-0.000000000,0.000000000
19.464910032,J2,-1.516994669,0.000000000,0.391390715
19.464910032,J3,0.220659676,0.000000000,-0.314010223
19.475001105,J1,-1.558229777,-0.000000000,0.000000000
19.475001105,J2,-1.516994669,0.000000000,0.391390715
19.475001105,J3,0.220659676,0.000000000,-0.314010223
19.484925742,J1,-1.558229777,-0.000000000,0.000000000
19.484925742,J2,-1.516994669,0.000000000,0.391390715
19.484925742,J3,0.220659676,0.000000000,-0.314010223
19.494976935,J1,-1.558229777,-0.000000000,0.000000000
19.494976935,J2,-1.516994669,0.000000000,0.391390715
19.494976935,J3,0.220659676,0.000000000,-0.314010223
19.504958005,J1,-1.558229777,-0.000000000,0.000000000
19.504958005,J2,-1.516994669,0.000000000,0.391390715
19.504958005,J3,0.220659676,0.000000000,-0.314010223
19.514936422,J1,-1.558229777,-0.000000000,0.000000000
19.514936422,J2,-1.516994669,0.000000000,0.391390715
19.514936422,J3,0.220659676,0.000000000,-0.314010223
19.524912254,J1,-1.558229777,-0.000000000,0.000000000
19.524912254,J2,-1.516994669,0.000000000,0.391390715
19.524912254,J3,0.220659676,0.000000000,-0.314010223
19.534887038,J1,-1.558229777,-0.000000000,0.000000000
19.534887038,J2,-1.516994669,0.000000000,0.391390715
19.534887038,J3,0.220659676,0.000000000,-0.314010223
19.544967775,J1,-1.558229777,-0.000000000,0.000000000
19.544967775,J2,-1.516994669,0.000000000,0.391390715
19.544967775,J3,0.220659676,0.000000000,-0.314010223
19.554996757,J1,-1.558229777,-0.000000000,0.000000000
19.554996757,J2,-1.516994669,0.000000000,0.391390715
19.554996757,J3,0.220659676,0.000000000,-0.314010223
19.564925934,J1,-1.558229777,-0.000000000,0.000000000
19.564925934,J2,-1.516994669,0.000000000,0.391390715
19.564925934,J3,0.220659676,0.000000000,-0.314010223
19.574975032,J1,-1.558229777,-0.000000000,0.000000000
19.574975032,J2,-1.516994669,0.000000000,0.391390715
19.574975032,J3,0.220659676,0.000000000,-0.314010223
19.584891916,J1,-1.558229777,-0.000000000,0.000000000
19.584891916,J2,-1.516994669,0.000000000,0.391390715
19.584891916,J3,0.220659676,0.000000000,-0.314010223
19.594926347,J1,-1.558229777,-0.000000000,0.000000000
19.594926347,J2,-1.516994669,0.000000000,0.391390715
19.594926347,J3,0.220659676,0.000000000,-0.314010223
19.605046405,J1,-1.558229777,-0.000000000,0.000000000
19.605046405,J2,-1.516994669,0.000000000,0.391390715
19.605046405,J3,0.220659676,0.000000000,-0.314010223
19.614960915,J1,-1.558229777,-0.000000000,0.000000000
19.614960915,J2,-1.516994669,0.000000000,0.391390715
19.614960915,J3,0.220659676,0.000000000,-0.314010223
19.624947992,J1,-1.558229777,-0.000000000,0.000000000
19.624947992,J2,-1.516994669,0.000000000,0.391390715
19.624947992,J3,0.220659676,0.000000000,-0.314010223
19.634848044,J1,-1.558229777,-0.000000000,0.000000000
19.634848044,J2,-1.516994669,0.000000000,0.391390715
19.634848044,J3,0.220659676,0.000000000,-0.314010223
19.644912856,J1,-1.558229777,-0.000000000,0.000000000
19.644912856,J2,-1.516994669,0.000000000,0.391390715
19.644912856,J3,0.220659676,0.000000000,-0.314010223
19.654941350,J1,-1.558229777,-0.000000000,0.000000000
19.654941350,J2,-1.516994669,0.000000000,0.391390715
19.654941350,J3,0.220659676,0.000000000,-0.314010223
19.664895810,J1,-1.558229777,-0.000000000,0.000000000
19.664895810,J2,-1.516994669,0.000000000,0.391390715
19.664895810,J3,0.220659676,0.000000000,-0.314010223
19.674900697,J1,-1.558229777,-0.000000000,0.000000000
19.674900697,J2,-1.516994669,0.000000000,0.391390715
19.674900697,J3,0.220659676,0.000000000,-0.314010223
19.684868777,J1,-1.558229777,-0.000000000,0.000000000
19.684868777,J2,-1.516994669,0.000000000,0.391390715
19.684868777,J3,0.220659676,0.000000000,-0.314010223
19.694912776,J1,-1.558229777,-0.000000000,0.000000000
19.694912776,J2,-1.516994669,0.000000000,0.391390715
19.694912776,J3,0.220659676,0.000000000,-0.314010223
19.704898944,J1,-1.558229777,-0.000000000,0.000000000
19.704898944,J2,-1.516994669,0.000000000,0.391390715
19.704898944,J3,0.220659676,0.000000000,-0.314010223
19.714943921,J1,-1.558229777,-0.000000000,0.000000000
19.714943921,J2,-1.516994669,0.000000000,0.391390715
19.714943921,J3,0.220659676,0.000000000,-0.314010223
19.725088913,J1,-1.558229777,-0.000000000,0.000000000
19.725088913,J2,-1.516994669,0.000000000,0.391390715
19.725088913,J3,0.220659676,0.000000000,-0.314010223
19.734911789,J1,-1.558229777,-0.000000000,0.000000000
19.734911789,J2,-1.516994669,0.000000000,0.391390715
19.734911789,J3,0.220659676,0.000000000,-0.314010223
19.744920517,J1,-1.558229777,-0.000000000,0.000000000
19.744920517,J2,-1.516994669,0.000000000,0.391390715
19.744920517,J3,0.220659676,0.000000000,-0.314010223
19.755081154,J1,-1.558229777,-0.000000000,0.000000000
19.755081154,J2,-1.516994669,0.000000000,0.391390715
19.755081154,J3,0.220659676,0.000000000,-0.314010223
19.764929313,J1,-1.558229777,-0.000000000,0.000000000
19.764929313,J2,-1.516994669,0.000000000,0.391390715
19.764929313,J3,0.220659676,0.000000000,-0.314010223
19.774972125,J1,-1.558229777,-0.000000000,0.000000000
19.774972125,J2,-1.516994669,0.000000000,0.391390715
19.774972125,J3,0.220659676,0.000000000,-0.314010223
19.784905632,J1,-1.558229777,-0.000000000,0.000000000
19.784905632,J2,-1.516994669,0.000000000,0.391390715
19.784905632,J3,0.220659676,0.000000000,-0.314010223
19.794917992,J1,-1.558229777,-0.000000000,0.000000000
19.794917992,J2,-1.516994669,0.000000000,0.391390715
19.794917992,J3,0.220659676,0.000000000,-0.314010223
19.804985319,J1,-1.558229777,-0.000000000,0.000000000
19.804985319,J2,-1.516994669,0.000000000,0.391390715
19.804985319,J3,0.220659676,0.000000000,-0.314010223
19.814919315,J1,-1.558229777,-0.000000000,0.000000000
19.814919315,J2,-1.516994669,0.000000000,0.391390715
19.814919315,J3,0.220659676,0.000000000,-0.314010223
19.824907788,J1,-1.558229777,-0.000000000,0.000000000
19.824907788,J2,-1.516994669,0.000000000,0.391390715
19.824907788,J3,0.220659676,0.000000000,-0.314010223
19.834846045,J1,-1.558229777,-0.000000000,0.000000000
19.834846045,J2,-1.516994669,0.000000000,0.391390715
19.834846045,J3,0.220659676,0.000000000,-0.314010223
19.844946896,J1,-1.558229777,-0.000000000,0.000000000
19.844946896,J2,-1.516994669,0.000000000,0.391390715
19.844946896,J3,0.220659676,0.000000000,-0.314010223
19.854967428,J1,-1.558229777,-0.000000000,0.000000000
19.854967428,J2,-1.516994669,0.000000000,0.391390715
19.854967428,J3,0.220659676,0.000000000,-0.314010223
19.864905196,J1,-1.558229777,-0.000000000,0.000000000
19.864905196,J2,-1.516994669,0.000000000,0.391390715
19.864905196,J3,0.220659676,0.000000000,-0.314010223
19.874899955,J1,-1.558229777,-0.000000000,0.000000000
19.874899955,J2,-1.516994669,0.000000000,0.391390715
19.874899955,J3,0.220659676,0.000000000,-0.314010223
19.884860562,J1,-1.558229777,-0.000000000,0.000000000
19.884860562,J2,-1.516994669,0.000000000,0.391390715
19.884860562,J3,0.220659676,0.000000000,-0.314010223
19.894940041,J1,-1.558229777,-0.000000000,0.000000000
19.894940041,J2,-1.516994669,0.000000000,0.391390715
19.894940041,J3,0.220659676,0.000000000,-0.314010223
19.904946115,J1,-1.558229777,-0.000000000,0.000000000
19.904946115,J2,-1.516994669,0.000000000,0.391390715
19.904946115,J3,0.220659676,0.000000000,-0.314010223
19.915033626,J1,-1.558229777,-0.000000000,0.000000000
19.915033626,J2,-1.516994669,0.000000000,0.391390715
19.915033626,J3,0.220659676,0.000000000,-0.314010223
19.924877664,J1,-1.558229777,-0.000000000,0.000000000
19.924877664,J2,-1.516994669,0.000000000,0.391390715
19.924877664,J3,0.220659676,0.000000000,-0.314010223
19.934911117,J1,-1.558229777,-0.000000000,0.000000000
19.934911117,J2,-1.516994669,0.000000000,0.391390715
19.934911117,J3,0.220659676,0.000000000,-0.314010223
19.944964475,J1,-1.558229777,-0.000000000,0.000000000
19.944964475,J2,-1.516994669,0.000000000,0.391390715
19.944964475,J3,0.220659676,0.000000000,-0.314010223
19.955170301,J1,-1.558229777,-0.000000000,0.000000000
19.955170301,J2,-1.516994669,0.000000000,0.391390715
19.955170301,J3,0.220659676,0.000000000,-0.314010223
19.964878145,J1,-1.558229777,-0.000000000,0.000000000
19.964878145,J2,-1.516994669,0.000000000,0.391390715
19.964878145,J3,0.220659676,0.000000000,-0.314010223
19.974943376,J1,-1.558229777,-0.000000000,0.000000000
19.974943376,J2,-1.516994669,0.000000000,0.391390715
19.974943376,J3,0.220659676,0.000000000,-0.314010223
19.984875626,J1,-1.558229777,-0.000000000,0.000000000
19.984875626,J2,-1.516994669,0.000000000,0.391390715
19.984875626,J3,0.220659676,0.000000000,-0.314010223
19.994923047,J1,-1.558229777,-0.000000000,0.000000000
19.994923047,J2,-1.516994669,0.000000000,0.391390715
19.994923047,J3,0.220659676,0.000000000,-0.314010223
20.004919483,J1,-1.558229777,-0.000000000,0.000000000
20.004919483,J2,-1.516994669,0.000000000,0.391390715
20.004919483,J3,0.220659676,0.000000000,-0.314010223
20.014939316,J1,-1.558229777,-0.000000000,0.000000000
20.014939316,J2,-1.516994669,0.000000000,0.391390715
20.014939316,J3,0.220659676,0.000000000,-0.314010223
20.025027456,J1,-1.558229777,-0.000000000,0.000000000
20.025027456,J2,-1.516994669,0.000000000,0.391390715
20.025027456,J3,0.220659676,0.000000000,-0.314010223
20.034916962,J1,-1.558229777,-0.000000000,0.000000000
20.034916962,J2,-1.516994669,0.000000000,0.391390715
20.034916962,J3,0.220659676,0.000000000,-0.314010223
20.044924154,J1,-1.558229777,-0.000000000,0.000000000
20.044924154,J2,-1.516994669,0.000000000,0.391390715
20.044924154,J3,0.220659676,0.000000000,-0.314010223
20.054907669,J1,-1.558229777,-0.000000000,0.000000000
20.054907669,J2,-1.516994669,0.000000000,0.391390715
20.054907669,J3,0.220659676,0.000000000,-0.314010223
20.064880428,J1,-1.558229777,-0.000000000,0.000000000
20.064880428,J2,-1.516994669,0.000000000,0.391390715
20.064880428,J3,0.220659676,0.000000000,-0.314010223
20.074968498,J1,-1.558229777,-0.000000000,0.000000000
20.074968498,J2,-1.516994669,0.000000000,0.391390715
20.074968498,J3,0.220659676,0.000000000,-0.314010223
20.084899002,J1,-1.558229777,-0.000000000,0.000000000
20.084899002,J2,-1.516994669,0.000000000,0.391390715
20.084899002,J3,0.220659676,0.000000000,-0.314010223
20.094898161,J1,-1.558229777,-0.000000000,0.000000000
20.094898161,J2,-1.516994669,0.000000000,0.391390715
20.094898161,J3,0.220659676,0.000000000,-0.314010223
20.104910242,J1,-1.558229777,-0.000000000,0.000000000
20.104910242,J2,-1.516994669,0.000000000,0.391390715
20.104910242,J3,0.220659676,0.000000000,-0.314010223
20.114924977,J1,-1.558229777,-0.000000000,0.000000000
20.114924977,J2,-1.516994669,0.000000000,0.391390715
20.114924977,J3,0.220659676,0.000000000,-0.314010223
20.125010113,J1,-1.558229777,-0.000000000,0.000000000
20.125010113,J2,-1.516994669,0.000000000,0.391390715
20.125010113,J3,0.220659676,0.000000000,-0.314010223
20.134845212,J1,-1.558229777,-0.000000000,0.000000000
20.134845212,J2,-1.516994669,0.000000000,0.391390715
20.134845212,J3,0.220659676,0.000000000,-0.314010223
20.144954933,J1,-1.558229777,-0.000000000,0.000000000
20.144954933,J2,-1.516994669,0.000000000,0.391390715
20.144954933,J3,0.220659676,0.000000000,-0.314010223
20.154907438,J1,-1.558229777,-0.000000000,0.000000000
20.154907438,J2,-1.516994669,0.000000000,0.391390715
20.154907438,J3,0.220659676,0.000000000,-0.314010223
20.164858056,J1,-1.558229777,-0.000000000,0.000000000
20.164858056,J2,-1.516994669,0.000000000,0.391390715
20.164858056,J3,0.220659676,0.000000000,-0.314010223
20.174882779,J1,-1.558229777,-0.000000000,0.000000000
20.174882779,J2,-1.516994669,0.000000000,0.391390715
20.174882779,J3,0.220659676,0.000000000,-0.314010223
20.184917908,J1,-1.558229777,-0.000000000,0.000000000
20.184917908,J2,-1.516994669,0.000000000,0.391390715
20.184917908,J3,0.220659676,0.000000000,-0.314010223
20.194941163,J1,-1.558229777,-0.000000000,0.000000000
20.194941163,J2,-1.516994669,0.000000000,0.391390715
20.194941163,J3,0.220659676,0.000000000,-0.314010223
20.204965117,J1,-1.558229777,-0.000000000,0.000000000
20.204965117,J2,-1.516994669,0.000000000,0.391390715
20.204965117,J3,0.220659676,0.000000000,-0.314010223
20.214925095,J1,-1.558229777,-0.000000000,0.000000000
20.214925095,J2,-1.516994669,0.000000000,0.391390715
20.214925095,J3,0.220659676,0.000000000,-0.314010223
20.224880184,J1,-1.558229777,-0.000000000,0.000000000
20.224880184,J2,-1.516994669,0.000000000,0.391390715
20.224880184,J3,0.220659676,0.000000000,-0.314010223
20.234872708,J1,-1.558229777,-0.000000000,0.000000000
20.234872708,J2,-1.516994669,0.000000000,0.391390715
20.234872708,J3,0.220659676,0.000000000,-0.314010223
20.244919431,J1,-1.558229777,-0.000000000,0.000000000
20.244919431,J2,-1.516994669,0.000000000,0.391390715
20.244919431,J3,0.220659676,0.000000000,-0.314010223
20.254903924,J1,-1.558229777,-0.000000000,0.000000000
20.254903924,J2,-1.516994669,0.000000000,0.391390715
20.254903924,J3,0.220659676,0.000000000,-0.314010223
20.264943872,J1,-1.558229777,-0.000000000,0.000000000
20.264943872,J2,-1.516994669,0.000000000,0.391390715
20.264943872,J3,0.220659676,0.000000000,-0.314010223
20.274930739,J1,-1.558229777,-0.000000000,0.000000000
20.274930739,J2,-1.516994669,0.000000000,0.391390715
20.274930739,J3,0.220659676,0.000000000,-0.314010223
20.284968732,J1,-1.558229777,-0.000000000,0.000000000
20.284968732,J2,-1.516994669,0.000000000,0.391390715
20.284968732,J3,0.220659676,0.000000000,-0.314010223
20.294937091,J1,-1.558229777,-0.000000000,0.000000000
20.294937091,J2,-1.516994669,0.000000000,0.391390715
20.294937091,J3,0.220659676,0.000000000,-0.314010223
20.305040526,J1,-1.558229777,-0.000000000,0.000000000
20.305040526,J2,-1.516994669,0.000000000,0.391390715
20.305040526,J3,0.220659676,0.000000000,-0.314010223
20.314922279,J1,-1.558229777,-0.000000000,0.000000000
20.314922279,J2,-1.516994669,0.000000000,0.391390715
20.314922279,J3,0.220659676,0.000000000,-0.314010223
20.325032490,J1,-1.558229777,-0.000000000,0.000000000
20.325032490,J2,-1.516994669,0.000000000,0.391390715
20.325032490,J3,0.220659676,0.000000000,-0.314010223
20.334889030,J1,-1.558229777,-0.000000000,0.000000000
20.334889030,J2,-1.516994669,0.000000000,0.391390715
20.334889030,J3,0.220659676,0.000000000,-0.314010223
20.344900482,J1,-1.558229777,-0.000000000,0.000000000
20.344900482,J2,-1.516994669,0.000000000,0.391390715
20.344900482,J3,0.220659676,0.000000000,-0.314010223
20.354888187,J1,-1.558229777,-0.000000000,0.000000000
20.354888187,J2,-1.516994669,0.000000000,0.391390715
20.354888187,J3,0.220659676,0.000000000,-0.314010223
20.364910605,J1,-1.558229777,-0.000000000,0.000000000
20.364910605,J2,-1.516994669,0.000000000,0.391390715
20.364910605,J3,0.220659676,0.000000000,-0.314010223
20.374886018,J1,-1.558229777,-0.000000000,0.000000000
20.374886018,J2,-1.516994669,0.000000000,0.391390715
20.374886018,J3,0.220659676,0.000000000,-0.314010223
20.384894956,J1,-1.558229777,-0.000000000,0.000000000
20.384894956,J2,-1.516994669,0.000000000,0.391390715
20.384894956,J3,0.220659676,0.000000000,-0.314010223
20.394914859,J1,-1.558229777,-0.000000000,0.000000000
20.394914859,J2,-1.516994669,0.000000000,0.391390715
20.394914859,J3,0.220659676,0.000000000,-0.314010223
20.404896488,J1,-1.558229777,-0.000000000,0.000000000
20.404896488,J2,-1.516994669,0.000000000,0.391390715
20.404896488,J3,0.220659676,0.000000000,-0.314010223
20.414895927,J1,-1.558229777,-0.000000000,0.000000000
20.414895927,J2,-1.516994669,0.000000000,0.391390715
20.414895927,J3,0.220659676,0.000000000,-0.314010223
20.425075143,J1,-1.558229777,-0.000000000,0.000000000
20.425075143,J2,-1.516994669,0.000000000,0.391390715
20.425075143,J3,0.220659676,0.000000000,-0.314010223
20.435044340,J1,-1.558229777,-0.000000000,0.000000000
20.435044340,J2,-1.516994669,0.000000000,0.391390715
20.435044340,J3,0.220659676,0.000000000,-0.314010223
20.444945929,J1,-1.558229777,-0.000000000,0.000000000
20.444945929,J2,-1.516994669,0.000000000,0.391390715
20.444945929,J3,0.220659676,0.000000000,-0.314010223
20.454962061,J1,-1.558229777,-0.000000000,0.000000000
20.454962061,J2,-1.516994669,0.000000000,0.391390715
20.454962061,J3,0.220659676,0.000000000,-0.314010223
20.464946065,J1,-1.558229777,-0.000000000,0.000000000
20.464946065,J2,-1.516994669,0.000000000,0.391390715
20.464946065,J3,0.220659676,0.000000000,-0.314010223
20.474924341,J1,-1.558229777,-0.000000000,0.000000000
20.474924341,J2,-1.516994669,0.000000000,0.391390715
20.474924341,J3,0.220659676,0.000000000,-0.314010223
20.484958632,J1,-1.558229777,-0.000000000,0.000000000
20.484958632,J2,-1.516994669,0.000000000,0.391390715
20.484958632,J3,0.220659676,0.000000000,-0.314010223
20.494906108,J1,-1.558229777,-0.000000000,0.000000000
20.494906108,J2,-1.516994669,0.000000000,0.391390715
20.494906108,J3,0.220659676,0.000000000,-0.314010223
20.504882848,J1,-1.558229777,-0.000000000,0.000000000
20.504882848,J2,-1.516994669,0.000000000,0.391390715
20.504882848,J3,0.220659676,0.000000000,-0.314010223
20.515000183,J1,-1.558229777,-0.000000000,0.000000000
20.515000183,J2,-1.516994669,0.000000000,0.391390715
20.515000183,J3,0.220659676,0.000000000,-0.314010223
20.524867339,J1,-1.558229777,-0.000000000,0.000000000
20.524867339,J2,-1.516994669,0.000000000,0.391390715
20.524867339,J3,0.220659676,0.000000000,-0.314010223
20.534930126,J1,-1.558229777,-0.000000000,0.000000000
20.534930126,J2,-1.516994669,0.000000000,0.391390715
20.534930126,J3,0.220659676,0.000000000,-0.314010223
20.544938924,J1,-1.558229777,-0.000000000,0.000000000
20.544938924,J2,-1.516994669,0.000000000,0.391390715
20.544938924,J3,0.220659676,0.000000000,-0.314010223
20.554919646,J1,-1.558229777,-0.000000000,0.000000000
20.554919646,J2,-1.516994669,0.000000000,0.391390715
20.554919646,J3,0.220659676,0.000000000,-0.314010223
20.564983410,J1,-1.558229777,-0.000000000,0.000000000
20.564983410,J2,-1.516994669,0.000000000,0.391390715
20.564983410,J3,0.220659676,0.000000000,-0.314010223
20.574934728,J1,-1.558229777,-0.000000000,0.000000000
20.574934728,J2,-1.516994669,0.000000000,0.391390715
20.574934728,J3,0.220659676,0.000000000,-0.314010223
20.584927043,J1,-1.558229777,-0.000000000,0.000000000
20.584927043,J2,-1.516994669,0.000000000,0.391390715
20.584927043,J3,0.220659676,0.000000000,-0.314010223
20.594918590,J1,-1.558229777,-0.000000000,0.000000000
20.594918590,J2,-1.516994669,0.000000000,0.391390715
20.594918590,J3,0.220659676,0.000000000,-0.314010223
20.604901895,J1,-1.558229777,-0.000000000,0.000000000
20.604901895,J2,-1.516994669,0.000000000,0.391390715
20.604901895,J3,0.220659676,0.000000000,-0.314010223
20.614933462,J1,-1.558229777,-0.000000000,0.000000000
20.614933462,J2,-1.516994669,0.000000000,0.391390715
20.614933462,J3,0.220659676,0.000000000,-0.314010223
20.624885967,J1,-1.558229777,-0.000000000,0.000000000
20.624885967,J2,-1.516994669,0.000000000,0.391390715
20.624885967,J3,0.220659676,0.000000000,-0.314010223
20.634906010,J1,-1.558229777,-0.000000000,0.000000000
20.634906010,J2,-1.516994669,0.000000000,0.391390715
20.634906010,J3,0.220659676,0.000000000,-0.314010223
20.644894065,J1,-1.558229777,-0.000000000,0.000000000
20.644894065,J2,-1.516994669,0.000000000,0.391390715
20.644894065,J3,0.220659676,0.000000000,-0.314010223
20.654905168,J1,-1.558229777,-0.000000000,0.000000000
20.654905168,J2,-1.516994669,0.000000000,0.391390715
20.654905168,J3,0.220659676,0.000000000,-0.314010223
20.664923744,J1,-1.558229777,-0.000000000,0.000000000
20.664923744,J2,-1.516994669,0.000000000,0.391390715
20.664923744,J3,0.220659676,0.000000000,-0.314010223
20.674886166,J1,-1.558229777,-0.000000000,0.000000000
20.674886166,J2,-1.516994669,0.000000000,0.391390715
20.674886166,J3,0.220659676,0.000000000,-0.314010223
20.684930515,J1,-1.558229777,-0.000000000,0.000000000
20.684930515,J2,-1.516994669,0.000000000,0.391390715
20.684930515,J3,0.220659676,0.000000000,-0.314010223
20.694875337,J1,-1.558229777,-0.000000000,0.000000000
20.694875337,J2,-1.516994669,0.000000000,0.391390715
20.694875337,J3,0.220659676,0.000000000,-0.314010223
20.704926390,J1,-1.558229777,-0.000000000,0.000000000
20.704926390,J2,-1.516994669,0.000000000,0.391390715
20.704926390,J3,0.220659676,0.000000000,-0.314010223
20.714873796,J1,-1.558229777,-0.000000000,0.000000000
20.714873796,J2,-1.516994669,0.000000000,0.391390715
20.714873796,J3,0.220659676,0.000000000,-0.314010223
20.724939167,J1,-1.558229777,-0.000000000,0.000000000
20.724939167,J2,-1.516994669,0.000000000,0.391390715
20.724939167,J3,0.220659676,0.000000000,-0.314010223
20.734920168,J1,-1.558229777,-0.000000000,0.000000000
20.734920168,J2,-1.516994669,0.000000000,0.391390715
20.734920168,J3,0.220659676,0.000000000,-0.314010223
20.744933296,J1,-1.558229777,-0.000000000,0.000000000
20.744933296,J2,-1.516994669,0.000000000,0.391390715
20.744933296,J3,0.220659676,0.000000000,-0.314010223
20.754916532,J1,-1.558229777,-0.000000000,0.000000000
20.754916532,J2,-1.516994669,0.000000000,0.391390715
20.754916532,J3,0.220659676,0.000000000,-0.314010223
20.765064109,J1,-1.558229777,-0.000000000,0.000000000
20.765064109,J2,-1.516994669,0.000000000,0.391390715
20.765064109,J3,0.220659676,0.000000000,-0.314010223
20.775002924,J1,-1.558229777,-0.000000000,0.000000000
20.775002924,J2,-1.516994669,0.000000000,0.391390715
20.775002924,J3,0.220659676,0.000000000,-0.314010223
20.785018846,J1,-1.558229777,-0.000000000,0.000000000
20.785018846,J2,-1.516994669,0.000000000,0.391390715
20.785018846,J3,0.220659676,0.000000000,-0.314010223
20.795000196,J1,-1.558229777,-0.000000000,0.000000000
20.795000196,J2,-1.516994669,0.000000000,0.391390715
20.795000196,J3,0.220659676,0.000000000,-0.314010223
20.805005293,J1,-1.558229777,-0.000000000,0.000000000
20.805005293,J2,-1.516994669,0.000000000,0.391390715
20.805005293,J3,0.220659676,0.000000000,-0.314010223
20.815013253,J1,-1.558229777,-0.000000000,0.000000000
20.815013253,J2,-1.516994669,0.000000000,0.391390715
20.815013253,J3,0.220659676,0.000000000,-0.314010223
20.824977002,J1,-1.558229777,-0.000000000,0.000000000
20.824977002,J2,-1.516994669,0.000000000,0.391390715
20.824977002,J3,0.220659676,0.000000000,-0.314010223
20.834956536,J1,-1.558229777,-0.000000000,0.000000000
20.834956536,J2,-1.516994669,0.000000000,0.391390715
20.834956536,J3,0.220659676,0.000000000,-0.314010223
20.844890392,J1,-1.558229777,-0.000000000,0.000000000
20.844890392,J2,-1.516994669,0.000000000,0.391390715
20.844890392,J3,0.220659676,0.000000000,-0.314010223
20.854865596,J1,-1.558229777,-0.000000000,0.000000000
20.854865596,J2,-1.516994669,0.000000000,0.391390715
20.854865596,J3,0.220659676,0.000000000,-0.314010223
20.864994175,J1,-1.558229777,-0.000000000,0.000000000
20.864994175,J2,-1.516994669,0.000000000,0.391390715
20.864994175,J3,0.220659676,0.000000000,-0.314010223
20.875014637,J1,-1.558229777,-0.000000000,0.000000000
20.875014637,J2,-1.516994669,0.000000000,0.391390715
20.875014637,J3,0.220659676,0.000000000,-0.314010223
20.884904353,J1,-1.558229777,-0.000000000,0.000000000
20.884904353,J2,-1.516994669,0.000000000,0.391390715
20.884904353,J3,0.220659676,0.000000000,-0.314010223
20.894934942,J1,-1.558229777,-0.000000000,0.000000000
20.894934942,J2,-1.516994669,0.000000000,0.391390715
20.894934942,J3,0.220659676,0.000000000,-0.314010223
20.904871593,J1,-1.558229777,-0.000000000,0.000000000
20.904871593,J2,-1.516994669,0.000000000,0.391390715
20.904871593,J3,0.220659676,0.000000000,-0.314010223
20.914985225,J1,-1.558229777,-0.000000000,0.000000000
20.914985225,J2,-1.516994669,0.000000000,0.391390715
20.914985225,J3,0.220659676,0.000000000,-0.314010223
20.924906929,J1,-1.558229777,-0.000000000,0.000000000
20.924906929,J2,-1.516994669,0.000000000,0.391390715
20.924906929,J3,0.220659676,0.000000000,-0.314010223
20.934984453,J1,-1.558229777,-0.000000000,0.000000000
20.934984453,J2,-1.516994669,0.000000000,0.391390715
20.934984453,J3,0.220659676,0.000000000,-0.314010223
20.944977746,J1,-1.558229777,-0.000000000,0.000000000
20.944977746,J2,-1.516994669,0.000000000,0.391390715
20.944977746,J3,0.220659676,0.000000000,-0.314010223
20.954907971,J1,-1.558229777,-0.000000000,0.000000000
20.954907971,J2,-1.516994669,0.000000000,0.391390715
20.954907971,J3,0.220659676,0.000000000,-0.314010223
20.964867669,J1,-1.558229777,-0.000000000,0.000000000
20.964867669,J2,-1.516994669,0.000000000,0.391390715
20.964867669,J3,0.220659676,0.000000000,-0.314010223
20.975047234,J1,-1.558229777,-0.000000000,0.000000000
20.975047234,J2,-1.516994669,0.000000000,0.391390715
20.975047234,J3,0.220659676,0.000000000,-0.314010223
20.984911108,J1,-1.558229777,-0.000000000,0.000000000
20.984911108,J2,-1.516994669,0.000000000,0.391390715
20.984911108,J3,0.220659676,0.000000000,-0.314010223
20.994893645,J1,-1.558229777,-0.000000000,0.000000000
20.994893645,J2,-1.516994669,0.000000000,0.391390715
20.994893645,J3,0.220659676,0.000000000,-0.314010223
21.004943231,J1,-1.558229777,-0.000000000,0.000000000
21.004943231,J2,-1.516994669,0.000000000,0.391390715
21.004943231,J3,0.220659676,0.000000000,-0.314010223
21.014918645,J1,-1.558229777,-0.000000000,0.000000000
21.014918645,J2,-1.516994669,0.000000000,0.391390715
21.014918645,J3,0.220659676,0.000000000,-0.314010223
21.024999730,J1,-1.558229777,-0.000000000,0.000000000
21.024999730,J2,-1.516994669,0.000000000,0.391390715
21.024999730,J3,0.220659676,0.000000000,-0.314010223
21.034901599,J1,-1.558229777,-0.000000000,0.000000000
21.034901599,J2,-1.516994669,0.000000000,0.391390715
21.034901599,J3,0.220659676,0.000000000,-0.314010223
21.044956354,J1,-1.558229777,-0.000000000,0.000000000
21.044956354,J2,-1.516994669,0.000000000,0.391390715
21.044956354,J3,0.220659676,0.000000000,-0.314010223
21.054943361,J1,-1.558229777,-0.000000000,0.000000000
21.054943361,J2,-1.516994669,0.000000000,0.391390715
21.054943361,J3,0.220659676,0.000000000,-0.314010223
21.064961658,J1,-1.558229777,-0.000000000,0.000000000
21.064961658,J2,-1.516994669,0.000000000,0.391390715
21.064961658,J3,0.220659676,0.000000000,-0.314010223
21.075010267,J1,-1.558229777,-0.000000000,0.000000000
21.075010267,J2,-1.516994669,0.000000000,0.391390715
21.075010267,J3,0.220659676,0.000000000,-0.314010223
21.084905151,J1,-1.558229777,-0.000000000,0.000000000
21.084905151,J2,-1.516994669,0.000000000,0.391390715
21.084905151,J3,0.220659676,0.000000000,-0.314010223
21.094914019,J1,-1.558229777,-0.000000000,0.000000000
21.094914019,J2,-1.516994669,0.000000000,0.391390715
21.094914019,J3,0.220659676,0.000000000,-0.314010223
21.104864358,J1,-1.558229777,-0.000000000,0.000000000
21.104864358,J2,-1.516994669,0.000000000,0.391390715
21.104864358,J3,0.220659676,0.000000000,-0.314010223
21.114955292,J1,-1.558229777,-0.000000000,0.000000000
21.114955292,J2,-1.516994669,0.000000000,0.391390715
21.114955292,J3,0.220659676,0.000000000,-0.314010223
21.124907797,J1,-1.558229777,-0.000000000,0.000000000
21.124907797,J2,-1.516994669,0.000000000,0.391390715
21.124907797,J3,0.220659676,0.000000000,-0.314010223
21.134898994,J1,-1.558229777,-0.000000000,0.000000000
21.134898994,J2,-1.516994669,0.000000000,0.391390715
21.134898994,J3,0.220659676,0.000000000,-0.314010223
21.144942714,J1,-1.558229777,-0.000000000,0.000000000
21.144942714,J2,-1.516994669,0.000000000,0.391390715
21.144942714,J3,0.220659676,0.000000000,-0.314010223
21.154881460,J1,-1.558229777,-0.000000000,0.000000000
21.154881460,J2,-1.516994669,0.000000000,0.391390715
21.154881460,J3,0.220659676,0.000000000,-0.314010223
21.164885089,J1,-1.558229777,-0.000000000,0.000000000
21.164885089,J2,-1.516994669,0.000000000,0.391390715
21.164885089,J3,0.220659676,0.000000000,-0.314010223
21.174887881,J1,-1.558229777,-0.000000000,0.000000000
21.174887881,J2,-1.516994669,0.000000000,0.391390715
21.174887881,J3,0.220659676,0.000000000,-0.314010223
21.184879987,J1,-1.558229777,-0.000000000,0.000000000
21.184879987,J2,-1.516994669,0.000000000,0.391390715
21.184879987,J3,0.220659676,0.000000000,-0.314010223
21.194905687,J1,-1.558229777,-0.000000000,0.000000000
21.194905687,J2,-1.516994669,0.000000000,0.391390715
21.194905687,J3,0.220659676,0.000000000,-0.314010223
21.204910434,J1,-1.558229777,-0.000000000,0.000000000
21.204910434,J2,-1.516994669,0.000000000,0.391390715
21.204910434,J3,0.220659676,0.000000000,-0.314010223
21.214920071,J1,-1.558229777,-0.000000000,0.000000000
21.214920071,J2,-1.516994669,0.000000000,0.391390715
21.214920071,J3,0.220659676,0.000000000,-0.314010223
21.224941511,J1,-1.558229777,-0.000000000,0.000000000
21.224941511,J2,-1.516994669,0.000000000,0.391390715
21.224941511,J3,0.220659676,0.000000000,-0.314010223
21.234917273,J1,-1.558229777,-0.000000000,0.000000000
21.234917273,J2,-1.516994669,0.000000000,0.391390715
21.234917273,J3,0.220659676,0.000000000,-0.314010223
21.245059681,J1,-1.558229777,-0.000000000,0.000000000
21.245059681,J2,-1.516994669,0.000000000,0.391390715
21.245059681,J3,0.220659676,0.000000000,-0.314010223
21.254946533,J1,-1.558229777,-0.000000000,0.000000000
21.254946533,J2,-1.516994669,0.000000000,0.391390715
21.254946533,J3,0.220659676,0.000000000,-0.314010223
21.264948906,J1,-1.558229777,-0.000000000,0.000000000
21.264948906,J2,-1.516994669,0.000000000,0.391390715
21.264948906,J3,0.220659676,0.000000000,-0.314010223
21.275071618,J1,-1.558229777,-0.000000000,0.000000000
21.275071618,J2,-1.516994669,0.000000000,0.391390715
21.275071618,J3,0.220659676,0.000000000,-0.314010223
21.284957143,J1,-1.558229777,-0.000000000,0.000000000
21.284957143,J2,-1.516994669,0.000000000,0.391390715
21.284957143,J3,0.220659676,0.000000000,-0.314010223
21.295125742,J1,-1.558229777,-0.000000000,0.000000000
21.295125742,J2,-1.516994669,0.000000000,0.391390715
21.295125742,J3,0.220659676,0.000000000,-0.314010223
21.304948688,J1,-1.558229777,-0.000000000,0.000000000
21.304948688,J2,-1.516994669,0.000000000,0.391390715
21.304948688,J3,0.220659676,0.000000000,-0.314010223
21.314959372,J1,-1.558229777,-0.000000000,0.000000000
21.314959372,J2,-1.516994669,0.000000000,0.391390715
21.314959372,J3,0.220659676,0.000000000,-0.314010223
21.325041156,J1,-1.558229777,-0.000000000,0.000000000
21.325041156,J2,-1.516994669,0.000000000,0.391390715
21.325041156,J3,0.220659676,0.000000000,-0.314010223
21.334971311,J1,-1.558229777,-0.000000000,0.000000000
21.334971311,J2,-1.516994669,0.000000000,0.391390715
21.334971311,J3,0.220659676,0.000000000,-0.314010223
21.344993240,J1,-1.558229777,-0.000000000,0.000000000
21.344993240,J2,-1.516994669,0.000000000,0.391390715
21.344993240,J3,0.220659676,0.000000000,-0.314010223
21.354927166,J1,-1.558229777,-0.000000000,0.000000000
21.354927166,J2,-1.516994669,0.000000000,0.391390715
21.354927166,J3,0.220659676,0.000000000,-0.314010223
21.365026272,J1,-1.558229777,-0.000000000,0.000000000
21.365026272,J2,-1.516994669,0.000000000,0.391390715
21.365026272,J3,0.220659676,0.000000000,-0.314010223
21.374959779,J1,-1.558229777,-0.000000000,0.000000000
21.374959779,J2,-1.516994669,0.000000000,0.391390715
21.374959779,J3,0.220659676,0.000000000,-0.314010223
21.384927579,J1,-1.558229777,-0.000000000,0.000000000
21.384927579,J2,-1.516994669,0.000000000,0.391390715
21.384927579,J3,0.220659676,0.000000000,-0.314010223
21.394982404,J1,-1.558229777,-0.000000000,0.000000000
21.394982404,J2,-1.516994669,0.000000000,0.391390715
21.394982404,J3,0.220659676,0.000000000,-0.314010223
21.404891537,J1,-1.558229777,-0.000000000,0.000000000
21.404891537,J2,-1.516994669,0.000000000,0.391390715
21.404891537,J3,0.220659676,0.000000000,-0.314010223
21.414899217,J1,-1.558229777,-0.000000000,0.000000000
21.414899217,J2,-1.516994669,0.000000000,0.391390715
21.414899217,J3,0.220659676,0.000000000,-0.314010223
21.424896911,J1,-1.558229777,-0.000000000,0.000000000
21.424896911,J2,-1.516994669,0.000000000,0.391390715
21.424896911,J3,0.220659676,0.000000000,-0.314010223
21.434961374,J1,-1.558229777,-0.000000000,0.000000000
21.434961374,J2,-1.516994669,0.000000000,0.391390715
21.434961374,J3,0.220659676,0.000000000,-0.314010223
21.445011659,J1,-1.558229777,-0.000000000,0.000000000
21.445011659,J2,-1.516994669,0.000000000,0.391390715
21.445011659,J3,0.220659676,0.000000000,-0.314010223
21.454963815,J1,-1.558229777,-0.000000000,0.000000000
21.454963815,J2,-1.516994669,0.000000000,0.391390715
21.454963815,J3,0.220659676,0.000000000,-0.314010223
21.464981902,J1,-1.558229777,-0.000000000,0.000000000
21.464981902,J2,-1.516994669,0.000000000,0.391390715
21.464981902,J3,0.220659676,0.000000000,-0.314010223
21.474917086,J1,-1.558229777,-0.000000000,0.000000000
21.474917086,J2,-1.516994669,0.000000000,0.391390715
21.474917086,J3,0.220659676,0.000000000,-0.314010223
21.484930215,J1,-1.558229777,-0.000000000,0.000000000
21.484930215,J2,-1.516994669,0.000000000,0.391390715
21.484930215,J3,0.220659676,0.000000000,-0.314010223
21.495007808,J1,-1.558229777,-0.000000000,0.000000000
21.495007808,J2,-1.516994669,0.000000000,0.391390715
21.495007808,J3,0.220659676,0.000000000,-0.314010223
21.504904997,J1,-1.558229777,-0.000000000,0.000000000
21.504904997,J2,-1.516994669,0.000000000,0.391390715
21.504904997,J3,0.220659676,0.000000000,-0.314010223
21.514934679,J1,-1.558229777,-0.000000000,0.000000000
21.514934679,J2,-1.516994669,0.000000000,0.391390715
21.514934679,J3,0.220659676,0.000000000,-0.314010223
21.524880618,J1,-1.558229777,-0.000000000,0.000000000
21.524880618,J2,-1.516994669,0.000000000,0.391390715
21.524880618,J3,0.220659676,0.000000000,-0.314010223
21.534885925,J1,-1.558229777,-0.000000000,0.000000000
21.534885925,J2,-1.516994669,0.000000000,0.391390715
21.534885925,J3,0.220659676,0.000000000,-0.314010223
21.544949969,J1,-1.558229777,-0.000000000,0.000000000
21.544949969,J2,-1.516994669,0.000000000,0.391390715
21.544949969,J3,0.220659676,0.000000000,-0.314010223
21.554941935,J1,-1.558229777,-0.000000000,0.000000000
21.554941935,J2,-1.516994669,0.000000000,0.391390715
21.554941935,J3,0.220659676,0.000000000,-0.314010223
21.564923355,J1,-1.558229777,-0.000000000,0.000000000
21.564923355,J2,-1.516994669,0.000000000,0.391390715
21.564923355,J3,0.220659676,0.000000000,-0.314010223
21.574880120,J1,-1.558229777,-0.000000000,0.000000000
21.574880120,J2,-1.516994669,0.000000000,0.391390715
21.574880120,J3,0.220659676,0.000000000,-0.314010223
21.584913433,J1,-1.558229777,-0.000000000,0.000000000
21.584913433,J2,-1.516994669,0.000000000,0.391390715
21.584913433,J3,0.220659676,0.000000000,-0.314010223
21.594907495,J1,-1.558229777,-0.000000000,0.000000000
21.594907495,J2,-1.516994669,0.000000000,0.391390715
21.594907495,J3,0.220659676,0.000000000,-0.314010223
21.604885702,J1,-1.558229777,-0.000000000,0.000000000
21.604885702,J2,-1.516994669,0.000000000,0.391390715
21.604885702,J3,0.220659676,0.000000000,-0.314010223
21.614933612,J1,-1.558229777,-0.000000000,0.000000000
21.614933612,J2,-1.516994669,0.000000000,0.391390715
21.614933612,J3,0.220659676,0.000000000,-0.314010223
21.624881228,J1,-1.558229777,-0.000000000,0.000000000
21.624881228,J2,-1.516994669,0.000000000,0.391390715
21.624881228,J3,0.220659676,0.000000000,-0.314010223
21.634925716,J1,-1.558229777,-0.000000000,0.000000000
21.634925716,J2,-1.516994669,0.000000000,0.391390715
21.634925716,J3,0.220659676,0.000000000,-0.314010223
21.644889047,J1,-1.558229777,-0.000000000,0.000000000
21.644889047,J2,-1.516994669,0.000000000,0.391390715
21.644889047,J3,0.220659676,0.000000000,-0.314010223
21.654890093,J1,-1.558229777,-0.000000000,0.000000000
21.654890093,J2,-1.516994669,0.000000000,0.391390715
21.654890093,J3,0.220659676,0.000000000,-0.314010223
21.664891557,J1,-1.558229777,-0.000000000,0.000000000
21.664891557,J2,-1.516994669,0.000000000,0.391390715
21.664891557,J3,0.220659676,0.000000000,-0.314010223
21.674965659,J1,-1.558229777,-0.000000000,0.000000000
21.674965659,J2,-1.516994669,0.000000000,0.391390715
21.674965659,J3,0.220659676,0.000000000,-0.314010223
21.684940234,J1,-1.558229777,-0.000000000,0.000000000
21.684940234,J2,-1.516994669,0.000000000,0.391390715
21.684940234,J3,0.220659676,0.000000000,-0.314010223
21.694989542,J1,-1.558229777,-0.000000000,0.000000000
21.694989542,J2,-1.516994669,0.000000000,0.391390715
21.694989542,J3,0.220659676,0.000000000,-0.314010223
21.704944910,J1,-1.558229777,-0.000000000,0.000000000
21.704944910,J2,-1.516994669,0.000000000,0.391390715
21.704944910,J3,0.220659676,0.000000000,-0.314010223
21.714879325,J1,-1.558229777,-0.000000000,0.000000000
21.714879325,J2,-1.516994669,0.000000000,0.391390715
21.714879325,J3,0.220659676,0.000000000,-0.314010223
21.724873736,J1,-1.558229777,-0.000000000,0.000000000
21.724873736,J2,-1.516994669,0.000000000,0.391390715
21.724873736,J3,0.220659676,0.000000000,-0.314010223
21.734911449,J1,-1.558229777,-0.000000000,0.000000000
21.734911449,J2,-1.516994669,0.000000000,0.391390715
21.734911449,J3,0.220659676,0.000000000,-0.314010223
21.745088779,J1,-1.558229777,-0.000000000,0.000000000
21.745088779,J2,-1.516994669,0.000000000,0.391390715
21.745088779,J3,0.220659676,0.000000000,-0.314010223
21.754906347,J1,-1.558229777,-0.000000000,0.000000000
21.754906347,J2,-1.516994669,0.000000000,0.391390715
21.754906347,J3,0.220659676,0.000000000,-0.314010223
21.764937495,J1,-1.558229777,-0.000000000,0.000000000
21.764937495,J2,-1.516994669,0.000000000,0.391390715
21.764937495,J3,0.220659676,0.000000000,-0.314010223
21.774883435,J1,-1.558229777,-0.000000000,0.000000000
21.774883435,J2,-1.516994669,0.000000000,0.391390715
21.774883435,J3,0.220659676,0.000000000,-0.314010223
21.784912697,J1,-1.558229777,-0.000000000,0.000000000
21.784912697,J2,-1.516994669,0.000000000,0.391390715
21.784912697,J3,0.220659676,0.000000000,-0.314010223
21.794894536,J1,-1.558229777,-0.000000000,0.000000000
21.794894536,J2,-1.516994669,0.000000000,0.391390715
21.794894536,J3,0.220659676,0.000000000,-0.314010223
21.805002931,J1,-1.558229777,-0.000000000,0.000000000
21.805002931,J2,-1.516994669,0.000000000,0.391390715
21.805002931,J3,0.220659676,0.000000000,-0.314010223
21.814888037,J1,-1.558229777,-0.000000000,0.000000000
21.814888037,J2,-1.516994669,0.000000000,0.391390715
21.814888037,J3,0.220659676,0.000000000,-0.314010223
21.824865406,J1,-1.558229777,-0.000000000,0.000000000
21.824865406,J2,-1.516994669,0.000000000,0.391390715
21.824865406,J3,0.220659676,0.000000000,-0.314010223
21.834936854,J1,-1.558229777,-0.000000000,0.000000000
21.834936854,J2,-1.516994669,0.000000000,0.391390715
21.834936854,J3,0.220659676,0.000000000,-0.314010223
21.844895993,J1,-1.558229777,-0.000000000,0.000000000
21.844895993,J2,-1.516994669,0.000000000,0.391390715
21.844895993,J3,0.220659676,0.000000000,-0.314010223
21.854956546,J1,-1.558229777,-0.000000000,0.000000000
21.854956546,J2,-1.516994669,0.000000000,0.391390715
21.854956546,J3,0.220659676,0.000000000,-0.314010223
21.864911495,J1,-1.558229777,-0.000000000,0.000000000
21.864911495,J2,-1.516994669,0.000000000,0.391390715
21.864911495,J3,0.220659676,0.000000000,-0.314010223
21.874891169,J1,-1.558229777,-0.000000000,0.000000000
21.874891169,J2,-1.516994669,0.000000000,0.391390715
21.874891169,J3,0.220659676,0.000000000,-0.314010223
21.884901713,J1,-1.558229777,-0.000000000,0.000000000
21.884901713,J2,-1.516994669,0.000000000,0.391390715
21.884901713,J3,0.220659676,0.000000000,-0.314010223
21.894911000,J1,-1.558229777,-0.000000000,0.000000000
21.894911000,J2,-1.516994669,0.000000000,0.391390715
21.894911000,J3,0.220659676,0.000000000,-0.314010223
21.904958701,J1,-1.558229777,-0.000000000,0.000000000
21.904958701,J2,-1.516994669,0.000000000,0.391390715
21.904958701,J3,0.220659676,0.000000000,-0.314010223
21.914907295,J1,-1.558229777,-0.000000000,0.000000000
21.914907295,J2,-1.516994669,0.000000000,0.391390715
21.914907295,J3,0.220659676,0.000000000,-0.314010223
21.924877679,J1,-1.558229777,-0.000000000,0.000000000
21.924877679,J2,-1.516994669,0.000000000,0.391390715
21.924877679,J3,0.220659676,0.000000000,-0.314010223
21.934913367,J1,-1.558229777,-0.000000000,0.000000000
21.934913367,J2,-1.516994669,0.000000000,0.391390715
21.934913367,J3,0.220659676,0.000000000,-0.314010223
21.944978389,J1,-1.558229777,-0.000000000,0.000000000
21.944978389,J2,-1.516994669,0.000000000,0.391390715
21.944978389,J3,0.220659676,0.000000000,-0.314010223
21.954887452,J1,-1.558229777,-0.000000000,0.000000000
21.954887452,J2,-1.516994669,0.000000000,0.391390715
21.954887452,J3,0.220659676,0.000000000,-0.314010223
21.964887869,J1,-1.558229777,-0.000000000,0.000000000
21.964887869,J2,-1.516994669,0.000000000,0.391390715
21.964887869,J3,0.220659676,0.000000000,-0.314010223
21.974886680,J1,-1.558229777,-0.000000000,0.000000000
21.974886680,J2,-1.516994669,0.000000000,0.391390715
21.974886680,J3,0.220659676,0.000000000,-0.314010223
21.984932425,J1,-1.558229777,-0.000000000,0.000000000
21.984932425,J2,-1.516994669,0.000000000,0.391390715
21.984932425,J3,0.220659676,0.000000000,-0.314010223
21.994896803,J1,-1.558229777,-0.000000000,0.000000000
21.994896803,J2,-1.516994669,0.000000000,0.391390715
21.994896803,J3,0.220659676,0.000000000,-0.314010223
22.004901132,J1,-1.558229777,-0.000000000,0.000000000
22.004901132,J2,-1.516994669,0.000000000,0.391390715
22.004901132,J3,0.220659676,0.000000000,-0.314010223
22.014920406,J1,-1.558229777,-0.000000000,0.000000000
22.014920406,J2,-1.516994669,0.000000000,0.391390715
22.014920406,J3,0.220659676,0.000000000,-0.314010223
22.024867813,J1,-1.558229777,-0.000000000,0.000000000
22.024867813,J2,-1.516994669,0.000000000,0.391390715
22.024867813,J3,0.220659676,0.000000000,-0.314010223
22.034899589,J1,-1.558229777,-0.000000000,0.000000000
22.034899589,J2,-1.516994669,0.000000000,0.391390715
22.034899589,J3,0.220659676,0.000000000,-0.314010223
22.045036899,J1,-1.558229777,-0.000000000,0.000000000
22.045036899,J2,-1.516994669,0.000000000,0.391390715
22.045036899,J3,0.220659676,0.000000000,-0.314010223
22.054926405,J1,-1.558229777,-0.000000000,0.000000000
22.054926405,J2,-1.516994669,0.000000000,0.391390715
22.054926405,J3,0.220659676,0.000000000,-0.314010223
22.064876605,J1,-1.558229777,-0.000000000,0.000000000
22.064876605,J2,-1.516994669,0.000000000,0.391390715
22.064876605,J3,0.220659676,0.000000000,-0.314010223
22.074858933,J1,-1.558229777,-0.000000000,0.000000000
22.074858933,J2,-1.516994669,0.000000000,0.391390715
22.074858933,J3,0.220659676,0.000000000,-0.314010223
22.084900628,J1,-1.558229777,-0.000000000,0.000000000
22.084900628,J2,-1.516994669,0.000000000,0.391390715
22.084900628,J3,0.220659676,0.000000000,-0.314010223
22.095211428,J1,-1.558229777,-0.000000000,0.000000000
22.095211428,J2,-1.516994669,0.000000000,0.391390715
22.095211428,J3,0.220659676,0.000000000,-0.314010223
22.104896922,J1,-1.558229777,-0.000000000,0.000000000
22.104896922,J2,-1.516994669,0.000000000,0.391390715
22.104896922,J3,0.220659676,0.000000000,-0.314010223
22.114859624,J1,-1.558229777,-0.000000000,0.000000000
22.114859624,J2,-1.516994669,0.000000000,0.391390715
22.114859624,J3,0.220659676,0.000000000,-0.314010223
22.124886023,J1,-1.558229777,-0.000000000,0.000000000
22.124886023,J2,-1.516994669,0.000000000,0.391390715
22.124886023,J3,0.220659676,0.000000000,-0.314010223
22.134922689,J1,-1.558229777,-0.000000000,0.000000000
22.134922689,J2,-1.516994669,0.000000000,0.391390715
22.134922689,J3,0.220659676,0.000000000,-0.314010223
22.144897613,J1,-1.558229777,-0.000000000,0.000000000
22.144897613,J2,-1.516994669,0.000000000,0.391390715
22.144897613,J3,0.220659676,0.000000000,-0.314010223
22.154921009,J1,-1.558229777,-0.000000000,0.000000000
22.154921009,J2,-1.516994669,0.000000000,0.391390715
22.154921009,J3,0.220659676,0.000000000,-0.314010223
22.164883431,J1,-1.558229777,-0.000000000,0.000000000
22.164883431,J2,-1.516994669,0.000000000,0.391390715
22.164883431,J3,0.220659676,0.000000000,-0.314010223
22.174872185,J1,-1.558229777,-0.000000000,0.000000000
22.174872185,J2,-1.516994669,0.000000000,0.391390715
22.174872185,J3,0.220659676,0.000000000,-0.314010223
22.184900050,J1,-1.558229777,-0.000000000,0.000000000
22.184900050,J2,-1.516994669,0.000000000,0.391390715
22.184900050,J3,0.220659676,0.000000000,-0.314010223
22.194877698,J1,-1.558229777,-0.000000000,0.000000000
22.194877698,J2,-1.516994669,0.000000000,0.391390715
22.194877698,J3,0.220659676,0.000000000,-0.314010223
22.204910104,J1,-1.558229777,-0.000000000,0.000000000
22.204910104,J2,-1.516994669,0.000000000,0.391390715
22.204910104,J3,0.220659676,0.000000000,-0.314010223
22.214866450,J1,-1.558229777,-0.000000000,0.000000000
22.214866450,J2,-1.516994669,0.000000000,0.391390715
22.214866450,J3,0.220659676,0.000000000,-0.314010223
22.224857718,J1,-1.558229777,-0.000000000,0.000000000
22.224857718,J2,-1.516994669,0.000000000,0.391390715
22.224857718,J3,0.220659676,0.000000000,-0.314010223
22.234925254,J1,-1.558229777,-0.000000000,0.000000000
22.234925254,J2,-1.516994669,0.000000000,0.391390715
22.234925254,J3,0.220659676,0.000000000,-0.314010223
22.244868470,J1,-1.558229777,-0.000000000,0.000000000
22.244868470,J2,-1.516994669,0.000000000,0.391390715
22.244868470,J3,0.220659676,0.000000000,-0.314010223
22.254913447,J1,-1.558229777,-0.000000000,0.000000000
22.254913447,J2,-1.516994669,0.000000000,0.391390715
22.254913447,J3,0.220659676,0.000000000,-0.314010223
22.264919591,J1,-1.558229777,-0.000000000,0.000000000
22.264919591,J2,-1.516994669,0.000000000,0.391390715
22.264919591,J3,0.220659676,0.000000000,-0.314010223
22.274868185,J1,-1.558229777,-0.000000000,0.000000000
22.274868185,J2,-1.516994669,0.000000000,0.391390715
22.274868185,J3,0.220659676,0.000000000,-0.314010223
22.284919098,J1,-1.558229777,-0.000000000,0.000000000
22.284919098,J2,-1.516994669,0.000000000,0.391390715
22.284919098,J3,0.220659676,0.000000000,-0.314010223
22.294927967,J1,-1.558229777,-0.000000000,0.000000000
22.294927967,J2,-1.516994669,0.000000000,0.391390715
22.294927967,J3,0.220659676,0.000000000,-0.314010223
22.304918396,J1,-1.558229777,-0.000000000,0.000000000
22.304918396,J2,-1.516994669,0.000000000,0.391390715
22.304918396,J3,0.220659676,0.000000000,-0.314010223
22.314883752,J1,-1.558229777,-0.000000000,0.000000000
22.314883752,J2,-1.516994669,0.000000000,0.391390715
22.314883752,J3,0.220659676,0.000000000,-0.314010223
22.324872296,J1,-1.558229777,-0.000000000,0.000000000
22.324872296,J2,-1.516994669,0.000000000,0.391390715
22.324872296,J3,0.220659676,0.000000000,-0.314010223
22.334940601,J1,-1.558229777,-0.000000000,0.000000000
22.334940601,J2,-1.516994669,0.000000000,0.391390715
22.334940601,J3,0.220659676,0.000000000,-0.314010223
22.344954917,J1,-1.558229777,-0.000000000,0.000000000
22.344954917,J2,-1.516994669,0.000000000,0.391390715
22.344954917,J3,0.220659676,0.000000000,-0.314010223
22.354929073,J1,-1.558229777,-0.000000000,0.000000000
22.354929073,J2,-1.516994669,0.000000000,0.391390715
22.354929073,J3,0.220659676,0.000000000,-0.314010223
22.364869634,J1,-1.558229777,-0.000000000,0.000000000
22.364869634,J2,-1.516994669,0.000000000,0.391390715
22.364869634,J3,0.220659676,0.000000000,-0.314010223
22.374828635,J1,-1.558229777,-0.000000000,0.000000000
22.374828635,J2,-1.516994669,0.000000000,0.391390715
22.374828635,J3,0.220659676,0.000000000,-0.314010223
22.384904133,J1,-1.558229777,-0.000000000,0.000000000
22.384904133,J2,-1.516994669,0.000000000,0.391390715
22.384904133,J3,0.220659676,0.000000000,-0.314010223
22.394930742,J1,-1.558229777,-0.000000000,0.000000000
22.394930742,J2,-1.516994669,0.000000000,0.391390715
22.394930742,J3,0.220659676,0.000000000,-0.314010223
22.405023911,J1,-1.558229777,-0.000000000,0.000000000
22.405023911,J2,-1.516994669,0.000000000,0.391390715
22.405023911,J3,0.220659676,0.000000000,-0.314010223
22.415106883,J1,-1.558229777,-0.000000000,0.000000000
22.415106883,J2,-1.516994669,0.000000000,0.391390715
22.415106883,J3,0.220659676,0.000000000,-0.314010223
22.424908945,J1,-1.558229777,-0.000000000,0.000000000
22.424908945,J2,-1.516994669,0.000000000,0.391390715
22.424908945,J3,0.220659676,0.000000000,-0.314010223
22.434962094,J1,-1.558229777,-0.000000000,0.000000000
22.434962094,J2,-1.516994669,0.000000000,0.391390715
22.434962094,J3,0.220659676,0.000000000,-0.314010223
22.444902516,J1,-1.558229777,-0.000000000,0.000000000
22.444902516,J2,-1.516994669,0.000000000,0.391390715
22.444902516,J3,0.220659676,0.000000000,-0.314010223
22.454981018,J1,-1.558229777,-0.000000000,0.000000000
22.454981018,J2,-1.516994669,0.000000000,0.391390715
22.454981018,J3,0.220659676,0.000000000,-0.314010223
22.464879884,J1,-1.558229777,-0.000000000,0.000000000
22.464879884,J2,-1.516994669,0.000000000,0.391390715
22.464879884,J3,0.220659676,0.000000000,-0.314010223
22.474914035,J1,-1.558229777,-0.000000000,0.000000000
22.474914035,J2,-1.516994669,0.000000000,0.391390715
22.474914035,J3,0.220659676,0.000000000,-0.314010223
22.484929958,J1,-1.558229777,-0.000000000,0.000000000
22.484929958,J2,-1.516994669,0.000000000,0.391390715
22.484929958,J3,0.220659676,0.000000000,-0.314010223
22.495013418,J1,-1.558229777,-0.000000000,0.000000000
22.495013418,J2,-1.516994669,0.000000000,0.391390715
22.495013418,J3,0.220659676,0.000000000,-0.314010223
22.504903414,J1,-1.558229777,-0.000000000,0.000000000
22.504903414,J2,-1.516994669,0.000000000,0.391390715
22.504903414,J3,0.220659676,0.000000000,-0.314010223
22.514940638,J1,-1.558229777,-0.000000000,0.000000000
22.514940638,J2,-1.516994669,0.000000000,0.391390715
22.514940638,J3,0.220659676,0.000000000,-0.314010223
22.524880013,J1,-1.558229777,-0.000000000,0.000000000
22.524880013,J2,-1.516994669,0.000000000,0.391390715
22.524880013,J3,0.220659676,0.000000000,-0.314010223
22.534939168,J1,-1.558229777,-0.000000000,0.000000000
22.534939168,J2,-1.516994669,0.000000000,0.391390715
22.534939168,J3,0.220659676,0.000000000,-0.314010223
22.544941681,J1,-1.558229777,-0.000000000,0.000000000
22.544941681,J2,-1.516994669,0.000000000,0.391390715
22.544941681,J3,0.220659676,0.000000000,-0.314010223
22.554965216,J1,-1.558229777,-0.000000000,0.000000000
22.554965216,J2,-1.516994669,0.000000000,0.391390715
22.554965216,J3,0.220659676,0.000000000,-0.314010223
22.564938395,J1,-1.558229777,-0.000000000,0.000000000
22.564938395,J2,-1.516994669,0.000000000,0.391390715
22.564938395,J3,0.220659676,0.000000000,-0.314010223
22.574917091,J1,-1.558229777,-0.000000000,0.000000000
22.574917091,J2,-1.516994669,0.000000000,0.391390715
22.574917091,J3,0.220659676,0.000000000,-0.314010223
22.584955712,J1,-1.558229777,-0.000000000,0.000000000
22.584955712,J2,-1.516994669,0.000000000,0.391390715
22.584955712,J3,0.220659676,0.000000000,-0.314010223
22.595016404,J1,-1.558229777,-0.000000000,0.000000000
22.595016404,J2,-1.516994669,0.000000000,0.391390715
22.595016404,J3,0.220659676,0.000000000,-0.314010223
22.604951309,J1,-1.558229777,-0.000000000,0.000000000
22.604951309,J2,-1.516994669,0.000000000,0.391390715
22.604951309,J3,0.220659676,0.000000000,-0.314010223
22.614942018,J1,-1.558229777,-0.000000000,0.000000000
22.614942018,J2,-1.516994669,0.000000000,0.391390715
22.614942018,J3,0.220659676,0.000000000,-0.314010223
22.624909679,J1,-1.558229777,-0.000000000,0.000000000
22.624909679,J2,-1.516994669,0.000000000,0.391390715
22.624909679,J3,0.220659676,0.000000000,-0.314010223
22.634967158,J1,-1.558229777,-0.000000000,0.000000000
22.634967158,J2,-1.516994669,0.000000000,0.391390715
22.634967158,J3,0.220659676,0.000000000,-0.314010223
22.644933631,J1,-1.558229777,-0.000000000,0.000000000
22.644933631,J2,-1.516994669,0.000000000,0.391390715
22.644933631,J3,0.220659676,0.000000000,-0.314010223
22.654916588,J1,-1.558229777,-0.000000000,0.000000000
22.654916588,J2,-1.516994669,0.000000000,0.391390715
22.654916588,J3,0.220659676,0.000000000,-0.314010223
22.664898008,J1,-1.558229777,-0.000000000,0.000000000
22.664898008,J2,-1.516994669,0.000000000,0.391390715
22.664898008,J3,0.220659676,0.000000000,-0.314010223
22.674918261,J1,-1.558229777,-0.000000000,0.000000000
22.674918261,J2,-1.516994669,0.000000000,0.391390715
22.674918261,J3,0.220659676,0.000000000,-0.314010223
22.684942285,J1,-1.558229777,-0.000000000,0.000000000
22.684942285,J2,-1.516994669,0.000000000,0.391390715
22.684942285,J3,0.220659676,0.000000000,-0.314010223
22.694945636,J1,-1.558229777,-0.000000000,0.000000000
22.694945636,J2,-1.516994669,0.000000000,0.391390715
22.694945636,J3,0.220659676,0.000000000,-0.314010223
22.704903449,J1,-1.558229777,-0.000000000,0.000000000
22.704903449,J2,-1.516994669,0.000000000,0.391390715
22.704903449,J3,0.220659676,0.000000000,-0.314010223
22.714979157,J1,-1.558229777,-0.000000000,0.000000000
22.714979157,J2,-1.516994669,0.000000000,0.391390715
22.714979157,J3,0.220659676,0.000000000,-0.314010223
22.724896531,J1,-1.558229777,-0.000000000,0.000000000
22.724896531,J2,-1.516994669,0.000000000,0.391390715
22.724896531,J3,0.220659676,0.000000000,-0.314010223
22.734923558,J1,-1.558229777,-0.000000000,0.000000000
22.734923558,J2,-1.516994669,0.000000000,0.391390715
22.734923558,J3,0.220659676,0.000000000,-0.314010223
22.745070716,J1,-1.558229777,-0.000000000,0.000000000
22.745070716,J2,-1.516994669,0.000000000,0.391390715
22.745070716,J3,0.220659676,0.000000000,-0.314010223
22.754954705,J1,-1.558229777,-0.000000000,0.000000000
22.754954705,J2,-1.516994669,0.000000000,0.391390715
22.754954705,J3,0.220659676,0.000000000,-0.314010223
22.765012673,J1,-1.558229777,-0.000000000,0.000000000
22.765012673,J2,-1.516994669,0.000000000,0.391390715
22.765012673,J3,0.220659676,0.000000000,-0.314010223
22.774914192,J1,-1.558229777,-0.000000000,0.000000000
22.774914192,J2,-1.516994669,0.000000000,0.391390715
22.774914192,J3,0.220659676,0.000000000,-0.314010223
22.784971183,J1,-1.558229777,-0.000000000,0.000000000
22.784971183,J2,-1.516994669,0.000000000,0.391390715
22.784971183,J3,0.220659676,0.000000000,-0.314010223
22.795006452,J1,-1.558229777,-0.000000000,0.000000000
22.795006452,J2,-1.516994669,0.000000000,0.391390715
22.795006452,J3,0.220659676,0.000000000,-0.314010223
22.804909298,J1,-1.558229777,-0.000000000,0.000000000
22.804909298,J2,-1.516994669,0.000000000,0.391390715
22.804909298,J3,0.220659676,0.000000000,-0.314010223
22.815052824,J1,-1.558229777,-0.000000000,0.000000000
22.815052824,J2,-1.516994669,0.000000000,0.391390715
22.815052824,J3,0.220659676,0.000000000,-0.314010223
22.824875630,J1,-1.558229777,-0.000000000,0.000000000
22.824875630,J2,-1.516994669,0.000000000,0.391390715
22.824875630,J3,0.220659676,0.000000000,-0.314010223
22.834926544,J1,-1.558229777,-0.000000000,0.000000000
22.834926544,J2,-1.516994669,0.000000000,0.391390715
22.834926544,J3,0.220659676,0.000000000,-0.314010223
22.845053238,J1,-1.558229777,-0.000000000,0.000000000
22.845053238,J2,-1.516994669,0.000000000,0.391390715
22.845053238,J3,0.220659676,0.000000000,-0.314010223
22.854895670,J1,-1.558229777,-0.000000000,0.000000000
22.854895670,J2,-1.516994669,0.000000000,0.391390715
22.854895670,J3,0.220659676,0.000000000,-0.314010223
22.864926190,J1,-1.558229777,-0.000000000,0.000000000
22.864926190,J2,-1.516994669,0.000000000,0.391390715
22.864926190,J3,0.220659676,0.000000000,-0.314010223
22.874908797,J1,-1.558229777,-0.000000000,0.000000000
22.874908797,J2,-1.516994669,0.000000000,0.391390715
22.874908797,J3,0.220659676,0.000000000,-0.314010223
22.884924510,J1,-1.558229777,-0.000000000,0.000000000
22.884924510,J2,-1.516994669,0.000000000,0.391390715
22.884924510,J3,0.220659676,0.000000000,-0.314010223
22.894918432,J1,-1.558229777,-0.000000000,0.000000000
22.894918432,J2,-1.516994669,0.000000000,0.391390715
22.894918432,J3,0.220659676,0.000000000,-0.314010223
22.904883998,J1,-1.558229777,-0.000000000,0.000000000
22.904883998,J2,-1.516994669,0.000000000,0.391390715
22.904883998,J3,0.220659676,0.000000000,-0.314010223
22.914992881,J1,-1.558229777,-0.000000000,0.000000000
22.914992881,J2,-1.516994669,0.000000000,0.391390715
22.914992881,J3,0.220659676,0.000000000,-0.314010223
22.924931487,J1,-1.558229777,-0.000000000,0.000000000
22.924931487,J2,-1.516994669,0.000000000,0.391390715
22.924931487,J3,0.220659676,0.000000000,-0.314010223
22.934933441,J1,-1.558229777,-0.000000000,0.000000000
22.934933441,J2,-1.516994669,0.000000000,0.391390715
22.934933441,J3,0.220659676,0.000000000,-0.314010223
22.944917166,J1,-1.558229777,-0.000000000,0.000000000
22.944917166,J2,-1.516994669,0.000000000,0.391390715
22.944917166,J3,0.220659676,0.000000000,-0.314010223
22.954906897,J1,-1.558229777,-0.000000000,0.000000000
22.954906897,J2,-1.516994669,0.000000000,0.391390715
22.954906897,J3,0.220659676,0.000000000,-0.314010223
22.964875746,J1,-1.558229777,-0.000000000,0.000000000
22.964875746,J2,-1.516994669,0.000000000,0.391390715
22.964875746,J3,0.220659676,0.000000000,-0.314010223
22.974869248,J1,-1.558229777,-0.000000000,0.000000000
22.974869248,J2,-1.516994669,0.000000000,0.391390715
22.974869248,J3,0.220659676,0.000000000,-0.314010223
22.984962278,J1,-1.558229777,-0.000000000,0.000000000
22.984962278,J2,-1.516994669,0.000000000,0.391390715
22.984962278,J3,0.220659676,0.000000000,-0.314010223
22.994907589,J1,-1.558229777,-0.000000000,0.000000000
22.994907589,J2,-1.516994669,0.000000000,0.391390715
22.994907589,J3,0.220659676,0.000000000,-0.314010223
23.004934826,J1,-1.558229777,-0.000000000,0.000000000
23.004934826,J2,-1.516994669,0.000000000,0.391390715
23.004934826,J3,0.220659676,0.000000000,-0.314010223
23.014892080,J1,-1.558229777,-0.000000000,0.000000000
23.014892080,J2,-1.516994669,0.000000000,0.391390715
23.014892080,J3,0.220659676,0.000000000,-0.314010223
23.024887608,J1,-1.558229777,-0.000000000,0.000000000
23.024887608,J2,-1.516994669,0.000000000,0.391390715
23.024887608,J3,0.220659676,0.000000000,-0.314010223
23.034908141,J1,-1.558229777,-0.000000000,0.000000000
23.034908141,J2,-1.516994669,0.000000000,0.391390715
23.034908141,J3,0.220659676,0.000000000,-0.314010223
23.044870074,J1,-1.558229777,-0.000000000,0.000000000
23.044870074,J2,-1.516994669,0.000000000,0.391390715
23.044870074,J3,0.220659676,0.000000000,-0.314010223
23.054885368,J1,-1.558229777,-0.000000000,0.000000000
23.054885368,J2,-1.516994669,0.000000000,0.391390715
23.054885368,J3,0.220659676,0.000000000,-0.314010223
23.064906040,J1,-1.558229777,-0.000000000,0.000000000
23.064906040,J2,-1.516994669,0.000000000,0.391390715
23.064906040,J3,0.220659676,0.000000000,-0.314010223
23.074893536,J1,-1.558229777,-0.000000000,0.000000000
23.074893536,J2,-1.516994669,0.000000000,0.391390715
23.074893536,J3,0.220659676,0.000000000,-0.314010223
23.084934882,J1,-1.558229777,-0.000000000,0.000000000
23.084934882,J2,-1.516994669,0.000000000,0.391390715
23.084934882,J3,0.220659676,0.000000000,-0.314010223
23.094864478,J1,-1.558229777,-0.000000000,0.000000000
23.094864478,J2,-1.516994669,0.000000000,0.391390715
23.094864478,J3,0.220659676,0.000000000,-0.314010223
23.104919513,J1,-1.558229777,-0.000000000,0.000000000
23.104919513,J2,-1.516994669,0.000000000,0.391390715
23.104919513,J3,0.220659676,0.000000000,-0.314010223
23.114886615,J1,-1.558229777,-0.000000000,0.000000000
23.114886615,J2,-1.516994669,0.000000000,0.391390715
23.114886615,J3,0.220659676,0.000000000,-0.314010223
23.124906868,J1,-1.558229777,-0.000000000,0.000000000
23.124906868,J2,-1.516994669,0.000000000,0.391390715
23.124906868,J3,0.220659676,0.000000000,-0.314010223
23.134896739,J1,-1.558229777,-0.000000000,0.000000000
23.134896739,J2,-1.516994669,0.000000000,0.391390715
23.134896739,J3,0.220659676,0.000000000,-0.314010223
23.144884026,J1,-1.558229777,-0.000000000,0.000000000
23.144884026,J2,-1.516994669,0.000000000,0.391390715
23.144884026,J3,0.220659676,0.000000000,-0.314010223
23.154861884,J1,-1.558229777,-0.000000000,0.000000000
23.154861884,J2,-1.516994669,0.000000000,0.391390715
23.154861884,J3,0.220659676,0.000000000,-0.314010223
23.164849031,J1,-1.558229777,-0.000000000,0.000000000
23.164849031,J2,-1.516994669,0.000000000,0.391390715
23.164849031,J3,0.220659676,0.000000000,-0.314010223
23.174913285,J1,-1.558229777,-0.000000000,0.000000000
23.174913285,J2,-1.516994669,0.000000000,0.391390715
23.174913285,J3,0.220659676,0.000000000,-0.314010223
23.184874939,J1,-1.558229777,-0.000000000,0.000000000
23.184874939,J2,-1.516994669,0.000000000,0.391390715
23.184874939,J3,0.220659676,0.000000000,-0.314010223
23.194855661,J1,-1.558229777,-0.000000000,0.000000000
23.194855661,J2,-1.516994669,0.000000000,0.391390715
23.194855661,J3,0.220659676,0.000000000,-0.314010223
23.204937096,J1,-1.558229777,-0.000000000,0.000000000
23.204937096,J2,-1.516994669,0.000000000,0.391390715
23.204937096,J3,0.220659676,0.000000000,-0.314010223
23.214880102,J1,-1.558229777,-0.000000000,0.000000000
23.214880102,J2,-1.516994669,0.000000000,0.391390715
23.214880102,J3,0.220659676,0.000000000,-0.314010223
23.224927314,J1,-1.558229777,-0.000000000,0.000000000
23.224927314,J2,-1.516994669,0.000000000,0.391390715
23.224927314,J3,0.220659676,0.000000000,-0.314010223
23.234938348,J1,-1.558229777,-0.000000000,0.000000000
23.234938348,J2,-1.516994669,0.000000000,0.391390715
23.234938348,J3,0.220659676,0.000000000,-0.314010223
23.245893311,J1,-1.558229777,-0.000000000,0.000000000
23.245893311,J2,-1.516994669,0.000000000,0.391390715
23.245893311,J3,0.220659676,0.000000000,-0.314010223
23.254992473,J1,-1.558229777,-0.000000000,0.000000000
23.254992473,J2,-1.516994669,0.000000000,0.391390715
23.254992473,J3,0.220659676,0.000000000,-0.314010223
23.264965512,J1,-1.558229777,-0.000000000,0.000000000
23.264965512,J2,-1.516994669,0.000000000,0.391390715
23.264965512,J3,0.220659676,0.000000000,-0.314010223
23.274940995,J1,-1.558229777,-0.000000000,0.000000000
23.274940995,J2,-1.516994669,0.000000000,0.391390715
23.274940995,J3,0.220659676,0.000000000,-0.314010223
23.284967743,J1,-1.558229777,-0.000000000,0.000000000
23.284967743,J2,-1.516994669,0.000000000,0.391390715
23.284967743,J3,0.220659676,0.000000000,-0.314010223
23.294986948,J1,-1.558229777,-0.000000000,0.000000000
23.294986948,J2,-1.516994669,0.000000000,0.391390715
23.294986948,J3,0.220659676,0.000000000,-0.314010223
23.304959708,J1,-1.558229777,-0.000000000,0.000000000
23.304959708,J2,-1.516994669,0.000000000,0.391390715
23.304959708,J3,0.220659676,0.000000000,-0.314010223
23.314933654,J1,-1.558229777,-0.000000000,0.000000000
23.314933654,J2,-1.516994669,0.000000000,0.391390715
23.314933654,J3,0.220659676,0.000000000,-0.314010223
23.324936097,J1,-1.558229777,-0.000000000,0.000000000
23.324936097,J2,-1.516994669,0.000000000,0.391390715
23.324936097,J3,0.220659676,0.000000000,-0.314010223
23.334970458,J1,-1.558229777,-0.000000000,0.000000000
23.334970458,J2,-1.516994669,0.000000000,0.391390715
23.334970458,J3,0.220659676,0.000000000,-0.314010223
23.344995810,J1,-1.558229777,-0.000000000,0.000000000
23.344995810,J2,-1.516994669,0.000000000,0.391390715
23.344995810,J3,0.220659676,0.000000000,-0.314010223
23.354970315,J1,-1.558229777,-0.000000000,0.000000000
23.354970315,J2,-1.516994669,0.000000000,0.391390715
23.354970315,J3,0.220659676,0.000000000,-0.314010223
23.364923309,J1,-1.558229777,-0.000000000,0.000000000
23.364923309,J2,-1.516994669,0.000000000,0.391390715
23.364923309,J3,0.220659676,0.000000000,-0.314010223
23.374974782,J1,-1.558229777,-0.000000000,0.000000000
23.374974782,J2,-1.516994669,0.000000000,0.391390715
23.374974782,J3,0.220659676,0.000000000,-0.314010223
23.384963605,J1,-1.558229777,-0.000000000,0.000000000
23.384963605,J2,-1.516994669,0.000000000,0.391390715
23.384963605,J3,0.220659676,0.000000000,-0.314010223
23.394900046,J1,-1.558229777,-0.000000000,0.000000000
23.394900046,J2,-1.516994669,0.000000000,0.391390715
23.394900046,J3,0.220659676,0.000000000,-0.314010223
23.404931264,J1,-1.558229777,-0.000000000,0.000000000
23.404931264,J2,-1.516994669,0.000000000,0.391390715
23.404931264,J3,0.220659676,0.000000000,-0.314010223
23.414918621,J1,-1.558229777,-0.000000000,0.000000000
23.414918621,J2,-1.516994669,0.000000000,0.391390715
23.414918621,J3,0.220659676,0.000000000,-0.314010223
23.424884466,J1,-1.558229777,-0.000000000,0.000000000
23.424884466,J2,-1.516994669,0.000000000,0.391390715
23.424884466,J3,0.220659676,0.000000000,-0.314010223
23.434920434,J1,-1.558229777,-0.000000000,0.000000000
23.434920434,J2,-1.516994669,0.000000000,0.391390715
23.434920434,J3,0.220659676,0.000000000,-0.314010223
23.444899060,J1,-1.558229777,-0.000000000,0.000000000
23.444899060,J2,-1.516994669,0.000000000,0.391390715
23.444899060,J3,0.220659676,0.000000000,-0.314010223
23.454940406,J1,-1.558229777,-0.000000000,0.000000000
23.454940406,J2,-1.516994669,0.000000000,0.391390715
23.454940406,J3,0.220659676,0.000000000,-0.314010223
23.465032318,J1,-1.558229777,-0.000000000,0.000000000
23.465032318,J2,-1.516994669,0.000000000,0.391390715
23.465032318,J3,0.220659676,0.000000000,-0.314010223
23.474873842,J1,-1.558229777,-0.000000000,0.000000000
23.474873842,J2,-1.516994669,0.000000000,0.391390715
23.474873842,J3,0.220659676,0.000000000,-0.314010223
23.484963729,J1,-1.558229777,-0.000000000,0.000000000
23.484963729,J2,-1.516994669,0.000000000,0.391390715
23.484963729,J3,0.220659676,0.000000000,-0.314010223
23.494899192,J1,-1.558229777,-0.000000000,0.000000000
23.494899192,J2,-1.516994669,0.000000000,0.391390715
23.494899192,J3,0.220659676,0.000000000,-0.314010223
23.504951014,J1,-1.558229777,-0.000000000,0.000000000
23.504951014,J2,-1.516994669,0.000000000,0.391390715
23.504951014,J3,0.220659676,0.000000000,-0.314010223
23.515040551,J1,-1.558229777,-0.000000000,0.000000000
23.515040551,J2,-1.516994669,0.000000000,0.391390715
23.515040551,J3,0.220659676,0.000000000,-0.314010223
23.524889758,J1,-1.558229777,-0.000000000,0.000000000
23.524889758,J2,-1.516994669,0.000000000,0.391390715
23.524889758,J3,0.220659676,0.000000000,-0.314010223
23.534888569,J1,-1.558229777,-0.000000000,0.000000000
23.534888569,J2,-1.516994669,0.000000000,0.391390715
23.534888569,J3,0.220659676,0.000000000,-0.314010223
23.544852319,J1,-1.558229777,-0.000000000,0.000000000
23.544852319,J2,-1.516994669,0.000000000,0.391390715
23.544852319,J3,0.220659676,0.000000000,-0.314010223
23.554952612,J1,-1.558229777,-0.000000000,0.000000000
23.554952612,J2,-1.516994669,0.000000000,0.391390715
23.554952612,J3,0.220659676,0.000000000,-0.314010223
23.564945906,J1,-1.558229777,-0.000000000,0.000000000
23.564945906,J2,-1.516994669,0.000000000,0.391390715
23.564945906,J3,0.220659676,0.000000000,-0.314010223
23.574891217,J1,-1.558229777,-0.000000000,0.000000000
23.574891217,J2,-1.516994669,0.000000000,0.391390715
23.574891217,J3,0.220659676,0.000000000,-0.314010223
23.584875920,J1,-1.558229777,-0.000000000,0.000000000
23.584875920,J2,-1.516994669,0.000000000,0.391390715
23.584875920,J3,0.220659676,0.000000000,-0.314010223
23.594920408,J1,-1.558229777,-0.000000000,0.000000000
23.594920408,J2,-1.516994669,0.000000000,0.391390715
23.594920408,J3,0.220659676,0.000000000,-0.314010223
23.604927461,J1,-1.558229777,-0.000000000,0.000000000
23.604927461,J2,-1.516994669,0.000000000,0.391390715
23.604927461,J3,0.220659676,0.000000000,-0.314010223
23.614884715,J1,-1.558229777,-0.000000000,0.000000000
23.614884715,J2,-1.516994669,0.000000000,0.391390715
23.614884715,J3,0.220659676,0.000000000,-0.314010223
23.624978653,J1,-1.558229777,-0.000000000,0.000000000
23.624978653,J2,-1.516994669,0.000000000,0.391390715
23.624978653,J3,0.220659676,0.000000000,-0.314010223
23.634889671,J1,-1.558229777,-0.000000000,0.000000000
23.634889671,J2,-1.516994669,0.000000000,0.391390715
23.634889671,J3,0.220659676,0.000000000,-0.314010223
23.644863618,J1,-1.558229777,-0.000000000,0.000000000
23.644863618,J2,-1.516994669,0.000000000,0.391390715
23.644863618,J3,0.220659676,0.000000000,-0.314010223
23.654900004,J1,-1.558229777,-0.000000000,0.000000000
23.654900004,J2,-1.516994669,0.000000000,0.391390715
23.654900004,J3,0.220659676,0.000000000,-0.314010223
23.664883520,J1,-1.558229777,-0.000000000,0.000000000
23.664883520,J2,-1.516994669,0.000000000,0.391390715
23.664883520,J3,0.220659676,0.000000000,-0.314010223
23.674936739,J1,-1.558229777,-0.000000000,0.000000000
23.674936739,J2,-1.516994669,0.000000000,0.391390715
23.674936739,J3,0.220659676,0.000000000,-0.314010223
23.684895460,J1,-1.558229777,-0.000000000,0.000000000
23.684895460,J2,-1.516994669,0.000000000,0.391390715
23.684895460,J3,0.220659676,0.000000000,-0.314010223
23.694979829,J1,-1.558229777,-0.000000000,0.000000000
23.694979829,J2,-1.516994669,0.000000000,0.391390715
23.694979829,J3,0.220659676,0.000000000,-0.314010223
23.704930937,J1,-1.558229777,-0.000000000,0.000000000
23.704930937,J2,-1.516994669,0.000000000,0.391390715
23.704930937,J3,0.220659676,0.000000000,-0.314010223
23.714921856,J1,-1.558229777,-0.000000000,0.000000000
23.714921856,J2,-1.516994669,0.000000000,0.391390715
23.714921856,J3,0.220659676,0.000000000,-0.314010223
23.724876037,J1,-1.558229777,-0.000000000,0.000000000
23.724876037,J2,-1.516994669,0.000000000,0.391390715
23.724876037,J3,0.220659676,0.000000000,-0.314010223
23.734882182,J1,-1.558229777,-0.000000000,0.000000000
23.734882182,J2,-1.516994669,0.000000000,0.391390715
23.734882182,J3,0.220659676,0.000000000,-0.314010223
23.744874427,J1,-1.558229777,-0.000000000,0.000000000
23.744874427,J2,-1.516994669,0.000000000,0.391390715
23.744874427,J3,0.220659676,0.000000000,-0.314010223
23.754913887,J1,-1.558229777,-0.000000000,0.000000000
23.754913887,J2,-1.516994669,0.000000000,0.391390715
23.754913887,J3,0.220659676,0.000000000,-0.314010223
23.765036321,J1,-1.558229777,-0.000000000,0.000000000
23.765036321,J2,-1.516994669,0.000000000,0.391390715
23.765036321,J3,0.220659676,0.000000000,-0.314010223
23.774937002,J1,-1.558229777,-0.000000000,0.000000000
23.774937002,J2,-1.516994669,0.000000000,0.391390715
23.774937002,J3,0.220659676,0.000000000,-0.314010223
23.784903266,J1,-1.558229777,-0.000000000,0.000000000
23.784903266,J2,-1.516994669,0.000000000,0.391390715
23.784903266,J3,0.220659676,0.000000000,-0.314010223
23.794871835,J1,-1.558229777,-0.000000000,0.000000000
23.794871835,J2,-1.516994669,0.000000000,0.391390715
23.794871835,J3,0.220659676,0.000000000,-0.314010223
23.804961163,J1,-1.558229777,-0.000000000,0.000000000
23.804961163,J2,-1.516994669,0.000000000,0.391390715
23.804961163,J3,0.220659676,0.000000000,-0.314010223
23.814917719,J1,-1.558229777,-0.000000000,0.000000000
23.814917719,J2,-1.516994669,0.000000000,0.391390715
23.814917719,J3,0.220659676,0.000000000,-0.314010223
23.824957109,J1,-1.558229777,-0.000000000,0.000000000
23.824957109,J2,-1.516994669,0.000000000,0.391390715
23.824957109,J3,0.220659676,0.000000000,-0.314010223
23.834891594,J1,-1.558229777,-0.000000000,0.000000000
23.834891594,J2,-1.516994669,0.000000000,0.391390715
23.834891594,J3,0.220659676,0.000000000,-0.314010223
23.844894806,J1,-1.558229777,-0.000000000,0.000000000
23.844894806,J2,-1.516994669,0.000000000,0.391390715
23.844894806,J3,0.220659676,0.000000000,-0.314010223
23.854910728,J1,-1.558229777,-0.000000000,0.000000000
23.854910728,J2,-1.516994669,0.000000000,0.391390715
23.854910728,J3,0.220659676,0.000000000,-0.314010223
23.864990348,J1,-1.558229777,-0.000000000,0.000000000
23.864990348,J2,-1.516994669,0.000000000,0.391390715
23.864990348,J3,0.220659676,0.000000000,-0.314010223
23.874886559,J1,-1.558229777,-0.000000000,0.000000000
23.874886559,J2,-1.516994669,0.000000000,0.391390715
23.874886559,J3,0.220659676,0.000000000,-0.314010223
23.884887047,J1,-1.558229777,-0.000000000,0.000000000
23.884887047,J2,-1.516994669,0.000000000,0.391390715
23.884887047,J3,0.220659676,0.000000000,-0.314010223
23.894946831,J1,-1.558229777,-0.000000000,0.000000000
23.894946831,J2,-1.516994669,0.000000000,0.391390715
23.894946831,J3,0.220659676,0.000000000,-0.314010223
23.904873703,J1,-1.558229777,-0.000000000,0.000000000
23.904873703,J2,-1.516994669,0.000000000,0.391390715
23.904873703,J3,0.220659676,0.000000000,-0.314010223
23.915031477,J1,-1.558229777,-0.000000000,0.000000000
23.915031477,J2,-1.516994669,0.000000000,0.391390715
23.915031477,J3,0.220659676,0.000000000,-0.314010223
23.924877681,J1,-1.558229777,-0.000000000,0.000000000
23.924877681,J2,-1.516994669,0.000000000,0.391390715
23.924877681,J3,0.220659676,0.000000000,-0.314010223
23.934854003,J1,-1.558229777,-0.000000000,0.000000000
23.934854003,J2,-1.516994669,0.000000000,0.391390715
23.934854003,J3,0.220659676,0.000000000,-0.314010223
23.944863081,J1,-1.558229777,-0.000000000,0.000000000
23.944863081,J2,-1.516994669,0.000000000,0.391390715
23.944863081,J3,0.220659676,0.000000000,-0.314010223
23.954912877,J1,-1.558229777,-0.000000000,0.000000000
23.954912877,J2,-1.516994669,0.000000000,0.391390715
23.954912877,J3,0.220659676,0.000000000,-0.314010223
23.964898069,J1,-1.558229777,-0.000000000,0.000000000
23.964898069,J2,-1.516994669,0.000000000,0.391390715
23.964898069,J3,0.220659676,0.000000000,-0.314010223
23.974923001,J1,-1.558229777,-0.000000000,0.000000000
23.974923001,J2,-1.516994669,0.000000000,0.391390715
23.974923001,J3,0.220659676,0.000000000,-0.314010223
23.984870827,J1,-1.558229777,-0.000000000,0.000000000
23.984870827,J2,-1.516994669,0.000000000,0.391390715
23.984870827,J3,0.220659676,0.000000000,-0.314010223
23.994902883,J1,-1.558229777,-0.000000000,0.000000000
23.994902883,J2,-1.516994669,0.000000000,0.391390715
23.994902883,J3,0.220659676,0.000000000,-0.314010223
24.004931029,J1,-1.558229777,-0.000000000,0.000000000
24.004931029,J2,-1.516994669,0.000000000,0.391390715
24.004931029,J3,0.220659676,0.000000000,-0.314010223
24.014894848,J1,-1.558229777,-0.000000000,0.000000000
24.014894848,J2,-1.516994669,0.000000000,0.391390715
24.014894848,J3,0.220659676,0.000000000,-0.314010223
24.024867887,J1,-1.558229777,-0.000000000,0.000000000
24.024867887,J2,-1.516994669,0.000000000,0.391390715
24.024867887,J3,0.220659676,0.000000000,-0.314010223
24.034885486,J1,-1.558229777,-0.000000000,0.000000000
24.034885486,J2,-1.516994669,0.000000000,0.391390715
24.034885486,J3,0.220659676,0.000000000,-0.314010223
24.044975792,J1,-1.558229777,-0.000000000,0.000000000
24.044975792,J2,-1.516994669,0.000000000,0.391390715
24.044975792,J3,0.220659676,0.000000000,-0.314010223
24.055049684,J1,-1.558229777,-0.000000000,0.000000000
24.055049684,J2,-1.516994669,0.000000000,0.391390715
24.055049684,J3,0.220659676,0.000000000,-0.314010223
24.064953089,J1,-1.558229777,-0.000000000,0.000000000
24.064953089,J2,-1.516994669,0.000000000,0.391390715
24.064953089,J3,0.220659676,0.000000000,-0.314010223
24.074903429,J1,-1.558229777,-0.000000000,0.000000000
24.074903429,J2,-1.516994669,0.000000000,0.391390715
24.074903429,J3,0.220659676,0.000000000,-0.314010223
24.084972991,J1,-1.558229777,-0.000000000,0.000000000
24.084972991,J2,-1.516994669,0.000000000,0.391390715
24.084972991,J3,0.220659676,0.000000000,-0.314010223
24.094912995,J1,-1.558229777,-0.000000000,0.000000000
24.094912995,J2,-1.516994669,0.000000000,0.391390715
24.094912995,J3,0.220659676,0.000000000,-0.314010223
24.104940302,J1,-1.558229777,-0.000000000,0.000000000
24.104940302,J2,-1.516994669,0.000000000,0.391390715
24.104940302,J3,0.220659676,0.000000000,-0.314010223
24.114959367,J1,-1.558229777,-0.000000000,0.000000000
24.114959367,J2,-1.516994669,0.000000000,0.391390715
24.114959367,J3,0.220659676,0.000000000,-0.314010223
24.124886659,J1,-1.558229777,-0.000000000,0.000000000
24.124886659,J2,-1.516994669,0.000000000,0.391390715
24.124886659,J3,0.220659676,0.000000000,-0.314010223
24.134948119,J1,-1.558229777,-0.000000000,0.000000000
24.134948119,J2,-1.516994669,0.000000000,0.391390715
24.134948119,J3,0.220659676,0.000000000,-0.314010223
24.144896085,J1,-1.558229777,-0.000000000,0.000000000
24.144896085,J2,-1.516994669,0.000000000,0.391390715
24.144896085,J3,0.220659676,0.000000000,-0.314010223
24.154969279,J1,-1.558229777,-0.000000000,0.000000000
24.154969279,J2,-1.516994669,0.000000000,0.391390715
24.154969279,J3,0.220659676,0.000000000,-0.314010223
24.165036606,J1,-1.558229777,-0.000000000,0.000000000
24.165036606,J2,-1.516994669,0.000000000,0.391390715
24.165036606,J3,0.220659676,0.000000000,-0.314010223
24.174911655,J1,-1.558229777,-0.000000000,0.000000000
24.174911655,J2,-1.516994669,0.000000000,0.391390715
24.174911655,J3,0.220659676,0.000000000,-0.314010223
24.185077321,J1,-1.558229777,-0.000000000,0.000000000
24.185077321,J2,-1.516994669,0.000000000,0.391390715
24.185077321,J3,0.220659676,0.000000000,-0.314010223
24.194866393,J1,-1.558229777,-0.000000000,0.000000000
24.194866393,J2,-1.516994669,0.000000000,0.391390715
24.194866393,J3,0.220659676,0.000000000,-0.314010223
24.204911650,J1,-1.558229777,-0.000000000,0.000000000
24.204911650,J2,-1.516994669,0.000000000,0.391390715
24.204911650,J3,0.220659676,0.000000000,-0.314010223
24.214989593,J1,-1.558229777,-0.000000000,0.000000000
24.214989593,J2,-1.516994669,0.000000000,0.391390715
24.214989593,J3,0.220659676,0.000000000,-0.314010223
24.224918980,J1,-1.558229777,-0.000000000,0.000000000
24.224918980,J2,-1.516994669,0.000000000,0.391390715
24.224918980,J3,0.220659676,0.000000000,-0.314010223
24.234938046,J1,-1.558229777,-0.000000000,0.000000000
24.234938046,J2,-1.516994669,0.000000000,0.391390715
24.234938046,J3,0.220659676,0.000000000,-0.314010223
24.244847458,J1,-1.558229777,-0.000000000,0.000000000
24.244847458,J2,-1.516994669,0.000000000,0.391390715
24.244847458,J3,0.220659676,0.000000000,-0.314010223
24.254933992,J1,-1.558229777,-0.000000000,0.000000000
24.254933992,J2,-1.516994669,0.000000000,0.391390715
24.254933992,J3,0.220659676,0.000000000,-0.314010223
24.264909685,J1,-1.558229777,-0.000000000,0.000000000
24.264909685,J2,-1.516994669,0.000000000,0.391390715
24.264909685,J3,0.220659676,0.000000000,-0.314010223
24.274936084,J1,-1.558229777,-0.000000000,0.000000000
24.274936084,J2,-1.516994669,0.000000000,0.391390715
24.274936084,J3,0.220659676,0.000000000,-0.314010223
24.284943136,J1,-1.558229777,-0.000000000,0.000000000
24.284943136,J2,-1.516994669,0.000000000,0.391390715
24.284943136,J3,0.220659676,0.000000000,-0.314010223
24.294888657,J1,-1.558229777,-0.000000000,0.000000000
24.294888657,J2,-1.516994669,0.000000000,0.391390715
24.294888657,J3,0.220659676,0.000000000,-0.314010223
24.304951864,J1,-1.558229777,-0.000000000,0.000000000
24.304951864,J2,-1.516994669,0.000000000,0.391390715
24.304951864,J3,0.220659676,0.000000000,-0.314010223
24.314988390,J1,-1.558229777,-0.000000000,0.000000000
24.314988390,J2,-1.516994669,0.000000000,0.391390715
24.314988390,J3,0.220659676,0.000000000,-0.314010223
24.325044542,J1,-1.558229777,-0.000000000,0.000000000
24.325044542,J2,-1.516994669,0.000000000,0.391390715
24.325044542,J3,0.220659676,0.000000000,-0.314010223
24.334958983,J1,-1.558229777,-0.000000000,0.000000000
24.334958983,J2,-1.516994669,0.000000000,0.391390715
24.334958983,J3,0.220659676,0.000000000,-0.314010223
24.344942009,J1,-1.558229777,-0.000000000,0.000000000
24.344942009,J2,-1.516994669,0.000000000,0.391390715
24.344942009,J3,0.220659676,0.000000000,-0.314010223
24.354952973,J1,-1.558229777,-0.000000000,0.000000000
24.354952973,J2,-1.516994669,0.000000000,0.391390715
24.354952973,J3,0.220659676,0.000000000,-0.314010223
24.364935092,J1,-1.558229777,-0.000000000,0.000000000
24.364935092,J2,-1.516994669,0.000000000,0.391390715
24.364935092,J3,0.220659676,0.000000000,-0.314010223
24.374923147,J1,-1.558229777,-0.000000000,0.000000000
24.374923147,J2,-1.516994669,0.000000000,0.391390715
24.374923147,J3,0.220659676,0.000000000,-0.314010223
24.384951432,J1,-1.558229777,-0.000000000,0.000000000
24.384951432,J2,-1.516994669,0.000000000,0.391390715
24.384951432,J3,0.220659676,0.000000000,-0.314010223
24.394914972,J1,-1.558229777,-0.000000000,0.000000000
24.394914972,J2,-1.516994669,0.000000000,0.391390715
24.394914972,J3,0.220659676,0.000000000,-0.314010223
24.404897719,J1,-1.558229777,-0.000000000,0.000000000
24.404897719,J2,-1.516994669,0.000000000,0.391390715
24.404897719,J3,0.220659676,0.000000000,-0.314010223
24.414905191,J1,-1.558229777,-0.000000000,0.000000000
24.414905191,J2,-1.516994669,0.000000000,0.391390715
24.414905191,J3,0.220659676,0.000000000,-0.314010223
24.424894504,J1,-1.558229777,-0.000000000,0.000000000
24.424894504,J2,-1.516994669,0.000000000,0.391390715
24.424894504,J3,0.220659676,0.000000000,-0.314010223
24.434982714,J1,-1.558229777,-0.000000000,0.000000000
24.434982714,J2,-1.516994669,0.000000000,0.391390715
24.434982714,J3,0.220659676,0.000000000,-0.314010223
24.444900857,J1,-1.558229777,-0.000000000,0.000000000
24.444900857,J2,-1.516994669,0.000000000,0.391390715
24.444900857,J3,0.220659676,0.000000000,-0.314010223
24.455003734,J1,-1.558229777,-0.000000000,0.000000000
24.455003734,J2,-1.516994669,0.000000000,0.391390715
24.455003734,J3,0.220659676,0.000000000,-0.314010223
24.464957706,J1,-1.558229777,-0.000000000,0.000000000
24.464957706,J2,-1.516994669,0.000000000,0.391390715
24.464957706,J3,0.220659676,0.000000000,-0.314010223
24.474932351,J1,-1.558229777,-0.000000000,0.000000000
24.474932351,J2,-1.516994669,0.000000000,0.391390715
24.474932351,J3,0.220659676,0.000000000,-0.314010223
24.484890235,J1,-1.558229777,-0.000000000,0.000000000
24.484890235,J2,-1.516994669,0.000000000,0.391390715
24.484890235,J3,0.220659676,0.000000000,-0.314010223
24.494890024,J1,-1.558229777,-0.000000000,0.000000000
24.494890024,J2,-1.516994669,0.000000000,0.391390715
24.494890024,J3,0.220659676,0.000000000,-0.314010223
24.504926690,J1,-1.558229777,-0.000000000,0.000000000
24.504926690,J2,-1.516994669,0.000000000,0.391390715
24.504926690,J3,0.220659676,0.000000000,-0.314010223
24.514845740,J1,-1.558229777,-0.000000000,0.000000000
24.514845740,J2,-1.516994669,0.000000000,0.391390715
24.514845740,J3,0.220659676,0.000000000,-0.314010223
24.524901124,J1,-1.558229777,-0.000000000,0.000000000
24.524901124,J2,-1.516994669,0.000000000,0.391390715
24.524901124,J3,0.220659676,0.000000000,-0.314010223
24.534908806,J1,-1.558229777,-0.000000000,0.000000000
24.534908806,J2,-1.516994669,0.000000000,0.391390715
24.534908806,J3,0.220659676,0.000000000,-0.314010223
24.544898328,J1,-1.558229777,-0.000000000,0.000000000
24.544898328,J2,-1.516994669,0.000000000,0.391390715
24.544898328,J3,0.220659676,0.000000000,-0.314010223
24.554988703,J1,-1.558229777,-0.000000000,0.000000000
24.554988703,J2,-1.516994669,0.000000000,0.391390715
24.554988703,J3,0.220659676,0.000000000,-0.314010223
24.564904680,J1,-1.558229777,-0.000000000,0.000000000
24.564904680,J2,-1.516994669,0.000000000,0.391390715
24.564904680,J3,0.220659676,0.000000000,-0.314010223
24.574905727,J1,-1.558229777,-0.000000000,0.000000000
24.574905727,J2,-1.516994669,0.000000000,0.391390715
24.574905727,J3,0.220659676,0.000000000,-0.314010223
24.584914246,J1,-1.558229777,-0.000000000,0.000000000
24.584914246,J2,-1.516994669,0.000000000,0.391390715
24.584914246,J3,0.220659676,0.000000000,-0.314010223
24.594934010,J1,-1.558229777,-0.000000000,0.000000000
24.594934010,J2,-1.516994669,0.000000000,0.391390715
24.594934010,J3,0.220659676,0.000000000,-0.314010223
24.604921577,J1,-1.558229777,-0.000000000,0.000000000
24.604921577,J2,-1.516994669,0.000000000,0.391390715
24.604921577,J3,0.220659676,0.000000000,-0.314010223
24.614870240,J1,-1.558229777,-0.000000000,0.000000000
24.614870240,J2,-1.516994669,0.000000000,0.391390715
24.614870240,J3,0.220659676,0.000000000,-0.314010223
24.624857108,J1,-1.558229777,-0.000000000,0.000000000
24.624857108,J2,-1.516994669,0.000000000,0.391390715
24.624857108,J3,0.220659676,0.000000000,-0.314010223
24.634877222,J1,-1.558229777,-0.000000000,0.000000000
24.634877222,J2,-1.516994669,0.000000000,0.391390715
24.634877222,J3,0.220659676,0.000000000,-0.314010223
24.644904739,J1,-1.558229777,-0.000000000,0.000000000
24.644904739,J2,-1.516994669,0.000000000,0.391390715
24.644904739,J3,0.220659676,0.000000000,-0.314010223
24.654953348,J1,-1.558229777,-0.000000000,0.000000000
24.654953348,J2,-1.516994669,0.000000000,0.391390715
24.654953348,J3,0.220659676,0.000000000,-0.314010223
24.664928133,J1,-1.558229777,-0.000000000,0.000000000
24.664928133,J2,-1.516994669,0.000000000,0.391390715
24.664928133,J3,0.220659676,0.000000000,-0.314010223
24.674922893,J1,-1.558229777,-0.000000000,0.000000000
24.674922893,J2,-1.516994669,0.000000000,0.391390715
24.674922893,J3,0.220659676,0.000000000,-0.314010223
24.684900612,J1,-1.558229777,-0.000000000,0.000000000
24.684900612,J2,-1.516994669,0.000000000,0.391390715
24.684900612,J3,0.220659676,0.000000000,-0.314010223
24.694888737,J1,-1.558229777,-0.000000000,0.000000000
24.694888737,J2,-1.516994669,0.000000000,0.391390715
24.694888737,J3,0.220659676,0.000000000,-0.314010223
24.704877631,J1,-1.558229777,-0.000000000,0.000000000
24.704877631,J2,-1.516994669,0.000000000,0.391390715
24.704877631,J3,0.220659676,0.000000000,-0.314010223
24.714853952,J1,-1.558229777,-0.000000000,0.000000000
24.714853952,J2,-1.516994669,0.000000000,0.391390715
24.714853952,J3,0.220659676,0.000000000,-0.314010223
24.724907171,J1,-1.558229777,-0.000000000,0.000000000
24.724907171,J2,-1.516994669,0.000000000,0.391390715
24.724907171,J3,0.220659676,0.000000000,-0.314010223
24.734889430,J1,-1.558229777,-0.000000000,0.000000000
24.734889430,J2,-1.516994669,0.000000000,0.391390715
24.734889430,J3,0.220659676,0.000000000,-0.314010223
24.744972123,J1,-1.558229777,-0.000000000,0.000000000
24.744972123,J2,-1.516994669,0.000000000,0.391390715
24.744972123,J3,0.220659676,0.000000000,-0.314010223
24.754951098,J1,-1.558229777,-0.000000000,0.000000000
24.754951098,J2,-1.516994669,0.000000000,0.391390715
24.754951098,J3,0.220659676,0.000000000,-0.314010223
24.764949281,J1,-1.558229777,-0.000000000,0.000000000
24.764949281,J2,-1.516994669,0.000000000,0.391390715
24.764949281,J3,0.220659676,0.000000000,-0.314010223
24.774981198,J1,-1.558229777,-0.000000000,0.000000000
24.774981198,J2,-1.516994669,0.000000000,0.391390715
24.774981198,J3,0.220659676,0.000000000,-0.314010223
24.785110546,J1,-1.558229777,-0.000000000,0.000000000
24.785110546,J2,-1.516994669,0.000000000,0.391390715
24.785110546,J3,0.220659676,0.000000000,-0.314010223
24.794952769,J1,-1.558229777,-0.000000000,0.000000000
24.794952769,J2,-1.516994669,0.000000000,0.391390715
24.794952769,J3,0.220659676,0.000000000,-0.314010223
24.804946342,J1,-1.558229777,-0.000000000,0.000000000
24.804946342,J2,-1.516994669,0.000000000,0.391390715
24.804946342,J3,0.220659676,0.000000000,-0.314010223
24.814871189,J1,-1.558229777,-0.000000000,0.000000000
24.814871189,J2,-1.516994669,0.000000000,0.391390715
24.814871189,J3,0.220659676,0.000000000,-0.314010223
24.824942847,J1,-1.558229777,-0.000000000,0.000000000
24.824942847,J2,-1.516994669,0.000000000,0.391390715
24.824942847,J3,0.220659676,0.000000000,-0.314010223
24.835081344,J1,-1.558229777,-0.000000000,0.000000000
24.835081344,J2,-1.516994669,0.000000000,0.391390715
24.835081344,J3,0.220659676,0.000000000,-0.314010223
24.844923776,J1,-1.558229777,-0.000000000,0.000000000
24.844923776,J2,-1.516994669,0.000000000,0.391390715
24.844923776,J3,0.220659676,0.000000000,-0.314010223
24.854895419,J1,-1.558229777,-0.000000000,0.000000000
24.854895419,J2,-1.516994669,0.000000000,0.391390715
24.854895419,J3,0.220659676,0.000000000,-0.314010223
24.864877677,J1,-1.558229777,-0.000000000,0.000000000
24.864877677,J2,-1.516994669,0.000000000,0.391390715
24.864877677,J3,0.220659676,0.000000000,-0.314010223
24.874918883,J1,-1.558229777,-0.000000000,0.000000000
24.874918883,J2,-1.516994669,0.000000000,0.391390715
24.874918883,J3,0.220659676,0.000000000,-0.314010223
24.884918044,J1,-1.558229777,-0.000000000,0.000000000
24.884918044,J2,-1.516994669,0.000000000,0.391390715
24.884918044,J3,0.220659676,0.000000000,-0.314010223
24.894894226,J1,-1.558229777,-0.000000000,0.000000000
24.894894226,J2,-1.516994669,0.000000000,0.391390715
24.894894226,J3,0.220659676,0.000000000,-0.314010223
24.904988163,J1,-1.558229777,-0.000000000,0.000000000
24.904988163,J2,-1.516994669,0.000000000,0.391390715
24.904988163,J3,0.220659676,0.000000000,-0.314010223
24.914907632,J1,-1.558229777,-0.000000000,0.000000000
24.914907632,J2,-1.516994669,0.000000000,0.391390715
24.914907632,J3,0.220659676,0.000000000,-0.314010223
24.924929003,J1,-1.558229777,-0.000000000,0.000000000
24.924929003,J2,-1.516994669,0.000000000,0.391390715
24.924929003,J3,0.220659676,0.000000000,-0.314010223
24.934895477,J1,-1.558229777,-0.000000000,0.000000000
24.934895477,J2,-1.516994669,0.000000000,0.391390715
24.934895477,J3,0.220659676,0.000000000,-0.314010223
24.945942843,J1,-1.558229777,-0.000000000,0.000000000
24.945942843,J2,-1.516994669,0.000000000,0.391390715
24.945942843,J3,0.220659676,0.000000000,-0.314010223
24.956038806,J1,-1.558229777,-0.000000000,0.000000000
24.956038806,J2,-1.516994669,0.000000000,0.391390715
24.956038806,J3,0.220659676,0.000000000,-0.314010223
24.965942421,J1,-1.558229777,-0.000000000,0.000000000
24.965942421,J2,-1.516994669,0.000000000,0.391390715
24.965942421,J3,0.220659676,0.000000000,-0.314010223
24.975961836,J1,-1.558229777,-0.000000000,0.000000000
24.975961836,J2,-1.516994669,0.000000000,0.391390715
24.975961836,J3,0.220659676,0.000000000,-0.314010223
24.985946748,J1,-1.558229777,-0.000000000,0.000000000
24.985946748,J2,-1.516994669,0.000000000,0.391390715
24.985946748,J3,0.220659676,0.000000000,-0.314010223
24.995950169,J1,-1.558229777,-0.000000000,0.000000000
24.995950169,J2,-1.516994669,0.000000000,0.391390715
24.995950169,J3,0.220659676,0.000000000,-0.314010223
25.006005693,J1,-1.558229777,-0.000000000,0.000000000
25.006005693,J2,-1.516994669,0.000000000,0.391390715
25.006005693,J3,0.220659676,0.000000000,-0.314010223
25.015999406,J1,-1.558229777,-0.000000000,0.000000000
25.015999406,J2,-1.516994669,0.000000000,0.391390715
25.015999406,J3,0.220659676,0.000000000,-0.314010223
25.025990953,J1,-1.558229777,-0.000000000,0.000000000
25.025990953,J2,-1.516994669,0.000000000,0.391390715
25.025990953,J3,0.220659676,0.000000000,-0.314010223
25.035916289,J1,-1.558229777,-0.000000000,0.000000000
25.035916289,J2,-1.516994669,0.000000000,0.391390715
25.035916289,J3,0.220659676,0.000000000,-0.314010223
25.045965108,J1,-1.558229777,-0.000000000,0.000000000
25.045965108,J2,-1.516994669,0.000000000,0.391390715
25.045965108,J3,0.220659676,0.000000000,-0.314010223
25.056055554,J1,-1.558229777,-0.000000000,0.000000000
25.056055554,J2,-1.516994669,0.000000000,0.391390715
25.056055554,J3,0.220659676,0.000000000,-0.314010223
25.066081394,J1,-1.558229777,-0.000000000,0.000000000
25.066081394,J2,-1.516994669,0.000000000,0.391390715
25.066081394,J3,0.220659676,0.000000000,-0.314010223
25.076005403,J1,-1.558229777,-0.000000000,0.000000000
25.076005403,J2,-1.516994669,0.000000000,0.391390715
25.076005403,J3,0.220659676,0.000000000,-0.314010223
25.086139361,J1,-1.558229777,-0.000000000,0.000000000
25.086139361,J2,-1.516994669,0.000000000,0.391390715
25.086139361,J3,0.220659676,0.000000000,-0.314010223
25.095955113,J1,-1.558229777,-0.000000000,0.000000000
25.095955113,J2,-1.516994669,0.000000000,0.391390715
25.095955113,J3,0.220659676,0.000000000,-0.314010223
25.105988637,J1,-1.558229777,-0.000000000,0.000000000
25.105988637,J2,-1.516994669,0.000000000,0.391390715
25.105988637,J3,0.220659676,0.000000000,-0.314010223
25.115947986,J1,-1.558229777,-0.000000000,0.000000000
25.115947986,J2,-1.516994669,0.000000000,0.391390715
25.115947986,J3,0.220659676,0.000000000,-0.314010223
25.126011263,J1,-1.558229777,-0.000000000,0.000000000
25.126011263,J2,-1.516994669,0.000000000,0.391390715
25.126011263,J3,0.220659676,0.000000000,-0.314010223
25.136258296,J1,-1.558229777,-0.000000000,0.000000000
25.136258296,J2,-1.516994669,0.000000000,0.391390715
25.136258296,J3,0.220659676,0.000000000,-0.314010223
25.146064760,J1,-1.558229777,-0.000000000,0.000000000
25.146064760,J2,-1.516994669,0.000000000,0.391390715
25.146064760,J3,0.220659676,0.000000000,-0.314010223
25.155984089,J1,-1.558229777,-0.000000000,0.000000000
25.155984089,J2,-1.516994669,0.000000000,0.391390715
25.155984089,J3,0.220659676,0.000000000,-0.314010223
25.166066573,J1,-1.558229777,-0.000000000,0.000000000
25.166066573,J2,-1.516994669,0.000000000,0.391390715
25.166066573,J3,0.220659676,0.000000000,-0.314010223
25.176038005,J1,-1.558229777,-0.000000000,0.000000000
25.176038005,J2,-1.516994669,0.000000000,0.391390715
25.176038005,J3,0.220659676,0.000000000,-0.314010223
25.186026550,J1,-1.558229777,-0.000000000,0.000000000
25.186026550,J2,-1.516994669,0.000000000,0.391390715
25.186026550,J3,0.220659676,0.000000000,-0.314010223
25.195989112,J1,-1.558229777,-0.000000000,0.000000000
25.195989112,J2,-1.516994669,0.000000000,0.391390715
25.195989112,J3,0.220659676,0.000000000,-0.314010223
25.206038211,J1,-1.558229777,-0.000000000,0.000000000
25.206038211,J2,-1.516994669,0.000000000,0.391390715
25.206038211,J3,0.220659676,0.000000000,-0.314010223
25.216013485,J1,-1.558229777,-0.000000000,0.000000000
25.216013485,J2,-1.516994669,0.000000000,0.391390715
25.216013485,J3,0.220659676,0.000000000,-0.314010223
25.226023052,J1,-1.558229777,-0.000000000,0.000000000
25.226023052,J2,-1.516994669,0.000000000,0.391390715
25.226023052,J3,0.220659676,0.000000000,-0.314010223
25.236246059,J1,-1.558229777,-0.000000000,0.000000000
25.236246059,J2,-1.516994669,0.000000000,0.391390715
25.236246059,J3,0.220659676,0.000000000,-0.314010223
25.246003632,J1,-1.558229777,-0.000000000,0.000000000
25.246003632,J2,-1.516994669,0.000000000,0.391390715
25.246003632,J3,0.220659676,0.000000000,-0.314010223
25.256046654,J1,-1.558229777,-0.000000000,0.000000000
25.256046654,J2,-1.516994669,0.000000000,0.391390715
25.256046654,J3,0.220659676,0.000000000,-0.314010223
25.266004677,J1,-1.558229777,-0.000000000,0.000000000
25.266004677,J2,-1.516994669,0.000000000,0.391390715
25.266004677,J3,0.220659676,0.000000000,-0.314010223
25.276084087,J1,-1.558229777,-0.000000000,0.000000000
25.276084087,J2,-1.516994669,0.000000000,0.391390715
25.276084087,J3,0.220659676,0.000000000,-0.314010223
25.286075495,J1,-1.558229777,-0.000000000,0.000000000
25.286075495,J2,-1.516994669,0.000000000,0.391390715
25.286075495,J3,0.220659676,0.000000000,-0.314010223
25.296066973,J1,-1.558229777,-0.000000000,0.000000000
25.296066973,J2,-1.516994669,0.000000000,0.391390715
25.296066973,J3,0.220659676,0.000000000,-0.314010223
25.306090718,J1,-1.558229777,-0.000000000,0.000000000
25.306090718,J2,-1.516994669,0.000000000,0.391390715
25.306090718,J3,0.220659676,0.000000000,-0.314010223
25.316049439,J1,-1.558229777,-0.000000000,0.000000000
25.316049439,J2,-1.516994669,0.000000000,0.391390715
25.316049439,J3,0.220659676,0.000000000,-0.314010223
25.326121935,J1,-1.558229777,-0.000000000,0.000000000
25.326121935,J2,-1.516994669,0.000000000,0.391390715
25.326121935,J3,0.220659676,0.000000000,-0.314010223
25.336011651,J1,-1.558229777,-0.000000000,0.000000000
25.336011651,J2,-1.516994669,0.000000000,0.391390715
25.336011651,J3,0.220659676,0.000000000,-0.314010223
25.346010462,J1,-1.558229777,-0.000000000,0.000000000
25.346010462,J2,-1.516994669,0.000000000,0.391390715
25.346010462,J3,0.220659676,0.000000000,-0.314010223
25.356087219,J1,-1.558229777,-0.000000000,0.000000000
25.356087219,J2,-1.516994669,0.000000000,0.391390715
25.356087219,J3,0.220659676,0.000000000,-0.314010223
25.366033368,J1,-1.558229777,-0.000000000,0.000000000
25.366033368,J2,-1.516994669,0.000000000,0.391390715
25.366033368,J3,0.220659676,0.000000000,-0.314010223
25.376006756,J1,-1.558229777,-0.000000000,0.000000000
25.376006756,J2,-1.516994669,0.000000000,0.391390715
25.376006756,J3,0.220659676,0.000000000,-0.314010223
25.386147070,J1,-1.558229777,-0.000000000,0.000000000
25.386147070,J2,-1.516994669,0.000000000,0.391390715
25.386147070,J3,0.220659676,0.000000000,-0.314010223
25.395967222,J1,-1.558229777,-0.000000000,0.000000000
25.395967222,J2,-1.516994669,0.000000000,0.391390715
25.395967222,J3,0.220659676,0.000000000,-0.314010223
25.405992085,J1,-1.558229777,-0.000000000,0.000000000
25.405992085,J2,-1.516994669,0.000000000,0.391390715
25.405992085,J3,0.220659676,0.000000000,-0.314010223
25.415983982,J1,-1.558229777,-0.000000000,0.000000000
25.415983982,J2,-1.516994669,0.000000000,0.391390715
25.415983982,J3,0.220659676,0.000000000,-0.314010223
25.425999416,J1,-1.558229777,-0.000000000,0.000000000
25.425999416,J2,-1.516994669,0.000000000,0.391390715
25.425999416,J3,0.220659676,0.000000000,-0.314010223
25.436075264,J1,-1.558229777,-0.000000000,0.000000000
25.436075264,J2,-1.516994669,0.000000000,0.391390715
25.436075264,J3,0.220659676,0.000000000,-0.314010223
25.445933342,J1,-1.558229777,-0.000000000,0.000000000
25.445933342,J2,-1.516994669,0.000000000,0.391390715
25.445933342,J3,0.220659676,0.000000000,-0.314010223
25.455964560,J1,-1.558229777,-0.000000000,0.000000000
25.455964560,J2,-1.516994669,0.000000000,0.391390715
25.455964560,J3,0.220659676,0.000000000,-0.314010223
25.465942209,J1,-1.558229777,-0.000000000,0.000000000
25.465942209,J2,-1.516994669,0.000000000,0.391390715
25.465942209,J3,0.220659676,0.000000000,-0.314010223
25.475970564,J1,-1.558229777,-0.000000000,0.000000000
25.475970564,J2,-1.516994669,0.000000000,0.391390715
25.475970564,J3,0.220659676,0.000000000,-0.314010223
25.486070439,J1,-1.558229777,-0.000000000,0.000000000
25.486070439,J2,-1.516994669,0.000000000,0.391390715
25.486070439,J3,0.220659676,0.000000000,-0.314010223
25.496096908,J1,-1.558229777,-0.000000000,0.000000000
25.496096908,J2,-1.516994669,0.000000000,0.391390715
25.496096908,J3,0.220659676,0.000000000,-0.314010223
25.505952122,J1,-1.558229777,-0.000000000,0.000000000
25.505952122,J2,-1.516994669,0.000000000,0.391390715
25.505952122,J3,0.220659676,0.000000000,-0.314010223
25.515970419,J1,-1.558229777,-0.000000000,0.000000000
25.515970419,J2,-1.516994669,0.000000000,0.391390715
25.515970419,J3,0.220659676,0.000000000,-0.314010223
25.525994654,J1,-1.558229777,-0.000000000,0.000000000
25.525994654,J2,-1.516994669,0.000000000,0.391390715
25.525994654,J3,0.220659676,0.000000000,-0.314010223
25.535967413,J1,-1.558229777,-0.000000000,0.000000000
25.535967413,J2,-1.516994669,0.000000000,0.391390715
25.535967413,J3,0.220659676,0.000000000,-0.314010223
25.545957983,J1,-1.558229777,-0.000000000,0.000000000
25.545957983,J2,-1.516994669,0.000000000,0.391390715
25.545957983,J3,0.220659676,0.000000000,-0.314010223
25.556022796,J1,-1.558229777,-0.000000000,0.000000000
25.556022796,J2,-1.516994669,0.000000000,0.391390715
25.556022796,J3,0.220659676,0.000000000,-0.314010223
25.565960495,J1,-1.558229777,-0.000000000,0.000000000
25.565960495,J2,-1.516994669,0.000000000,0.391390715
25.565960495,J3,0.220659676,0.000000000,-0.314010223
25.576068541,J1,-1.558229777,-0.000000000,0.000000000
25.576068541,J2,-1.516994669,0.000000000,0.391390715
25.576068541,J3,0.220659676,0.000000000,-0.314010223
25.585968245,J1,-1.558229777,-0.000000000,0.000000000
25.585968245,J2,-1.516994669,0.000000000,0.391390715
25.585968245,J3,0.220659676,0.000000000,-0.314010223
25.595989895,J1,-1.558229777,-0.000000000,0.000000000
25.595989895,J2,-1.516994669,0.000000000,0.391390715
25.595989895,J3,0.220659676,0.000000000,-0.314010223
25.606001767,J1,-1.558229777,-0.000000000,0.000000000
25.606001767,J2,-1.516994669,0.000000000,0.391390715
25.606001767,J3,0.220659676,0.000000000,-0.314010223
25.616011544,J1,-1.558229777,-0.000000000,0.000000000
25.616011544,J2,-1.516994669,0.000000000,0.391390715
25.616011544,J3,0.220659676,0.000000000,-0.314010223
25.625975014,J1,-1.558229777,-0.000000000,0.000000000
25.625975014,J2,-1.516994669,0.000000000,0.391390715
25.625975014,J3,0.220659676,0.000000000,-0.314010223
25.636032215,J1,-1.558229777,-0.000000000,0.000000000
25.636032215,J2,-1.516994669,0.000000000,0.391390715
25.636032215,J3,0.220659676,0.000000000,-0.314010223
25.645973824,J1,-1.558229777,-0.000000000,0.000000000
25.645973824,J2,-1.516994669,0.000000000,0.391390715
25.645973824,J3,0.220659676,0.000000000,-0.314010223
25.656036403,J1,-1.558229777,-0.000000000,0.000000000
25.656036403,J2,-1.516994669,0.000000000,0.391390715
25.656036403,J3,0.220659676,0.000000000,-0.314010223
25.665911452,J1,-1.558229777,-0.000000000,0.000000000
25.665911452,J2,-1.516994669,0.000000000,0.391390715
25.665911452,J3,0.220659676,0.000000000,-0.314010223
25.675971166,J1,-1.558229777,-0.000000000,0.000000000
25.675971166,J2,-1.516994669,0.000000000,0.391390715
25.675971166,J3,0.220659676,0.000000000,-0.314010223
25.685976962,J1,-1.558229777,-0.000000000,0.000000000
25.685976962,J2,-1.516994669,0.000000000,0.391390715
25.685976962,J3,0.220659676,0.000000000,-0.314010223
25.695935753,J1,-1.558229777,-0.000000000,0.000000000
25.695935753,J2,-1.516994669,0.000000000,0.391390715
25.695935753,J3,0.220659676,0.000000000,-0.314010223
25.706094994,J1,-1.558229777,-0.000000000,0.000000000
25.706094994,J2,-1.516994669,0.000000000,0.391390715
25.706094994,J3,0.220659676,0.000000000,-0.314010223
25.715940430,J1,-1.558229777,-0.000000000,0.000000000
25.715940430,J2,-1.516994669,0.000000000,0.391390715
25.715940430,J3,0.220659676,0.000000000,-0.314010223
25.725994418,J1,-1.558229777,-0.000000000,0.000000000
25.725994418,J2,-1.516994669,0.000000000,0.391390715
25.725994418,J3,0.220659676,0.000000000,-0.314010223
25.736005452,J1,-1.558229777,-0.000000000,0.000000000
25.736005452,J2,-1.516994669,0.000000000,0.391390715
25.736005452,J3,0.220659676,0.000000000,-0.314010223
25.746001679,J1,-1.558229777,-0.000000000,0.000000000
25.746001679,J2,-1.516994669,0.000000000,0.391390715
25.746001679,J3,0.220659676,0.000000000,-0.314010223
25.756051755,J1,-1.558229777,-0.000000000,0.000000000
25.756051755,J2,-1.516994669,0.000000000,0.391390715
25.756051755,J3,0.220659676,0.000000000,-0.314010223
25.766117336,J1,-1.558229777,-0.000000000,0.000000000
25.766117336,J2,-1.516994669,0.000000000,0.391390715
25.766117336,J3,0.220659676,0.000000000,-0.314010223
25.776053289,J1,-1.558229777,-0.000000000,0.000000000
25.776053289,J2,-1.516994669,0.000000000,0.391390715
25.776053289,J3,0.220659676,0.000000000,-0.314010223
25.786151347,J1,-1.558229777,-0.000000000,0.000000000
25.786151347,J2,-1.516994669,0.000000000,0.391390715
25.786151347,J3,0.220659676,0.000000000,-0.314010223
25.795977157,J1,-1.558229777,-0.000000000,0.000000000
25.795977157,J2,-1.516994669,0.000000000,0.391390715
25.795977157,J3,0.220659676,0.000000000,-0.314010223
25.806000344,J1,-1.558229777,-0.000000000,0.000000000
25.806000344,J2,-1.516994669,0.000000000,0.391390715
25.806000344,J3,0.220659676,0.000000000,-0.314010223
25.815966189,J1,-1.558229777,-0.000000000,0.000000000
25.815966189,J2,-1.516994669,0.000000000,0.391390715
25.815966189,J3,0.220659676,0.000000000,-0.314010223
25.825977153,J1,-1.558229777,-0.000000000,0.000000000
25.825977153,J2,-1.516994669,0.000000000,0.391390715
25.825977153,J3,0.220659676,0.000000000,-0.314010223
25.835947399,J1,-1.558229777,-0.000000000,0.000000000
25.835947399,J2,-1.516994669,0.000000000,0.391390715
25.835947399,J3,0.220659676,0.000000000,-0.314010223
25.845964998,J1,-1.558229777,-0.000000000,0.000000000
25.845964998,J2,-1.516994669,0.000000000,0.391390715
25.845964998,J3,0.220659676,0.000000000,-0.314010223
25.855964577,J1,-1.558229777,-0.000000000,0.000000000
25.855964577,J2,-1.516994669,0.000000000,0.391390715
25.855964577,J3,0.220659676,0.000000000,-0.314010223
25.865970862,J1,-1.558229777,-0.000000000,0.000000000
25.865970862,J2,-1.516994669,0.000000000,0.391390715
25.865970862,J3,0.220659676,0.000000000,-0.314010223
25.875983293,J1,-1.558229777,-0.000000000,0.000000000
25.875983293,J2,-1.516994669,0.000000000,0.391390715
25.875983293,J3,0.220659676,0.000000000,-0.314010223
25.886003686,J1,-1.558229777,-0.000000000,0.000000000
25.886003686,J2,-1.516994669,0.000000000,0.391390715
25.886003686,J3,0.220659676,0.000000000,-0.314010223
25.896008783,J1,-1.558229777,-0.000000000,0.000000000
25.896008783,J2,-1.516994669,0.000000000,0.391390715
25.896008783,J3,0.220659676,0.000000000,-0.314010223
25.905973860,J1,-1.558229777,-0.000000000,0.000000000
25.905973860,J2,-1.516994669,0.000000000,0.391390715
25.905973860,J3,0.220659676,0.000000000,-0.314010223
25.915933000,J1,-1.558229777,-0.000000000,0.000000000
25.915933000,J2,-1.516994669,0.000000000,0.391390715
25.915933000,J3,0.220659676,0.000000000,-0.314010223
25.925984473,J1,-1.558229777,-0.000000000,0.000000000
25.925984473,J2,-1.516994669,0.000000000,0.391390715
25.925984473,J3,0.220659676,0.000000000,-0.314010223
25.936058087,J1,-1.558229777,-0.000000000,0.000000000
25.936058087,J2,-1.516994669,0.000000000,0.391390715
25.936058087,J3,0.220659676,0.000000000,-0.314010223
25.945945359,J1,-1.558229777,-0.000000000,0.000000000
25.945945359,J2,-1.516994669,0.000000000,0.391390715
25.945945359,J3,0.220659676,0.000000000,-0.314010223
25.955968755,J1,-1.558229777,-0.000000000,0.000000000
25.955968755,J2,-1.516994669,0.000000000,0.391390715
25.955968755,J3,0.220659676,0.000000000,-0.314010223
25.965940746,J1,-1.558229777,-0.000000000,0.000000000
25.965940746,J2,-1.516994669,0.000000000,0.391390715
25.965940746,J3,0.220659676,0.000000000,-0.314010223
25.975956460,J1,-1.558229777,-0.000000000,0.000000000
25.975956460,J2,-1.516994669,0.000000000,0.391390715
25.975956460,J3,0.220659676,0.000000000,-0.314010223
25.986052563,J1,-1.558229777,-0.000000000,0.000000000
25.986052563,J2,-1.516994669,0.000000000,0.391390715
25.986052563,J3,0.220659676,0.000000000,-0.314010223
25.996078822,J1,-1.558229777,-0.000000000,0.000000000
25.996078822,J2,-1.516994669,0.000000000,0.391390715
25.996078822,J3,0.220659676,0.000000000,-0.314010223
26.005966443,J1,-1.558229777,-0.000000000,0.000000000
26.005966443,J2,-1.516994669,0.000000000,0.391390715
26.005966443,J3,0.220659676,0.000000000,-0.314010223
26.015953032,J1,-1.558229777,-0.000000000,0.000000000
26.015953032,J2,-1.516994669,0.000000000,0.391390715
26.015953032,J3,0.220659676,0.000000000,-0.314010223
26.025943043,J1,-1.558229777,-0.000000000,0.000000000
26.025943043,J2,-1.516994669,0.000000000,0.391390715
26.025943043,J3,0.220659676,0.000000000,-0.314010223
26.036023292,J1,-1.558229777,-0.000000000,0.000000000
26.036023292,J2,-1.516994669,0.000000000,0.391390715
26.036023292,J3,0.220659676,0.000000000,-0.314010223
26.045958965,J1,-1.558229777,-0.000000000,0.000000000
26.045958965,J2,-1.516994669,0.000000000,0.391390715
26.045958965,J3,0.220659676,0.000000000,-0.314010223
26.056009530,J1,-1.558229777,-0.000000000,0.000000000
26.056009530,J2,-1.516994669,0.000000000,0.391390715
26.056009530,J3,0.220659676,0.000000000,-0.314010223
26.065928581,J1,-1.558229777,-0.000000000,0.000000000
26.065928581,J2,-1.516994669,0.000000000,0.391390715
26.065928581,J3,0.220659676,0.000000000,-0.314010223
26.075957634,J1,-1.558229777,-0.000000000,0.000000000
26.075957634,J2,-1.516994669,0.000000000,0.391390715
26.075957634,J3,0.220659676,0.000000000,-0.314010223
26.086035158,J1,-1.558229777,-0.000000000,0.000000000
26.086035158,J2,-1.516994669,0.000000000,0.391390715
26.086035158,J3,0.220659676,0.000000000,-0.314010223
26.096008826,J1,-1.558229777,-0.000000000,0.000000000
26.096008826,J2,-1.516994669,0.000000000,0.391390715
26.096008826,J3,0.220659676,0.000000000,-0.314010223
26.105966081,J1,-1.558229777,-0.000000000,0.000000000
26.105966081,J2,-1.516994669,0.000000000,0.391390715
26.105966081,J3,0.220659676,0.000000000,-0.314010223
26.115951762,J1,-1.558229777,-0.000000000,0.000000000
26.115951762,J2,-1.516994669,0.000000000,0.391390715
26.115951762,J3,0.220659676,0.000000000,-0.314010223
26.126074545,J1,-1.558229777,-0.000000000,0.000000000
26.126074545,J2,-1.516994669,0.000000000,0.391390715
26.126074545,J3,0.220659676,0.000000000,-0.314010223
26.135979557,J1,-1.558229777,-0.000000000,0.000000000
26.135979557,J2,-1.516994669,0.000000000,0.391390715
26.135979557,J3,0.220659676,0.000000000,-0.314010223
26.145953155,J1,-1.558229777,-0.000000000,0.000000000
26.145953155,J2,-1.516994669,0.000000000,0.391390715
26.145953155,J3,0.220659676,0.000000000,-0.314010223
26.156011123,J1,-1.558229777,-0.000000000,0.000000000
26.156011123,J2,-1.516994669,0.000000000,0.391390715
26.156011123,J3,0.220659676,0.000000000,-0.314010223
26.166003928,J1,-1.558229777,-0.000000000,0.000000000
26.166003928,J2,-1.516994669,0.000000000,0.391390715
26.166003928,J3,0.220659676,0.000000000,-0.314010223
26.176004485,J1,-1.558229777,-0.000000000,0.000000000
26.176004485,J2,-1.516994669,0.000000000,0.391390715
26.176004485,J3,0.220659676,0.000000000,-0.314010223
26.185953499,J1,-1.558229777,-0.000000000,0.000000000
26.185953499,J2,-1.516994669,0.000000000,0.391390715
26.185953499,J3,0.220659676,0.000000000,-0.314010223
26.195964463,J1,-1.558229777,-0.000000000,0.000000000
26.195964463,J2,-1.516994669,0.000000000,0.391390715
26.195964463,J3,0.220659676,0.000000000,-0.314010223
26.206058540,J1,-1.558229777,-0.000000000,0.000000000
26.206058540,J2,-1.516994669,0.000000000,0.391390715
26.206058540,J3,0.220659676,0.000000000,-0.314010223
26.215985762,J1,-1.558229777,-0.000000000,0.000000000
26.215985762,J2,-1.516994669,0.000000000,0.391390715
26.215985762,J3,0.220659676,0.000000000,-0.314010223
26.225986599,J1,-1.558229777,-0.000000000,0.000000000
26.225986599,J2,-1.516994669,0.000000000,0.391390715
26.225986599,J3,0.220659676,0.000000000,-0.314010223
26.236053158,J1,-1.558229777,-0.000000000,0.000000000
26.236053158,J2,-1.516994669,0.000000000,0.391390715
26.236053158,J3,0.220659676,0.000000000,-0.314010223
26.245960475,J1,-1.558229777,-0.000000000,0.000000000
26.245960475,J2,-1.516994669,0.000000000,0.391390715
26.245960475,J3,0.220659676,0.000000000,-0.314010223
26.256032692,J1,-1.558229777,-0.000000000,0.000000000
26.256032692,J2,-1.516994669,0.000000000,0.391390715
26.256032692,J3,0.220659676,0.000000000,-0.314010223
26.265984498,J1,-1.558229777,-0.000000000,0.000000000
26.265984498,J2,-1.516994669,0.000000000,0.391390715
26.265984498,J3,0.220659676,0.000000000,-0.314010223
26.276013272,J1,-1.558229777,-0.000000000,0.000000000
26.276013272,J2,-1.516994669,0.000000000,0.391390715
26.276013272,J3,0.220659676,0.000000000,-0.314010223
26.285962565,J1,-1.558229777,-0.000000000,0.000000000
26.285962565,J2,-1.516994669,0.000000000,0.391390715
26.285962565,J3,0.220659676,0.000000000,-0.314010223
26.296020394,J1,-1.558229777,-0.000000000,0.000000000
26.296020394,J2,-1.516994669,0.000000000,0.391390715
26.296020394,J3,0.220659676,0.000000000,-0.314010223
26.306057060,J1,-1.558229777,-0.000000000,0.000000000
26.306057060,J2,-1.516994669,0.000000000,0.391390715
26.306057060,J3,0.220659676,0.000000000,-0.314010223
26.315968917,J1,-1.558229777,-0.000000000,0.000000000
26.315968917,J2,-1.516994669,0.000000000,0.391390715
26.315968917,J3,0.220659676,0.000000000,-0.314010223
26.325957601,J1,-1.558229777,-0.000000000,0.000000000
26.325957601,J2,-1.516994669,0.000000000,0.391390715
26.325957601,J3,0.220659676,0.000000000,-0.314010223
26.335984350,J1,-1.558229777,-0.000000000,0.000000000
26.335984350,J2,-1.516994669,0.000000000,0.391390715
26.335984350,J3,0.220659676,0.000000000,-0.314010223
26.345951662,J1,-1.558229777,-0.000000000,0.000000000
26.345951662,J2,-1.516994669,0.000000000,0.391390715
26.345951662,J3,0.220659676,0.000000000,-0.314010223
26.356034564,J1,-1.558229777,-0.000000000,0.000000000
26.356034564,J2,-1.516994669,0.000000000,0.391390715
26.356034564,J3,0.220659676,0.000000000,-0.314010223
26.365948795,J1,-1.558229777,-0.000000000,0.000000000
26.365948795,J2,-1.516994669,0.000000000,0.391390715
26.365948795,J3,0.220659676,0.000000000,-0.314010223
26.375991329,J1,-1.558229777,-0.000000000,0.000000000
26.375991329,J2,-1.516994669,0.000000000,0.391390715
26.375991329,J3,0.220659676,0.000000000,-0.314010223
26.385936081,J1,-1.558229777,-0.000000000,0.000000000
26.385936081,J2,-1.516994669,0.000000000,0.391390715
26.385936081,J3,0.220659676,0.000000000,-0.314010223
26.395988602,J1,-1.558229777,-0.000000000,0.000000000
26.395988602,J2,-1.516994669,0.000000000,0.391390715
26.395988602,J3,0.220659676,0.000000000,-0.314010223
