0,0,-0.029603,-1.639837,0.15
0.019674,0.002151,-0.027045,-1.643897,0.15
0.039349,0.004311,-0.024489,-1.647948,0.15
0.059023,0.006479,-0.021935,-1.651988,0.15
0.078697,0.008656,-0.019382,-1.656017,0.15
0.098372,0.010842,-0.016831,-1.660037,0.15
0.118046,0.013037,-0.014282,-1.664046,0.15
0.13772,0.01524,-0.011734,-1.668045,0.15
0.157394,0.017452,-0.009188,-1.672034,0.15
0.177069,0.019673,-0.006644,-1.676013,0.15
0.196743,0.021903,-0.0041,-1.679982,0.15
0.216417,0.024142,-0.001558,-1.683941,0.15
0.236092,0.02639,0.000983,-1.68789,0.15
0.255766,0.028646,0.003522,-1.69183,0.15
0.27544,0.030912,0.006061,-1.695759,0.15
0.295115,0.033187,0.008598,-1.699679,0.15
0.314789,0.03547,0.011134,-1.703589,0.15
0.334463,0.037763,0.01367,-1.70749,0.15
0.354137,0.040065,0.016204,-1.711381,0.15
0.373812,0.042376,0.018738,-1.715262,0.15
0.393486,0.044697,0.021271,-1.719134,0.15
0.41316,0.047026,0.023803,-1.722996,0.15
0.432835,0.049365,0.026335,-1.726849,0.15
0.452509,0.051713,0.028866,-1.730693,0.15
0.472183,0.054071,0.031397,-1.734527,0.15
0.491858,0.056437,0.033927,-1.738352,0.15
0.511532,0.058813,0.036457,-1.742167,0.15
0.531206,0.061199,0.038986,-1.745974,0.15
0.55088,0.063594,0.041515,-1.749771,0.15
0.570555,0.065998,0.044044,-1.753559,0.15
0.590229,0.068412,0.046573,-1.757338,0.15
0.609903,0.070835,0.049102,-1.761108,0.15
0.629578,0.073268,0.051631,-1.764868,0.15
0.649252,0.07571,0.05416,-1.76862,0.15
0.668926,0.078162,0.056689,-1.772363,0.15
0.688601,0.080624,0.059218,-1.776097,0.15
0.708275,0.083095,0.061748,-1.779822,0.15
0.727949,0.085576,0.064278,-1.783538,0.15
0.747624,0.088066,0.066808,-1.787245,0.15
0.767298,0.090567,0.069338,-1.790943,0.15
0.786972,0.093077,0.071869,-1.794632,0.15
0.806646,0.095596,0.074401,-1.798313,0.15
0.826321,0.098126,0.076933,-1.801985,0.15
0.845995,0.100665,0.079466,-1.805648,0.15
0.865669,0.103215,0.082,-1.809303,0.15
0.885344,0.105774,0.084535,-1.812949,0.15
0.905018,0.108343,0.08707,-1.816586,0.15
0.924692,0.110922,0.089606,-1.820215,0.15
0.944367,0.113511,0.092144,-1.823835,0.15
0.964041,0.116109,0.094682,-1.827446,0.15
0.983715,0.118718,0.097221,-1.831049,0.15
1.003389,0.121337,0.099762,-1.834643,0.15
1.023064,0.123966,0.102304,-1.838229,0.15
1.042738,0.126605,0.104847,-1.841807,0.15
1.062412,0.129254,0.107392,-1.845376,0.15
1.082087,0.131913,0.109938,-1.848936,0.15
1.101761,0.134582,0.112486,-1.852488,0.15
1.121435,0.137261,0.115035,-1.856032,0.15
1.14111,0.139951,0.117586,-1.859567,0.15
1.160784,0.14265,0.120138,-1.863094,0.15
1.180458,0.14536,0.122692,-1.866613,0.15
1.200132,0.14808,0.125248,-1.870123,0.15
1.219807,0.15081,0.127806,-1.873625,0.15
1.239481,0.153551,0.130366,-1.877119,0.15
1.259155,0.156301,0.132928,-1.880604,0.15
1.27883,0.159062,0.135492,-1.884082,0.15
1.298504,0.161834,0.138058,-1.887551,0.15
1.318178,0.164615,0.140627,-1.891011,0.15
1.337853,0.167407,0.143197,-1.894464,0.15
1.357527,0.170209,0.14577,-1.897908,0.15
1.377201,0.173022,0.148346,-1.901344,0.15
1.396875,0.175845,0.150923,-1.904772,0.15
1.41655,0.178678,0.153504,-1.908192,0.15
1.436224,0.181522,0.156087,-1.911603,0.15
1.455898,0.184376,0.158673,-1.915007,0.15
1.475573,0.18724,0.161261,-1.918402,0.15
1.495247,0.190115,0.163852,-1.921789,0.15
1.514921,0.193001,0.166446,-1.925168,0.15
1.534596,0.195896,0.169043,-1.928539,0.15
1.55427,0.198802,0.171643,-1.931902,0.15
1.573944,0.201719,0.174246,-1.935257,0.15
1.593619,0.204646,0.176853,-1.938603,0.15
1.613293,0.207584,0.179462,-1.941942,0.15
1.632967,0.210532,0.182075,-1.945272,0.15
1.652641,0.21349,0.184691,-1.948595,0.15
1.672316,0.216459,0.18731,-1.951909,0.15
1.69199,0.219439,0.189933,-1.955215,0.15
1.711664,0.222429,0.192559,-1.958514,0.15
1.731339,0.225429,0.195189,-1.961804,0.15
1.751013,0.22844,0.197823,-1.965086,0.15
1.770687,0.231461,0.200461,-1.96836,0.15
1.790362,0.234493,0.203102,-1.971626,0.15
1.810036,0.237536,0.205747,-1.974884,0.15
1.82971,0.240588,0.208396,-1.978134,0.15
1.849384,0.243652,0.211049,-1.981376,0.15
1.869059,0.246725,0.213706,-1.98461,0.15
1.888733,0.24981,0.216368,-1.987836,0.15
1.908407,0.252904,0.219033,-1.991053,0.15
1.928082,0.25601,0.221703,-1.994263,0.15
1.947756,0.259125,0.224377,-1.997465,0.15
1.96743,0.262251,0.227056,-2.000659,0.15
1.987105,0.265388,0.229739,-2.003844,0.15
2.006779,0.268535,0.232427,-2.007022,0.15
2.026453,0.271692,0.235119,-2.010191,0.15
2.046127,0.27486,0.237816,-2.013353,0.15
2.065802,0.278038,0.240518,-2.016506,0.15
2.085476,0.281227,0.243225,-2.019652,0.15
2.10515,0.284426,0.245937,-2.022789,0.15
2.124825,0.287635,0.248653,-2.025918,0.15
2.144499,0.290855,0.251375,-2.029039,0.15
2.164173,0.294085,0.254102,-2.032152,0.15
2.183848,0.297325,0.256834,-2.035257,0.15
2.203522,0.300576,0.259571,-2.038354,0.15
2.223196,0.303836,0.262314,-2.041443,0.15
2.242871,0.307107,0.265062,-2.044524,0.15
2.262545,0.310389,0.267815,-2.047596,0.15
2.282219,0.31368,0.270574,-2.05066,0.15
2.301893,0.316982,0.273339,-2.053717,0.15
2.321568,0.320294,0.27611,-2.056765,0.15
2.341242,0.323616,0.278886,-2.059805,0.15
2.360916,0.326948,0.281668,-2.062836,0.15
2.380591,0.33029,0.284456,-2.06586,0.15
2.400265,0.333642,0.28725,-2.068875,0.15
2.419939,0.337004,0.29005,-2.071882,0.15
2.439614,0.340377,0.292856,-2.074881,0.15
2.459288,0.343759,0.295668,-2.077872,0.15
2.478962,0.347151,0.298486,-2.080854,0.15
2.498636,0.350553,0.301311,-2.083828,0.15
2.518311,0.353964,0.304143,-2.086794,0.15
2.537985,0.357386,0.30698,-2.089752,0.15
2.557659,0.360817,0.309825,-2.092701,0.15
2.577334,0.364259,0.312675,-2.095642,0.15
2.597008,0.367709,0.315533,-2.098574,0.15
2.616682,0.37117,0.318397,-2.101498,0.15
2.636357,0.37464,0.321269,-2.104414,0.15
2.656031,0.37812,0.324147,-2.107322,0.15
2.675705,0.381609,0.327032,-2.110221,0.15
2.695379,0.385107,0.329924,-2.113111,0.15
2.715054,0.388616,0.332823,-2.115993,0.15
2.734728,0.392133,0.335729,-2.118867,0.15
2.754402,0.39566,0.338643,-2.121732,0.15
2.774077,0.399196,0.341564,-2.124588,0.15
2.793751,0.402741,0.344492,-2.127436,0.15
2.813425,0.406296,0.347428,-2.130276,0.15
2.8331,0.409859,0.350371,-2.133107,0.15
2.852774,0.413432,0.353322,-2.135929,0.15
2.872448,0.417014,0.35628,-2.138742,0.15
2.892122,0.420605,0.359246,-2.141547,0.15
2.911797,0.424204,0.36222,-2.144344,0.15
2.931471,0.427813,0.365202,-2.147131,0.15
2.951145,0.43143,0.368192,-2.14991,0.15
2.97082,0.435056,0.37119,-2.15268,0.15
2.990494,0.43869,0.374195,-2.155441,0.15
3.010168,0.442334,0.377209,-2.158194,0.15
3.029843,0.445985,0.380231,-2.160938,0.15
3.049517,0.449645,0.383262,-2.163672,0.15
3.069191,0.453314,0.3863,-2.166398,0.15
3.088866,0.456991,0.389347,-2.169115,0.15
3.10854,0.460676,0.392403,-2.171823,0.15
3.128214,0.464369,0.395466,-2.174522,0.15
3.147888,0.468071,0.398539,-2.177212,0.15
3.167563,0.47178,0.40162,-2.179893,0.15
3.187237,0.475497,0.40471,-2.182565,0.15
3.206911,0.479223,0.407808,-2.185228,0.15
3.226586,0.482956,0.410916,-2.187882,0.15
3.24626,0.486696,0.414032,-2.190526,0.15
3.265934,0.490445,0.417157,-2.193161,0.15
3.285609,0.4942,0.420291,-2.195787,0.15
3.305283,0.497964,0.423434,-2.198404,0.15
3.324957,0.501735,0.426586,-2.201012,0.15
3.344631,0.505513,0.429748,-2.20361,0.15
3.364306,0.509298,0.432918,-2.206198,0.15
3.38398,0.51309,0.436098,-2.208778,0.15
3.403654,0.51689,0.439287,-2.211348,0.15
3.423329,0.520696,0.442485,-2.213908,0.15
3.443003,0.524509,0.445693,-2.216459,0.15
3.462677,0.528329,0.44891,-2.219,0.15
3.482352,0.532156,0.452137,-2.221532,0.15
3.502026,0.535989,0.455374,-2.224054,0.15
3.5217,0.539829,0.45862,-2.226566,0.15
3.541374,0.543675,0.461875,-2.229069,0.15
3.561049,0.547527,0.465141,-2.231562,0.15
3.580723,0.551386,0.468416,-2.234045,0.15
3.600397,0.555251,0.471701,-2.236518,0.15
3.620072,0.559121,0.474995,-2.238982,0.15
3.639746,0.562998,0.4783,-2.241435,0.15
3.65942,0.56688,0.481614,-2.243879,0.15
3.679095,0.570768,0.484939,-2.246312,0.15
3.698769,0.574662,0.488273,-2.248735,0.15
3.718443,0.578561,0.491617,-2.251149,0.15
3.738118,0.582465,0.494972,-2.253552,0.15
3.757792,0.586375,0.498336,-2.255945,0.15
3.777466,0.590289,0.501711,-2.258328,0.15
3.79714,0.594209,0.505096,-2.2607,0.15
3.816815,0.598134,0.508491,-2.263062,0.15
3.836489,0.602063,0.511896,-2.265414,0.15
3.856163,0.605998,0.515312,-2.267755,0.15
3.875838,0.609936,0.518738,-2.270086,0.15
3.895512,0.61388,0.522174,-2.272406,0.15
3.915186,0.617827,0.52562,-2.274716,0.15
3.934861,0.621779,0.529077,-2.277015,0.15
3.954535,0.625735,0.532544,-2.279304,0.15
3.974209,0.629695,0.536021,-2.281581,0.15
3.993883,0.633659,0.539509,-2.283848,0.15
4.013558,0.637627,0.543007,-2.286104,0.15
4.033232,0.641598,0.546516,-2.28835,0.15
4.052906,0.645573,0.550035,-2.290584,0.15
4.072581,0.649551,0.553564,-2.292807,0.15
4.092255,0.653533,0.557104,-2.295019,0.15
4.111929,0.657517,0.560655,-2.297221,0.15
4.131604,0.661505,0.564216,-2.299411,0.15
4.151278,0.665496,0.567787,-2.30159,0.15
4.170952,0.669489,0.571369,-2.303757,0.15
4.190626,0.673485,0.574961,-2.305913,0.15
4.210301,0.677484,0.578563,-2.308058,0.15
4.229975,0.681485,0.582177,-2.310192,0.15
4.249649,0.685488,0.5858,-2.312314,0.15
4.269324,0.689494,0.589434,-2.314424,0.15
4.288998,0.693502,0.593078,-2.316523,0.15
4.308672,0.697511,0.596733,-2.31861,0.15
4.328347,0.701522,0.600398,-2.320686,0.15
4.348021,0.705535,0.604074,-2.32275,0.15
4.367695,0.70955,0.60776,-2.324802,0.15
4.387369,0.713566,0.611456,-2.326842,0.15
4.407044,0.717583,0.615162,-2.32887,0.15
4.426718,0.721601,0.618879,-2.330886,0.15
4.446392,0.725621,0.622606,-2.33289,0.15
4.466067,0.729641,0.626343,-2.334882,0.15
4.485741,0.733662,0.63009,-2.336861,0.15
4.505415,0.737683,0.633847,-2.338829,0.15
4.52509,0.741706,0.637615,-2.340784,0.15
4.544764,0.745728,0.641392,-2.342726,0.15
4.564438,0.749751,0.64518,-2.344657,0.15
4.584113,0.753774,0.648977,-2.346574,0.15
4.603787,0.757796,0.652785,-2.34848,0.15
4.623461,0.761819,0.656602,-2.350372,0.15
4.643135,0.765841,0.660429,-2.352252,0.15
4.66281,0.769863,0.664265,-2.354119,0.15
4.682484,0.773885,0.668112,-2.355973,0.15
4.702158,0.777905,0.671968,-2.357815,0.15
4.721833,0.781925,0.675833,-2.359643,0.15
4.741507,0.785944,0.679708,-2.361459,0.15
4.761181,0.789962,0.683592,-2.363261,0.15
4.780856,0.793979,0.687486,-2.36505,0.15
4.80053,0.797995,0.691388,-2.366826,0.15
4.820204,0.802008,0.6953,-2.368589,0.15
4.839878,0.806021,0.699221,-2.370338,0.15
4.859553,0.810032,0.703151,-2.372074,0.15
4.879227,0.81404,0.70709,-2.373796,0.15
4.898901,0.818047,0.711038,-2.375505,0.15
4.918576,0.822052,0.714994,-2.3772,0.15
4.93825,0.826055,0.718959,-2.378882,0.15
4.957924,0.830055,0.722933,-2.38055,0.15
4.977599,0.834053,0.726915,-2.382204,0.15
4.997273,0.838048,0.730905,-2.383844,0.15
5.016947,0.842041,0.734903,-2.38547,0.15
5.036621,0.84603,0.738909,-2.387082,0.15
5.056296,0.850017,0.742924,-2.38868,0.15
5.07597,0.854001,0.746946,-2.390264,0.15
5.095644,0.857981,0.750976,-2.391833,0.15
5.115319,0.861958,0.755013,-2.393389,0.15
5.134993,0.865932,0.759058,-2.39493,0.15
5.154667,0.869902,0.76311,-2.396456,0.15
5.174342,0.873868,0.767169,-2.397968,0.15
5.194016,0.87783,0.771235,-2.399465,0.15
5.21369,0.881789,0.775309,-2.400948,0.15
5.233365,0.885743,0.779389,-2.402416,0.15
5.253039,0.889694,0.783475,-2.40387,0.15
5.272713,0.89364,0.787568,-2.405308,0.15
5.292387,0.897581,0.791667,-2.406732,0.15
5.312062,0.901519,0.795773,-2.40814,0.15
5.331736,0.905451,0.799884,-2.409534,0.15
5.35141,0.909379,0.804001,-2.410912,0.15
5.371085,0.913302,0.808124,-2.412275,0.15
5.390759,0.91722,0.812252,-2.413623,0.15
5.410433,0.921132,0.816386,-2.414956,0.15
5.430108,0.92504,0.820525,-2.416273,0.15
5.449782,0.928942,0.824668,-2.417575,0.15
5.469456,0.932839,0.828817,-2.418861,0.15
5.48913,0.936731,0.83297,-2.420132,0.15
5.508805,0.940617,0.837127,-2.421387,0.15
5.528479,0.944497,0.841289,-2.422626,0.15
5.548153,0.948371,0.845455,-2.42385,0.15
5.567828,0.952239,0.849624,-2.425057,0.15
5.587502,0.956102,0.853797,-2.426249,0.15
5.607176,0.959958,0.857973,-2.427425,0.15
5.626851,0.963808,0.862153,-2.428585,0.15
5.646525,0.967651,0.866336,-2.429728,0.15
5.666199,0.971488,0.870521,-2.430856,0.15
5.685873,0.975319,0.874709,-2.431967,0.15
5.705548,0.979143,0.8789,-2.433062,0.15
5.725222,0.98296,0.883093,-2.434141,0.15
5.744896,0.98677,0.887287,-2.435203,0.15
5.764571,0.990574,0.891483,-2.436249,0.15
5.784245,0.99437,0.895681,-2.437278,0.15
5.803919,0.99816,0.89988,-2.438291,0.15
5.823594,1.001942,0.90408,-2.439287,0.15
5.843268,1.005717,0.908281,-2.440266,0.15
5.862942,1.009485,0.912482,-2.441229,0.15
5.882617,1.013245,0.916684,-2.442174,0.15
5.902291,1.016997,0.920886,-2.443103,0.15
5.921965,1.020743,0.925088,-2.444015,0.15
5.941639,1.02448,0.929289,-2.44491,0.15
5.961314,1.028209,0.93349,-2.445788,0.15
5.980988,1.031931,0.93769,-2.446649,0.15
6.000662,1.035645,0.941888,-2.447492,0.15
6.020337,1.039351,0.946086,-2.448319,0.15
6.040011,1.043049,0.950281,-2.449128,0.15
6.059685,1.046738,0.954475,-2.44992,0.15
6.07936,1.050419,0.958667,-2.450694,0.15
6.099034,1.054093,0.962856,-2.451451,0.15
6.118708,1.057757,0.967043,-2.452191,0.15
6.138382,1.061413,0.971227,-2.452913,0.15
6.158057,1.065061,0.975408,-2.453618,0.15
6.177731,1.0687,0.979585,-2.454305,0.15
6.197405,1.072331,0.983759,-2.454974,0.15
6.21708,1.075953,0.987928,-2.455626,0.15
6.236754,1.079566,0.992094,-2.45626,0.15
6.256428,1.08317,0.996255,-2.456876,0.15
6.276103,1.086765,1.000411,-2.457475,0.15
6.295777,1.090351,1.004563,-2.458055,0.15
6.315451,1.093929,1.008709,-2.458618,0.15
6.335125,1.097497,1.012849,-2.459163,0.15
6.3548,1.101056,1.016984,-2.45969,0.15
6.374474,1.104606,1.021113,-2.460199,0.15
6.394148,1.108146,1.025235,-2.46069,0.15
6.413823,1.111678,1.029351,-2.461163,0.15
6.433497,1.1152,1.03346,-2.461617,0.15
6.453171,1.118712,1.037562,-2.462054,0.15
6.472846,1.122216,1.041657,-2.462472,0.15
6.49252,1.125709,1.045744,-2.462873,0.15
6.512194,1.129193,1.049823,-2.463255,0.15
6.531868,1.132668,1.053893,-2.463619,0.15
6.551543,1.136133,1.057956,-2.463964,0.15
6.571217,1.139588,1.062009,-2.464292,0.15
6.590891,1.143034,1.066054,-2.464601,0.15
6.610566,1.14647,1.070089,-2.464891,0.15
6.63024,1.149896,1.074115,-2.465164,0.15
6.649914,1.153312,1.078132,-2.465418,0.15
6.669589,1.156718,1.082138,-2.465653,0.15
6.689263,1.160114,1.086134,-2.465871,0.15
6.708937,1.163501,1.090119,-2.46607,0.15
6.728612,1.166877,1.094093,-2.46625,0.15
6.748286,1.170244,1.098057,-2.466412,0.15
6.76796,1.1736,1.102009,-2.466555,0.15
6.787634,1.176947,1.10595,-2.46668,0.15
6.807309,1.180283,1.109878,-2.466787,0.15
6.826983,1.183609,1.113795,-2.466875,0.15
6.846657,1.186925,1.117699,-2.466945,0.15
6.866332,1.190231,1.121591,-2.466996,0.15
6.886006,1.193526,1.12547,-2.467029,0.15
6.90568,1.196811,1.129336,-2.467043,0.15
6.925355,1.200087,1.133189,-2.467038,0.15
6.945029,1.203351,1.137028,-2.467015,0.15
6.964703,1.206606,1.140853,-2.466974,0.15
6.984377,1.20985,1.144665,-2.466914,0.15
7.004052,1.213084,1.148462,-2.466836,0.15
7.023726,1.216307,1.152245,-2.466739,0.15
7.0434,1.21952,1.156012,-2.466624,0.15
7.063075,1.222723,1.159766,-2.46649,0.15
7.082749,1.225915,1.163503,-2.466338,0.15
7.102423,1.229097,1.167226,-2.466167,0.15
7.122098,1.232268,1.170933,-2.465978,0.15
7.141772,1.235429,1.174624,-2.46577,0.15
7.161446,1.23858,1.178299,-2.465544,0.15
7.18112,1.24172,1.181958,-2.4653,0.15
7.200795,1.244849,1.185601,-2.465037,0.15
7.220469,1.247968,1.189226,-2.464756,0.15
7.240143,1.251077,1.192835,-2.464456,0.15
7.259818,1.254175,1.196427,-2.464138,0.15
7.279492,1.257262,1.200002,-2.463802,0.15
7.299166,1.260339,1.20356,-2.463447,0.15
7.318841,1.263406,1.207099,-2.463075,0.15
7.338515,1.266462,1.210621,-2.462684,0.15
7.358189,1.269507,1.214125,-2.462275,0.15
7.377864,1.272542,1.217611,-2.461847,0.15
7.397538,1.275567,1.221079,-2.461402,0.15
7.417212,1.27858,1.224528,-2.460938,0.15
7.436886,1.281584,1.227958,-2.460456,0.15
7.456561,1.284576,1.23137,-2.459956,0.15
7.476235,1.287559,1.234762,-2.459439,0.15
7.495909,1.29053,1.238136,-2.458903,0.15
7.515584,1.293491,1.24149,-2.458349,0.15
7.535258,1.296442,1.244825,-2.457777,0.15
7.554932,1.299382,1.24814,-2.457187,0.15
7.574607,1.302312,1.251435,-2.45658,0.15
7.594281,1.305231,1.254711,-2.455955,0.15
7.613955,1.30814,1.257966,-2.455312,0.15
7.633629,1.311038,1.261201,-2.454651,0.15
7.653304,1.313925,1.264416,-2.453972,0.15
7.672978,1.316802,1.267611,-2.453276,0.15
7.692652,1.319669,1.270785,-2.452562,0.15
7.712327,1.322525,1.273938,-2.451831,0.15
7.732001,1.325371,1.277071,-2.451082,0.15
7.751675,1.328206,1.280183,-2.450316,0.15
7.77135,1.331031,1.283274,-2.449532,0.15
7.791024,1.333846,1.286343,-2.448731,0.15
7.810698,1.33665,1.289392,-2.447913,0.15
7.830372,1.339444,1.292419,-2.447077,0.15
7.850047,1.342227,1.295425,-2.446224,0.15
7.869721,1.345,1.298409,-2.445354,0.15
7.889395,1.347763,1.301372,-2.444467,0.15
7.90907,1.350515,1.304313,-2.443562,0.15
7.928744,1.353257,1.307233,-2.442641,0.15
7.948418,1.355989,1.31013,-2.441703,0.15
7.968093,1.35871,1.313006,-2.440748,0.15
7.987767,1.361421,1.31586,-2.439776,0.15
8.007441,1.364122,1.318692,-2.438787,0.15
8.027115,1.366813,1.321501,-2.437782,0.15
8.04679,1.369493,1.324289,-2.43676,0.15
8.066464,1.372164,1.327054,-2.435721,0.15
8.086138,1.374824,1.329798,-2.434666,0.15
8.105813,1.377474,1.332518,-2.433594,0.15
8.125487,1.380114,1.335217,-2.432506,0.15
8.145161,1.382744,1.337893,-2.431401,0.15
8.164836,1.385363,1.340547,-2.43028,0.15
8.18451,1.387973,1.343178,-2.429143,0.15
8.204184,1.390572,1.345787,-2.42799,0.15
8.223859,1.393162,1.348373,-2.42682,0.15
8.243533,1.395742,1.350937,-2.425635,0.15
8.263207,1.398311,1.353478,-2.424433,0.15
8.282881,1.400871,1.355997,-2.423216,0.15
8.302556,1.403421,1.358493,-2.421983,0.15
8.32223,1.405961,1.360966,-2.420734,0.15
8.341904,1.408491,1.363417,-2.419469,0.15
8.361579,1.411011,1.365845,-2.418188,0.15
8.381253,1.413521,1.36825,-2.416892,0.15
8.400927,1.416022,1.370633,-2.415581,0.15
8.420602,1.418512,1.372993,-2.414253,0.15
8.440276,1.420993,1.375331,-2.412911,0.15
8.45995,1.423465,1.377646,-2.411553,0.15
8.479624,1.425926,1.379938,-2.41018,0.15
8.499299,1.428378,1.382207,-2.408792,0.15
8.518973,1.43082,1.384454,-2.407388,0.15
8.538647,1.433253,1.386678,-2.40597,0.15
8.558322,1.435676,1.38888,-2.404536,0.15
8.577996,1.43809,1.391059,-2.403088,0.15
8.59767,1.440494,1.393216,-2.401624,0.15
8.617345,1.442888,1.39535,-2.400146,0.15
8.637019,1.445273,1.397462,-2.398654,0.15
8.656693,1.447649,1.399551,-2.397146,0.15
8.676367,1.450015,1.401618,-2.395624,0.15
8.696042,1.452372,1.403662,-2.394087,0.15
8.715716,1.45472,1.405684,-2.392536,0.15
8.73539,1.457058,1.407683,-2.390971,0.15
8.755065,1.459387,1.409661,-2.389391,0.15
8.774739,1.461706,1.411616,-2.387797,0.15
8.794413,1.464017,1.413549,-2.386189,0.15
8.814088,1.466318,1.415459,-2.384567,0.15
8.833762,1.46861,1.417348,-2.38293,0.15
8.853436,1.470893,1.419214,-2.38128,0.15
8.873111,1.473166,1.421059,-2.379616,0.15
8.892785,1.475431,1.422881,-2.377938,0.15
8.912459,1.477687,1.424682,-2.376246,0.15
8.932133,1.479933,1.426461,-2.374541,0.15
8.951808,1.482171,1.428218,-2.372821,0.15
8.971482,1.4844,1.429953,-2.371089,0.15
8.991156,1.486619,1.431666,-2.369343,0.15
9.010831,1.48883,1.433358,-2.367583,0.15
9.030505,1.491032,1.435029,-2.36581,0.15
9.050179,1.493226,1.436678,-2.364024,0.15
9.069854,1.49541,1.438305,-2.362224,0.15
9.089528,1.497586,1.439911,-2.360411,0.15
9.109202,1.499752,1.441496,-2.358586,0.15
9.128876,1.501911,1.44306,-2.356747,0.15
9.148551,1.50406,1.444602,-2.354895,0.15
9.168225,1.506201,1.446123,-2.35303,0.15
9.187899,1.508333,1.447624,-2.351153,0.15
9.207574,1.510457,1.449103,-2.349263,0.15
9.227248,1.512572,1.450561,-2.34736,0.15
9.246922,1.514679,1.451999,-2.345444,0.15
9.266597,1.516777,1.453416,-2.343516,0.15
9.286271,1.518867,1.454813,-2.341575,0.15
9.305945,1.520948,1.456188,-2.339622,0.15
9.325619,1.523021,1.457544,-2.337656,0.15
9.345294,1.525086,1.458879,-2.335678,0.15
9.364968,1.527142,1.460193,-2.333688,0.15
9.384642,1.52919,1.461488,-2.331686,0.15
9.404317,1.53123,1.462762,-2.329672,0.15
9.423991,1.533261,1.464016,-2.327645,0.15
9.443665,1.535285,1.46525,-2.325606,0.15
9.46334,1.5373,1.466465,-2.323556,0.15
9.483014,1.539307,1.467659,-2.321494,0.15
9.502688,1.541306,1.468834,-2.319419,0.15
9.522363,1.543297,1.469989,-2.317333,0.15
9.542037,1.54528,1.471124,-2.315236,0.15
9.561711,1.547255,1.47224,-2.313126,0.15
9.581385,1.549222,1.473337,-2.311005,0.15
9.60106,1.551181,1.474414,-2.308873,0.15
9.620734,1.553132,1.475473,-2.306729,0.15
9.640408,1.555076,1.476512,-2.304573,0.15
9.660083,1.557011,1.477532,-2.302407,0.15
9.679757,1.558939,1.478533,-2.300228,0.15
9.699431,1.560859,1.479515,-2.298039,0.15
9.719106,1.562772,1.480478,-2.295839,0.15
9.73878,1.564676,1.481423,-2.293627,0.15
9.758454,1.566573,1.482349,-2.291404,0.15
9.778128,1.568462,1.483257,-2.28917,0.15
9.797803,1.570344,1.484146,-2.286926,0.15
9.817477,1.572218,1.485017,-2.28467,0.15
9.817477,1.570796,1.482628,-2.279232,0.15
9.821981,1.570796,1.482002,-2.279317,0.15
9.826486,1.570796,1.481377,-2.279402,0.15
9.83099,1.570796,1.480751,-2.279486,0.15
9.835494,1.570796,1.480124,-2.27957,0.15
9.839998,1.570796,1.479497,-2.279653,0.15
9.844503,1.570796,1.478869,-2.279736,0.15
9.849007,1.570796,1.478241,-2.279819,0.15
9.853511,1.570796,1.477613,-2.279901,0.15
9.858015,1.570796,1.476984,-2.279982,0.15
9.86252,1.570796,1.476354,-2.280063,0.15
9.867024,1.570796,1.475724,-2.280144,0.15
9.871528,1.570796,1.475094,-2.280224,0.15
9.876032,1.570796,1.474463,-2.280303,0.15
9.880537,1.570796,1.473831,-2.280383,0.15
9.885041,1.570796,1.4732,-2.280461,0.15
9.889545,1.570796,1.472567,-2.280539,0.15
9.894049,1.570796,1.471934,-2.280617,0.15
9.898554,1.570796,1.471301,-2.280694,0.15
9.903058,1.570796,1.470667,-2.280771,0.15
9.907562,1.570796,1.470033,-2.280848,0.15
9.912066,1.570796,1.469398,-2.280923,0.15
9.916571,1.570796,1.468763,-2.280999,0.15
9.921075,1.570796,1.468128,-2.281074,0.15
9.925579,1.570796,1.467492,-2.281148,0.15
9.930083,1.570796,1.466855,-2.281222,0.15
9.934588,1.570796,1.466218,-2.281296,0.15
9.939092,1.570796,1.46558,-2.281369,0.15
9.943596,1.570796,1.464942,-2.281441,0.15
9.9481,1.570796,1.464304,-2.281514,0.15
9.952605,1.570796,1.463665,-2.281585,0.15
9.957109,1.570796,1.463026,-2.281656,0.15
9.961613,1.570796,1.462386,-2.281727,0.15
9.966117,1.570796,1.461746,-2.281797,0.15
9.970622,1.570796,1.461105,-2.281867,0.15
9.975126,1.570796,1.460464,-2.281936,0.15
9.97963,1.570796,1.459822,-2.282005,0.15
9.984134,1.570796,1.45918,-2.282074,0.15
9.988639,1.570796,1.458537,-2.282142,0.15
9.993143,1.570796,1.457894,-2.282209,0.15
9.997647,1.570796,1.457251,-2.282276,0.15
10.002151,1.570796,1.456607,-2.282342,0.15
10.006656,1.570796,1.455962,-2.282408,0.15
10.01116,1.570796,1.455317,-2.282474,0.15
10.015664,1.570796,1.454672,-2.282539,0.15
10.020168,1.570796,1.454026,-2.282604,0.15
10.024673,1.570796,1.45338,-2.282668,0.15
10.029177,1.570796,1.452733,-2.282731,0.15
10.033681,1.570796,1.452086,-2.282795,0.15
10.038185,1.570796,1.451438,-2.282857,0.15
10.04269,1.570796,1.45079,-2.282919,0.15
10.047194,1.570796,1.450141,-2.282981,0.15
10.051698,1.570796,1.449492,-2.283042,0.15
10.056202,1.570796,1.448843,-2.283103,0.15
10.060707,1.570796,1.448193,-2.283164,0.15
10.065211,1.570796,1.447543,-2.283224,0.15
10.069715,1.570796,1.446892,-2.283283,0.15
10.074219,1.570796,1.446241,-2.283342,0.15
10.078724,1.570796,1.445589,-2.2834,0.15
10.083228,1.570796,1.444937,-2.283458,0.15
10.087732,1.570796,1.444284,-2.283516,0.15
10.092237,1.570796,1.443631,-2.283573,0.15
10.096741,1.570796,1.442977,-2.283629,0.15
10.101245,1.570796,1.442323,-2.283686,0.15
10.105749,1.570796,1.441669,-2.283741,0.15
10.110254,1.570796,1.441014,-2.283796,0.15
10.114758,1.570796,1.440359,-2.283851,0.15
10.119262,1.570796,1.439703,-2.283905,0.15
10.123766,1.570796,1.439047,-2.283959,0.15
10.128271,1.570796,1.43839,-2.284012,0.15
10.132775,1.570796,1.437733,-2.284065,0.15
10.137279,1.570796,1.437076,-2.284117,0.15
10.141783,1.570796,1.436418,-2.284169,0.15
10.146288,1.570796,1.435759,-2.28422,0.15
10.150792,1.570796,1.4351,-2.284271,0.15
10.155296,1.570796,1.434441,-2.284322,0.15
10.1598,1.570796,1.433781,-2.284372,0.15
10.164305,1.570796,1.433121,-2.284421,0.15
10.168809,1.570796,1.43246,-2.28447,0.15
10.173313,1.570796,1.431799,-2.284519,0.15
10.177817,1.570796,1.431138,-2.284567,0.15
10.182322,1.570796,1.430476,-2.284614,0.15
10.186826,1.570796,1.429814,-2.284661,0.15
10.19133,1.570796,1.429151,-2.284708,0.15
10.195834,1.570796,1.428487,-2.284754,0.15
10.200339,1.570796,1.427824,-2.2848,0.15
10.204843,1.570796,1.42716,-2.284845,0.15
10.209347,1.570796,1.426495,-2.28489,0.15
10.213851,1.570796,1.42583,-2.284934,0.15
10.218356,1.570796,1.425165,-2.284978,0.15
10.22286,1.570796,1.424499,-2.285021,0.15
10.227364,1.570796,1.423833,-2.285064,0.15
10.231868,1.570796,1.423166,-2.285106,0.15
10.236373,1.570796,1.422499,-2.285148,0.15
10.240877,1.570796,1.421831,-2.28519,0.15
10.245381,1.570796,1.421163,-2.285231,0.15
10.249885,1.570796,1.420495,-2.285271,0.15
10.25439,1.570796,1.419826,-2.285311,0.15
10.258894,1.570796,1.419157,-2.285351,0.15
10.263398,1.570796,1.418487,-2.28539,0.15
10.267902,1.570796,1.417817,-2.285428,0.15
10.272407,1.570796,1.417146,-2.285466,0.15
10.276911,1.570796,1.416475,-2.285504,0.15
10.281415,1.570796,1.415804,-2.285541,0.15
10.285919,1.570796,1.415132,-2.285578,0.15
10.290424,1.570796,1.41446,-2.285614,0.15
10.294928,1.570796,1.413787,-2.28565,0.15
10.299432,1.570796,1.413114,-2.285685,0.15
10.303936,1.570796,1.41244,-2.28572,0.15
10.308441,1.570796,1.411766,-2.285754,0.15
10.312945,1.570796,1.411092,-2.285788,0.15
10.317449,1.570796,1.410417,-2.285821,0.15
10.321953,1.570796,1.409742,-2.285854,0.15
10.326458,1.570796,1.409067,-2.285886,0.15
10.330962,1.570796,1.40839,-2.285918,0.15
10.335466,1.570796,1.407714,-2.28595,0.15
10.33997,1.570796,1.407037,-2.285981,0.15
10.344475,1.570796,1.40636,-2.286011,0.15
10.348979,1.570796,1.405682,-2.286041,0.15
10.353483,1.570796,1.405004,-2.286071,0.15
10.357987,1.570796,1.404326,-2.2861,0.15
10.362492,1.570796,1.403647,-2.286128,0.15
10.366996,1.570796,1.402967,-2.286156,0.15
10.3715,1.570796,1.402287,-2.286184,0.15
10.376004,1.570796,1.401607,-2.286211,0.15
10.380509,1.570796,1.400927,-2.286238,0.15
10.385013,1.570796,1.400246,-2.286264,0.15
10.389517,1.570796,1.399564,-2.28629,0.15
10.394021,1.570796,1.398882,-2.286315,0.15
10.398526,1.570796,1.3982,-2.28634,0.15
10.40303,1.570796,1.397518,-2.286364,0.15
10.407534,1.570796,1.396835,-2.286388,0.15
10.412039,1.570796,1.396151,-2.286411,0.15
10.416543,1.570796,1.395467,-2.286434,0.15
10.421047,1.570796,1.394783,-2.286457,0.15
10.425551,1.570796,1.394098,-2.286479,0.15
10.430056,1.570796,1.393413,-2.2865,0.15
10.43456,1.570796,1.392728,-2.286521,0.15
10.439064,1.570796,1.392042,-2.286541,0.15
10.443568,1.570796,1.391356,-2.286561,0.15
10.448073,1.570796,1.390669,-2.286581,0.15
10.452577,1.570796,1.389982,-2.2866,0.15
10.457081,1.570796,1.389295,-2.286619,0.15
10.461585,1.570796,1.388607,-2.286637,0.15
10.46609,1.570796,1.387918,-2.286654,0.15
10.470594,1.570796,1.38723,-2.286672,0.15
10.475098,1.570796,1.386541,-2.286688,0.15
10.479602,1.570796,1.385851,-2.286704,0.15
10.484107,1.570796,1.385161,-2.28672,0.15
10.488611,1.570796,1.384471,-2.286735,0.15
10.493115,1.570796,1.383781,-2.28675,0
10.497619,1.570796,1.383089,-2.286765,0
10.502124,1.570796,1.382398,-2.286778,0
10.506628,1.570796,1.381706,-2.286792,0
10.511132,1.570796,1.381014,-2.286805,0
10.515636,1.570796,1.380321,-2.286817,0
10.520141,1.570796,1.379628,-2.286829,0
10.524645,1.570796,1.378935,-2.28684,0
10.529149,1.570796,1.378241,-2.286851,0
10.533653,1.570796,1.377547,-2.286862,0
10.538158,1.570796,1.376853,-2.286872,0
10.542662,1.570796,1.376158,-2.286881,0
10.547166,1.570796,1.375462,-2.28689,0
10.55167,1.570796,1.374767,-2.286899,0
10.556175,1.570796,1.374071,-2.286907,0
10.560679,1.570796,1.373374,-2.286915,0
10.565183,1.570796,1.372677,-2.286922,0
10.569687,1.570796,1.37198,-2.286929,0
10.574192,1.570796,1.371282,-2.286935,0
10.578696,1.570796,1.370584,-2.28694,0
10.5832,1.570796,1.369886,-2.286946,0
10.587704,1.570796,1.369187,-2.286951,0
10.592209,1.570796,1.368488,-2.286955,0
10.596713,1.570796,1.367789,-2.286959,0
10.601217,1.570796,1.367089,-2.286962,0
10.605721,1.570796,1.366388,-2.286965,0
10.610226,1.570796,1.365688,-2.286967,0
10.61473,1.570796,1.364987,-2.286969,0
10.619234,1.570796,1.364285,-2.286971,0
10.623738,1.570796,1.363584,-2.286971,0
10.628243,1.570796,1.362881,-2.286972,0
10.632747,1.570796,1.362179,-2.286972,0
10.637251,1.570796,1.361476,-2.286972,0
10.641755,1.570796,1.360773,-2.286971,0
10.64626,1.570796,1.360069,-2.286969,0
10.650764,1.570796,1.359365,-2.286967,0
10.655268,1.570796,1.358661,-2.286965,0
10.659772,1.570796,1.357956,-2.286962,0
10.664277,1.570796,1.357251,-2.286959,0
10.668781,1.570796,1.356545,-2.286955,0
10.673285,1.570796,1.35584,-2.286951,0
10.677789,1.570796,1.355133,-2.286946,0
10.682294,1.570796,1.354427,-2.286941,0
10.686798,1.570796,1.35372,-2.286935,0
10.691302,1.570796,1.353012,-2.286929,0
10.695806,1.570796,1.352305,-2.286922,0
10.700311,1.570796,1.351597,-2.286915,0
10.704815,1.570796,1.350888,-2.286907,0
10.709319,1.570796,1.35018,-2.286899,0
10.713823,1.570796,1.34947,-2.28689,0
10.718328,1.570796,1.348761,-2.286881,0
10.722832,1.570796,1.348051,-2.286872,0
10.727336,1.570796,1.347341,-2.286862,0
10.731841,1.570796,1.34663,-2.286851,0
10.736345,1.570796,1.345919,-2.28684,0
10.740849,1.570796,1.345208,-2.286829,0
10.745353,1.570796,1.344497,-2.286817,0
10.749858,1.570796,1.343785,-2.286805,0
10.754362,1.570796,1.343072,-2.286792,0
10.758866,1.570796,1.34236,-2.286778,0
10.76337,1.570796,1.341647,-2.286765,0
10.767875,1.570796,1.340933,-2.28675,0
10.772379,1.570796,1.340219,-2.286736,0
10.776883,1.570796,1.339505,-2.28672,0
10.781387,1.570796,1.338791,-2.286705,0
10.785892,1.570796,1.338076,-2.286688,0
10.790396,1.570796,1.337361,-2.286672,0
10.7949,1.570796,1.336645,-2.286655,0
10.799404,1.570796,1.33593,-2.286637,0
10.803909,1.570796,1.335213,-2.286619,0
10.808413,1.570796,1.334497,-2.2866,0
10.812917,1.570796,1.33378,-2.286581,0
10.817421,1.570796,1.333063,-2.286562,0
10.821926,1.570796,1.332345,-2.286542,0
10.82643,1.570796,1.331627,-2.286521,0
10.830934,1.570796,1.330909,-2.2865,0
10.835438,1.570796,1.330191,-2.286479,0
10.839943,1.570796,1.329472,-2.286457,0
10.844447,1.570796,1.328752,-2.286434,0
10.848951,1.570796,1.328033,-2.286412,0
10.853455,1.570796,1.327313,-2.286388,0
10.85796,1.570796,1.326592,-2.286364,0
10.862464,1.570796,1.325872,-2.28634,0
10.866968,1.570796,1.325151,-2.286315,0
10.871472,1.570796,1.32443,-2.28629,0
10.875977,1.570796,1.323708,-2.286264,0
10.880481,1.570796,1.322986,-2.286238,0
10.884985,1.570796,1.322264,-2.286211,0
10.889489,1.570796,1.321541,-2.286184,0
10.893994,1.570796,1.320818,-2.286157,0
10.898498,1.570796,1.320095,-2.286129,0
10.903002,1.570796,1.319371,-2.2861,0
10.907506,1.570796,1.318647,-2.286071,0
10.912011,1.570796,1.317923,-2.286041,0
10.916515,1.570796,1.317198,-2.286011,0
10.921019,1.570796,1.316474,-2.285981,0
10.925523,1.570796,1.315748,-2.28595,0
10.930028,1.570796,1.315023,-2.285918,0
10.934532,1.570796,1.314297,-2.285887,0
10.939036,1.570796,1.313571,-2.285854,0
10.94354,1.570796,1.312844,-2.285821,0
10.948045,1.570796,1.312117,-2.285788,0
10.952549,1.570796,1.31139,-2.285754,0
10.957053,1.570796,1.310662,-2.28572,0
10.961557,1.570796,1.309935,-2.285685,0
10.966062,1.570796,1.309206,-2.28565,0
10.970566,1.570796,1.308478,-2.285614,0
10.97507,1.570796,1.307749,-2.285578,0
10.979574,1.570796,1.30702,-2.285541,0
10.984079,1.570796,1.306291,-2.285504,0
10.988583,1.570796,1.305561,-2.285467,0
10.993087,1.570796,1.304831,-2.285428,0
10.997591,1.570796,1.3041,-2.28539,0
11.002096,1.570796,1.30337,-2.285351,0
11.0066,1.570796,1.302639,-2.285311,0
11.011104,1.570796,1.301907,-2.285271,0
11.015608,1.570796,1.301176,-2.285231,0
11.020113,1.570796,1.300444,-2.28519,0
11.024617,1.570796,1.299712,-2.285149,0
11.029121,1.570796,1.298979,-2.285107,0
11.033625,1.570796,1.298246,-2.285064,0
11.03813,1.570796,1.297513,-2.285021,0
11.042634,1.570796,1.296779,-2.284978,0
11.047138,1.570796,1.296046,-2.284934,0
11.051643,1.570796,1.295312,-2.28489,0
11.056147,1.570796,1.294577,-2.284845,0
11.060651,1.570796,1.293842,-2.2848,0
11.065155,1.570796,1.293107,-2.284754,0
11.06966,1.570796,1.292372,-2.284708,0
11.074164,1.570796,1.291637,-2.284662,0
11.078668,1.570796,1.290901,-2.284615,0
11.083172,1.570796,1.290164,-2.284567,0
11.087677,1.570796,1.289428,-2.284519,0
11.092181,1.570796,1.288691,-2.28447,0
11.096685,1.570796,1.287954,-2.284421,0
11.101189,1.570796,1.287217,-2.284372,0
11.105694,1.570796,1.286479,-2.284322,0
11.110198,1.570796,1.285741,-2.284272,0
11.114702,1.570796,1.285003,-2.284221,0
11.119206,1.570796,1.284264,-2.284169,0
11.123711,1.570796,1.283525,-2.284118,0
11.128215,1.570796,1.282786,-2.284065,0
11.132719,1.570796,1.282046,-2.284012,0
11.137223,1.570796,1.281307,-2.283959,0
11.141728,1.570796,1.280567,-2.283905,0
11.146232,1.570796,1.279826,-2.283851,0
11.150736,1.570796,1.279086,-2.283797,0
11.15524,1.570796,1.278345,-2.283741,0
11.159745,1.570796,1.277604,-2.283686,0
11.164249,1.570796,1.276862,-2.28363,0
11.168753,1.570796,1.27612,-2.283573,0
11.173257,1.570796,1.275378,-2.283516,0
11.177762,1.570796,1.274636,-2.283459,0
11.182266,1.570796,1.273893,-2.283401,0
11.18677,1.570796,1.27315,-2.283342,0
11.191274,1.570796,1.272407,-2.283283,0
11.195779,1.570796,1.271664,-2.283224,0
11.200283,1.570796,1.27092,-2.283164,0
11.204787,1.570796,1.270176,-2.283104,0
11.209291,1.570796,1.269432,-2.283043,0
11.213796,1.570796,1.268687,-2.282981,0
11.2183,1.570796,1.267942,-2.28292,0
11.222804,1.570796,1.267197,-2.282857,0
11.227308,1.570796,1.266452,-2.282795,0
11.231813,1.570796,1.265706,-2.282732,0
11.236317,1.570796,1.26496,-2.282668,0
11.240821,1.570796,1.264214,-2.282604,0
11.245325,1.570796,1.263467,-2.282539,0
11.24983,1.570796,1.26272,-2.282474,0
11.254334,1.570796,1.261973,-2.282409,0
11.258838,1.570796,1.261226,-2.282343,0
11.263342,1.570796,1.260478,-2.282276,0
11.267847,1.570796,1.259731,-2.282209,0
11.272351,1.570796,1.258982,-2.282142,0
11.276855,1.570796,1.258234,-2.282074,0
11.281359,1.570796,1.257485,-2.282005,0
11.285864,1.570796,1.256736,-2.281937,0
11.290368,1.570796,1.255987,-2.281867,0
11.294872,1.570796,1.255238,-2.281798,0
11.299376,1.570796,1.254488,-2.281727,0
11.303881,1.570796,1.253738,-2.281657,0
11.308385,1.570796,1.252988,-2.281585,0
11.312889,1.570796,1.252237,-2.281514,0
11.317393,1.570796,1.251486,-2.281442,0
11.321898,1.570796,1.250735,-2.281369,0
11.326402,1.570796,1.249984,-2.281296,0
11.330906,1.570796,1.249233,-2.281222,0
11.33541,1.570796,1.248481,-2.281148,0
11.339915,1.570796,1.247729,-2.281074,0
11.344419,1.570796,1.246976,-2.280999,0
11.348923,1.570796,1.246224,-2.280924,0
11.353427,1.570796,1.245471,-2.280848,0
11.357932,1.570796,1.244718,-2.280771,0
11.362436,1.570796,1.243965,-2.280695,0
11.36694,1.570796,1.243211,-2.280617,0
11.371444,1.570796,1.242457,-2.28054,0
11.375949,1.570796,1.241703,-2.280461,0
11.380453,1.570796,1.240949,-2.280383,0
11.384957,1.570796,1.240194,-2.280303,0
11.389462,1.570796,1.239439,-2.280224,0
11.393966,1.570796,1.238684,-2.280144,0
11.39847,1.570796,1.237929,-2.280063,0
11.402974,1.570796,1.237173,-2.279982,0
11.407479,1.570796,1.236417,-2.279901,0
11.411983,1.570796,1.235661,-2.279819,0
11.416487,1.570796,1.234905,-2.279736,0
11.420991,1.570796,1.234149,-2.279653,0
11.425496,1.570796,1.233392,-2.27957,0
11.43,1.570796,1.232635,-2.279486,0
11.434504,1.570796,1.231877,-2.279402,0
11.439008,1.570796,1.23112,-2.279317,0
11.443513,1.570796,1.230362,-2.279232,0
11.448017,1.570796,1.229604,-2.279146,0
11.452521,1.570796,1.228846,-2.27906,0
11.457025,1.570796,1.228087,-2.278973,0
11.46153,1.570796,1.227329,-2.278886,0
11.466034,1.570796,1.22657,-2.278798,0
11.470538,1.570796,1.225811,-2.27871,0
11.475042,1.570796,1.225051,-2.278622,0
11.479547,1.570796,1.224292,-2.278533,0
11.484051,1.570796,1.223532,-2.278443,0
11.488555,1.570796,1.222772,-2.278354,0
11.493059,1.570796,1.222011,-2.278263,0
11.497564,1.570796,1.221251,-2.278172,0
11.502068,1.570796,1.22049,-2.278081,0
11.506572,1.570796,1.219729,-2.277989,0
11.511076,1.570796,1.218968,-2.277897,0
11.515581,1.570796,1.218206,-2.277804,0
11.520085,1.570796,1.217445,-2.277711,0
11.524589,1.570796,1.216683,-2.277617,0
11.529093,1.570796,1.21592,-2.277523,0
11.533598,1.570796,1.215158,-2.277429,0
11.538102,1.570796,1.214396,-2.277334,0
11.542606,1.570796,1.213633,-2.277238,0
11.54711,1.570796,1.21287,-2.277142,0
11.551615,1.570796,1.212106,-2.277046,0
11.556119,1.570796,1.211343,-2.276949,0
11.560623,1.570796,1.210579,-2.276851,0
11.565127,1.570796,1.209815,-2.276754,0
11.569632,1.570796,1.209051,-2.276655,0
11.574136,1.570796,1.208287,-2.276557,0
11.57864,1.570796,1.207522,-2.276457,0
11.583144,1.570796,1.206758,-2.276358,0
11.587649,1.570796,1.205993,-2.276258,0
11.592153,1.570796,1.205227,-2.276157,0
11.596657,1.570796,1.204462,-2.276056,0
11.601161,1.570796,1.203696,-2.275954,0
11.605666,1.570796,1.202931,-2.275852,0
11.61017,1.570796,1.202164,-2.27575,0
11.614674,1.570796,1.201398,-2.275647,0
11.619178,1.570796,1.200632,-2.275543,0
11.623683,1.570796,1.199865,-2.27544,0
11.628187,1.570796,1.199098,-2.275335,0
11.632691,1.570796,1.198331,-2.27523,0
11.637195,1.570796,1.197564,-2.275125,0
11.6417,1.570796,1.196796,-2.27502,0
11.646204,1.570796,1.196029,-2.274913,0
11.650708,1.570796,1.195261,-2.274807,0
11.655212,1.570796,1.194493,-2.2747,0
11.659717,1.570796,1.193724,-2.274592,0
11.664221,1.570796,1.192956,-2.274484,0
11.668725,1.570796,1.192187,-2.274376,0
11.673229,1.570796,1.191418,-2.274267,0
11.677734,1.570796,1.190649,-2.274157,0
11.682238,1.570796,1.18988,-2.274047,0
11.686742,1.570796,1.18911,-2.273937,0
11.691246,1.570796,1.188341,-2.273826,0
11.695751,1.570796,1.187571,-2.273715,0
11.700255,1.570796,1.186801,-2.273603,0
11.704759,1.570796,1.18603,-2.273491,0
11.709264,1.570796,1.18526,-2.273378,0
11.713768,1.570796,1.184489,-2.273265,0
11.718272,1.570796,1.183718,-2.273152,0
11.722776,1.570796,1.182947,-2.273038,0
11.727281,1.570796,1.182176,-2.272923,0
11.731785,1.570796,1.181405,-2.272808,0
11.736289,1.570796,1.180633,-2.272693,0
11.740793,1.570796,1.179861,-2.272577,0
11.745298,1.570796,1.179089,-2.272461,0
11.749802,1.570796,1.178317,-2.272344,0
11.754306,1.570796,1.177545,-2.272227,0
11.75881,1.570796,1.176772,-2.272109,0
11.763315,1.570796,1.176,-2.271991,0
11.767819,1.570796,1.175227,-2.271872,0
11.772323,1.570796,1.174454,-2.271753,0
11.776827,1.570796,1.17368,-2.271634,0
11.781332,1.570796,1.172907,-2.271514,0
11.785836,1.570796,1.172133,-2.271393,0
11.79034,1.570796,1.171359,-2.271272,0
11.794844,1.570796,1.170585,-2.271151,0
11.799349,1.570796,1.169811,-2.271029,0
11.803853,1.570796,1.169037,-2.270907,0
11.808357,1.570796,1.168262,-2.270784,0
11.812861,1.570796,1.167488,-2.270661,0
11.817366,1.570796,1.166713,-2.270537,0
11.82187,1.570796,1.165938,-2.270413,0
11.826374,1.570796,1.165162,-2.270289,0
11.830878,1.570796,1.164387,-2.270164,0
11.835383,1.570796,1.163612,-2.270038,0
11.839887,1.570796,1.162836,-2.269912,0
11.844391,1.570796,1.16206,-2.269786,0
11.848895,1.570796,1.161284,-2.269659,0
11.8534,1.570796,1.160508,-2.269532,0
11.857904,1.570796,1.159731,-2.269404,0
11.862408,1.570796,1.158955,-2.269276,0
11.866912,1.570796,1.158178,-2.269147,0
11.871417,1.570796,1.157401,-2.269018,0
11.875921,1.570796,1.156624,-2.268888,0
11.880425,1.570796,1.155847,-2.268758,0
11.884929,1.570796,1.155069,-2.268628,0
11.889434,1.570796,1.154292,-2.268497,0
11.893938,1.570796,1.153514,-2.268365,0
11.898442,1.570796,1.152736,-2.268234,0
11.902946,1.570796,1.151958,-2.268101,0
11.907451,1.570796,1.15118,-2.267969,0
11.911955,1.570796,1.150401,-2.267835,0
11.916459,1.570796,1.149623,-2.267702,0
11.920963,1.570796,1.148844,-2.267568,0
11.925468,1.570796,1.148065,-2.267433,0
11.929972,1.570796,1.147286,-2.267298,0
11.934476,1.570796,1.146507,-2.267162,0
11.93898,1.570796,1.145728,-2.267026,0
11.943485,1.570796,1.144948,-2.26689,0
11.947989,1.570796,1.144169,-2.266753,0
11.952493,1.570796,1.143389,-2.266616,0
11.956997,1.570796,1.142609,-2.266478,0
11.961502,1.570796,1.141829,-2.26634,0
11.966006,1.570796,1.141049,-2.266201,0
11.97051,1.570796,1.140268,-2.266062,0
11.975014,1.570796,1.139488,-2.265923,0
11.979519,1.570796,1.138707,-2.265783,0
11.984023,1.570796,1.137927,-2.265642,0
11.988527,1.570796,1.137146,-2.265501,0
11.993031,1.570796,1.136364,-2.26536,0
11.997536,1.570796,1.135583,-2.265218,0
12.00204,1.570796,1.134802,-2.265076,0
12.006544,1.570796,1.13402,-2.264933,0
12.011048,1.570796,1.133239,-2.26479,0
12.015553,1.570796,1.132457,-2.264646,0
12.020057,1.570796,1.131675,-2.264502,0
12.024561,1.570796,1.130893,-2.264358,0
12.029066,1.570796,1.130111,-2.264213,0
12.03357,1.570796,1.129328,-2.264067,0
12.038074,1.570796,1.128546,-2.263921,0
12.042578,1.570796,1.127763,-2.263775,0
12.047083,1.570796,1.12698,-2.263628,0
12.051587,1.570796,1.126197,-2.263481,0
12.056091,1.570796,1.125414,-2.263333,0
12.060595,1.570796,1.124631,-2.263185,0
12.0651,1.570796,1.123848,-2.263037,0
12.0651,1.570796,1.123008,-2.262772,0
12.069604,1.570796,1.123791,-2.262921,0
12.074108,1.570796,1.124575,-2.26307,0
12.078612,1.570796,1.125358,-2.263219,0
12.083117,1.570796,1.126141,-2.263367,0
12.087621,1.570796,1.126924,-2.263515,0
12.092125,1.570796,1.127707,-2.263662,0
12.096629,1.570796,1.12849,-2.263809,0
12.101134,1.570796,1.129272,-2.263955,0
12.105638,1.570796,1.130055,-2.264101,0
12.110142,1.570796,1.130837,-2.264246,0
12.114646,1.570796,1.131619,-2.264391,0
12.119151,1.570796,1.132401,-2.264536,0
12.123655,1.570796,1.133183,-2.26468,0
12.128159,1.570796,1.133965,-2.264823,0
12.132663,1.570796,1.134746,-2.264967,0
12.137168,1.570796,1.135528,-2.265109,0
12.141672,1.570796,1.136309,-2.265251,0
12.146176,1.570796,1.13709,-2.265393,0
12.15068,1.570796,1.137871,-2.265535,0
12.155185,1.570796,1.138652,-2.265676,0
12.159689,1.570796,1.139433,-2.265816,0
12.164193,1.570796,1.140213,-2.265956,0
12.168697,1.570796,1.140994,-2.266096,0
12.173202,1.570796,1.141774,-2.266235,0
12.177706,1.570796,1.142554,-2.266373,0
12.18221,1.570796,1.143334,-2.266511,0
12.186714,1.570796,1.144114,-2.266649,0
12.191219,1.570796,1.144894,-2.266787,0
12.195723,1.570796,1.145673,-2.266923,0
12.200227,1.570796,1.146452,-2.26706,0
12.204731,1.570796,1.147232,-2.267196,0
12.209236,1.570796,1.148011,-2.267331,0
12.21374,1.570796,1.14879,-2.267466,0
12.218244,1.570796,1.149568,-2.267601,0
12.222748,1.570796,1.150347,-2.267735,0
12.227253,1.570796,1.151125,-2.267869,0
12.231757,1.570796,1.151904,-2.268002,0
12.236261,1.570796,1.152682,-2.268134,0
12.240765,1.570796,1.15346,-2.268267,0
12.24527,1.570796,1.154238,-2.268399,0
12.249774,1.570796,1.155015,-2.26853,0
12.254278,1.570796,1.155793,-2.268661,0
12.258782,1.570796,1.15657,-2.268791,0
12.263287,1.570796,1.157347,-2.268921,0
12.267791,1.570796,1.158124,-2.269051,0
12.272295,1.570796,1.158901,-2.26918,0
12.276799,1.570796,1.159678,-2.269309,0
12.281304,1.570796,1.160454,-2.269437,0
12.285808,1.570796,1.161231,-2.269565,0
12.290312,1.570796,1.162007,-2.269692,0
12.294816,1.570796,1.162783,-2.269819,0
12.299321,1.570796,1.163559,-2.269945,0
12.303825,1.570796,1.164334,-2.270071,0
12.308329,1.570796,1.16511,-2.270197,0
12.312833,1.570796,1.165885,-2.270322,0
12.317338,1.570796,1.16666,-2.270446,0
12.321842,1.570796,1.167435,-2.27057,0
12.326346,1.570796,1.16821,-2.270694,0
12.33085,1.570796,1.168985,-2.270817,0
12.335355,1.570796,1.169759,-2.27094,0
12.339859,1.570796,1.170533,-2.271062,0
12.344363,1.570796,1.171307,-2.271184,0
12.348868,1.570796,1.172081,-2.271305,0
12.353372,1.570796,1.172855,-2.271426,0
12.357876,1.570796,1.173629,-2.271547,0
12.36238,1.570796,1.174402,-2.271667,0
12.366885,1.570796,1.175175,-2.271786,0
12.371389,1.570796,1.175948,-2.271905,0
12.375893,1.570796,1.176721,-2.272024,0
12.380397,1.570796,1.177494,-2.272142,0
12.384902,1.570796,1.178266,-2.27226,0
12.389406,1.570796,1.179038,-2.272377,0
12.39391,1.570796,1.179811,-2.272494,0
12.398414,1.570796,1.180583,-2.27261,0
12.402919,1.570796,1.181354,-2.272726,0
12.407423,1.570796,1.182126,-2.272841,0
12.411927,1.570796,1.182897,-2.272956,0
12.416431,1.570796,1.183668,-2.273071,0
12.420936,1.570796,1.184439,-2.273185,0
12.42544,1.570796,1.18521,-2.273298,0
12.429944,1.570796,1.185981,-2.273411,0
12.434448,1.570796,1.186751,-2.273524,0
12.438953,1.570796,1.187521,-2.273636,0
12.443457,1.570796,1.188291,-2.273748,0
12.447961,1.570796,1.189061,-2.273859,0
12.452465,1.570796,1.189831,-2.27397,0
12.45697,1.570796,1.1906,-2.27408,0
12.461474,1.570796,1.191369,-2.27419,0
12.465978,1.570796,1.192138,-2.274299,0
12.470482,1.570796,1.192907,-2.274408,0
12.474987,1.570796,1.193676,-2.274517,0
12.479491,1.570796,1.194444,-2.274625,0
12.483995,1.570796,1.195213,-2.274732,0
12.488499,1.570796,1.195981,-2.274839,0
12.493004,1.570796,1.196749,-2.274946,0
12.497508,1.570796,1.197516,-2.275052,0
12.502012,1.570796,1.198284,-2.275158,0
12.506516,1.570796,1.199051,-2.275263,0
12.511021,1.570796,1.199818,-2.275368,0
12.515525,1.570796,1.200585,-2.275472,0
12.520029,1.570796,1.201351,-2.275576,0
12.524533,1.570796,1.202118,-2.27568,0
12.529038,1.570796,1.202884,-2.275782,0
12.533542,1.570796,1.20365,-2.275885,0
12.538046,1.570796,1.204416,-2.275987,0
12.54255,1.570796,1.205181,-2.276088,0
12.547055,1.570796,1.205947,-2.27619,0
12.551559,1.570796,1.206712,-2.27629,0
12.556063,1.570796,1.207477,-2.27639,0
12.560567,1.570796,1.208241,-2.27649,0
12.565072,1.570796,1.209006,-2.276589,0
12.569576,1.570796,1.20977,-2.276688,0
12.57408,1.570796,1.210534,-2.276786,0
12.578584,1.570796,1.211298,-2.276884,0
12.583089,1.570796,1.212062,-2.276981,0
12.587593,1.570796,1.212825,-2.277078,0
12.592097,1.570796,1.213588,-2.277175,0
12.596601,1.570796,1.214351,-2.277271,0
12.601106,1.570796,1.215114,-2.277366,0
12.60561,1.570796,1.215877,-2.277461,0
12.610114,1.570796,1.216639,-2.277556,0
12.614618,1.570796,1.217401,-2.27765,0
12.619123,1.570796,1.218163,-2.277744,0
12.623627,1.570796,1.218925,-2.277837,0
12.628131,1.570796,1.219686,-2.27793,0
12.632635,1.570796,1.220447,-2.278022,0
12.63714,1.570796,1.221208,-2.278114,0
12.641644,1.570796,1.221969,-2.278205,0
12.646148,1.570796,1.222729,-2.278296,0
12.650652,1.570796,1.22349,-2.278386,0
12.655157,1.570796,1.22425,-2.278476,0
12.659661,1.570796,1.22501,-2.278565,0
12.664165,1.570796,1.225769,-2.278654,0
12.66867,1.570796,1.226529,-2.278743,0
12.673174,1.570796,1.227288,-2.278831,0
12.677678,1.570796,1.228047,-2.278919,0
12.682182,1.570796,1.228805,-2.279006,0
12.686687,1.570796,1.229564,-2.279092,0
12.691191,1.570796,1.230322,-2.279179,0
12.695695,1.570796,1.23108,-2.279264,0
12.700199,1.570796,1.231837,-2.27935,0
12.704704,1.570796,1.232595,-2.279434,0
12.709208,1.570796,1.233352,-2.279519,0
12.713712,1.570796,1.234109,-2.279602,0
12.718216,1.570796,1.234866,-2.279686,0
12.722721,1.570796,1.235622,-2.279769,0
12.727225,1.570796,1.236379,-2.279851,0
12.731729,1.570796,1.237135,-2.279933,0
12.736233,1.570796,1.237891,-2.280015,0
12.740738,1.570796,1.238646,-2.280096,0
12.745242,1.570796,1.239401,-2.280176,0
12.749746,1.570796,1.240156,-2.280256,0
12.75425,1.570796,1.240911,-2.280336,0
12.758755,1.570796,1.241666,-2.280415,0
12.763259,1.570796,1.24242,-2.280494,0
12.767763,1.570796,1.243174,-2.280572,0
12.772267,1.570796,1.243928,-2.28065,0
12.776772,1.570796,1.244682,-2.280727,0
12.781276,1.570796,1.245435,-2.280804,0
12.78578,1.570796,1.246188,-2.28088,0
12.790284,1.570796,1.246941,-2.280956,0
12.794789,1.570796,1.247693,-2.281032,0
12.799293,1.570796,1.248446,-2.281107,0
12.803797,1.570796,1.249198,-2.281181,0
12.808301,1.570796,1.249949,-2.281255,0
12.812806,1.570796,1.250701,-2.281329,0
12.81731,1.570796,1.251452,-2.281402,0
12.821814,1.570796,1.252203,-2.281474,0
12.826318,1.570796,1.252954,-2.281546,0
12.830823,1.570796,1.253704,-2.281618,0
12.835327,1.570796,1.254455,-2.281689,0
12.839831,1.570796,1.255205,-2.28176,0
12.844335,1.570796,1.255954,-2.28183,0
12.84884,1.570796,1.256704,-2.2819,0
12.853344,1.570796,1.257453,-2.281969,0
12.857848,1.570796,1.258202,-2.282038,0
12.862352,1.570796,1.25895,-2.282107,0
12.866857,1.570796,1.259699,-2.282174,0
12.871361,1.570796,1.260447,-2.282242,0
12.875865,1.570796,1.261195,-2.282309,0
12.880369,1.570796,1.261942,-2.282375,0
12.884874,1.570796,1.26269,-2.282441,0
12.889378,1.570796,1.263437,-2.282507,0
12.893882,1.570796,1.264183,-2.282572,0
12.898386,1.570796,1.26493,-2.282636,0
12.902891,1.570796,1.265676,-2.282701,0
12.907395,1.570796,1.266422,-2.282764,0
12.911899,1.570796,1.267168,-2.282827,0
12.916403,1.570796,1.267913,-2.28289,0
12.920908,1.570796,1.268658,-2.282952,0
12.925412,1.570796,1.269403,-2.283014,0
12.929916,1.570796,1.270148,-2.283075,0
12.93442,1.570796,1.270892,-2.283136,0
12.938925,1.570796,1.271636,-2.283197,0
12.943429,1.570796,1.27238,-2.283257,0
12.947933,1.570796,1.273123,-2.283316,0
12.952437,1.570796,1.273866,-2.283375,0
12.956942,1.570796,1.274609,-2.283433,0
12.961446,1.570796,1.275352,-2.283491,0
12.96595,1.570796,1.276094,-2.283549,0
12.970454,1.570796,1.276836,-2.283606,0
12.974959,1.570796,1.277578,-2.283662,0
12.979463,1.570796,1.27832,-2.283719,0
12.983967,1.570796,1.279061,-2.283774,0
12.988472,1.570796,1.279802,-2.283829,0
12.992976,1.570796,1.280542,-2.283884,0
12.99748,1.570796,1.281283,-2.283938,0
13.001984,1.570796,1.282023,-2.283992,0
13.006489,1.570796,1.282762,-2.284045,0
13.010993,1.570796,1.283502,-2.284098,0
13.015497,1.570796,1.284241,-2.28415,0
13.020001,1.570796,1.28498,-2.284202,0
13.024506,1.570796,1.285718,-2.284254,0
13.02901,1.570796,1.286457,-2.284304,0
13.033514,1.570796,1.287195,-2.284355,0
13.038018,1.570796,1.287932,-2.284405,0
13.042523,1.570796,1.28867,-2.284454,0
13.047027,1.570796,1.289407,-2.284503,0
13.051531,1.570796,1.290144,-2.284552,0
13.056035,1.570796,1.29088,-2.2846,0
13.06054,1.570796,1.291616,-2.284647,0
13.065044,1.570796,1.292352,-2.284695,0
13.069548,1.570796,1.293088,-2.284741,0
13.074052,1.570796,1.293823,-2.284787,0
13.078557,1.570796,1.294558,-2.284833,0
13.083061,1.570796,1.295293,-2.284878,0
13.087565,1.570796,1.296027,-2.284923,0
13.092069,1.570796,1.296761,-2.284967,0
13.096574,1.570796,1.297495,-2.285011,0
13.101078,1.570796,1.298229,-2.285054,0
13.105582,1.570796,1.298962,-2.285097,0
13.110086,1.570796,1.299695,-2.28514,0
13.114591,1.570796,1.300427,-2.285181,0
13.119095,1.570796,1.30116,-2.285223,0
13.123599,1.570796,1.301891,-2.285264,0
13.128103,1.570796,1.302623,-2.285304,0
13.132608,1.570796,1.303354,-2.285344,0
13.137112,1.570796,1.304085,-2.285384,0
13.141616,1.570796,1.304816,-2.285423,0
13.14612,1.570796,1.305546,-2.285461,0
13.150625,1.570796,1.306277,-2.2855,0
13.155129,1.570796,1.307006,-2.285537,0
13.159633,1.570796,1.307736,-2.285574,0
13.164137,1.570796,1.308465,-2.285611,0
13.168642,1.570796,1.309194,-2.285647,0
13.173146,1.570796,1.309922,-2.285683,0
13.17765,1.570796,1.31065,-2.285718,0
13.182154,1.570796,1.311378,-2.285753,0
13.186659,1.570796,1.312106,-2.285787,0
13.191163,1.570796,1.312833,-2.285821,0
13.195667,1.570796,1.31356,-2.285854,0
13.200171,1.570796,1.314286,-2.285887,0
13.204676,1.570796,1.315013,-2.28592,0
13.20918,1.570796,1.315738,-2.285952,0
13.213684,1.570796,1.316464,-2.285983,0
13.218188,1.570796,1.317189,-2.286014,0
13.222693,1.570796,1.317914,-2.286044,0
13.227197,1.570796,1.318639,-2.286074,0
13.231701,1.570796,1.319363,-2.286104,0
13.236205,1.570796,1.320087,-2.286133,0
13.24071,1.570796,1.320811,-2.286162,0
13.245214,1.570796,1.321534,-2.28619,0
13.249718,1.570796,1.322257,-2.286217,0
13.254222,1.570796,1.32298,-2.286245,0
13.258727,1.570796,1.323702,-2.286271,0
13.263231,1.570796,1.324424,-2.286297,0
13.267735,1.570796,1.325146,-2.286323,0
13.272239,1.570796,1.325867,-2.286348,0
13.276744,1.570796,1.326588,-2.286373,0
13.281248,1.570796,1.327308,-2.286398,0
13.285752,1.570796,1.328029,-2.286421,0
13.290256,1.570796,1.328749,-2.286445,0
13.294761,1.570796,1.329468,-2.286468,0
13.299265,1.570796,1.330188,-2.28649,0
13.303769,1.570796,1.330906,-2.286512,0
13.308274,1.570796,1.331625,-2.286533,0
13.312778,1.570796,1.332343,-2.286554,0
13.317282,1.570796,1.333061,-2.286575,0
13.321786,1.570796,1.333779,-2.286595,0
13.326291,1.570796,1.334496,-2.286614,0
13.330795,1.570796,1.335213,-2.286634,0
13.335299,1.570796,1.33593,-2.286652,0
13.339803,1.570796,1.336646,-2.28667,0
13.344308,1.570796,1.337362,-2.286688,0
13.348812,1.570796,1.338077,-2.286705,0
13.353316,1.570796,1.338792,-2.286722,0
13.35782,1.570796,1.339507,-2.286738,0
13.362325,1.570796,1.340222,-2.286754,0
13.366829,1.570796,1.340936,-2.286769,0
13.371333,1.570796,1.341649,-2.286784,0
13.375837,1.570796,1.342363,-2.286798,0
13.380342,1.570796,1.343076,-2.286812,0
13.384846,1.570796,1.343789,-2.286825,0
13.38935,1.570796,1.344501,-2.286838,0
13.393854,1.570796,1.345213,-2.286851,0
13.398359,1.570796,1.345925,-2.286862,0
13.402863,1.570796,1.346636,-2.286874,0
13.407367,1.570796,1.347347,-2.286885,0
13.411871,1.570796,1.348057,-2.286895,0
13.416376,1.570796,1.348768,-2.286905,0
13.42088,1.570796,1.349477,-2.286915,0
13.425384,1.570796,1.350187,-2.286924,0
13.429888,1.570796,1.350896,-2.286933,0
13.434393,1.570796,1.351605,-2.286941,0
13.438897,1.570796,1.352313,-2.286948,0
13.443401,1.570796,1.353021,-2.286955,0
13.447905,1.570796,1.353729,-2.286962,0
13.45241,1.570796,1.354436,-2.286968,0
13.456914,1.570796,1.355143,-2.286974,0
13.461418,1.570796,1.35585,-2.286979,0
13.465922,1.570796,1.356556,-2.286984,0
13.470427,1.570796,1.357262,-2.286988,0
13.474931,1.570796,1.357968,-2.286992,0
13.479435,1.570796,1.358673,-2.286996,0
13.483939,1.570796,1.359378,-2.286998,0
13.488444,1.570796,1.360082,-2.287001,0
13.492948,1.570796,1.360786,-2.287003,0
13.497452,1.570796,1.36149,-2.287004,0
13.501956,1.570796,1.362193,-2.287005,0
13.506461,1.570796,1.362896,-2.287006,0
13.510965,1.570796,1.363598,-2.287006,0
13.515469,1.570796,1.364301,-2.287005,0
13.519973,1.570796,1.365002,-2.287004,0
13.524478,1.570796,1.365704,-2.287003,0
13.528982,1.570796,1.366405,-2.287001,0
13.533486,1.570796,1.367106,-2.286998,0
13.53799,1.570796,1.367806,-2.286996,0
13.542495,1.570796,1.368506,-2.286992,0
13.546999,1.570796,1.369205,-2.286988,0
13.551503,1.570796,1.369905,-2.286984,0
13.556007,1.570796,1.370603,-2.286979,0
13.560512,1.570796,1.371302,-2.286974,0
13.565016,1.570796,1.372,-2.286968,0
13.56952,1.570796,1.372697,-2.286962,0
13.574024,1.570796,1.373395,-2.286956,0
13.578529,1.570796,1.374092,-2.286948,0
13.583033,1.570796,1.374788,-2.286941,0
13.587537,1.570796,1.375484,-2.286933,0
13.592041,1.570796,1.37618,-2.286924,0
13.596546,1.570796,1.376875,-2.286915,0
13.60105,1.570796,1.37757,-2.286906,0
13.605554,1.570796,1.378265,-2.286896,0
13.610058,1.570796,1.378959,-2.286885,0
13.614563,1.570796,1.379653,-2.286874,0
13.619067,1.570796,1.380346,-2.286863,0
13.623571,1.570796,1.381039,-2.286851,0
13.628076,1.570796,1.381732,-2.286838,0
13.63258,1.570796,1.382424,-2.286826,0
13.637084,1.570796,1.383116,-2.286812,0
13.641588,1.570796,1.383808,-2.286798,0
13.646093,1.570796,1.384499,-2.286784,0
13.650597,1.570796,1.385189,-2.286769,0
13.655101,1.570796,1.38588,-2.286754,0
13.659605,1.570796,1.38657,-2.286738,0
13.66411,1.570796,1.387259,-2.286722,0
13.668614,1.570796,1.387948,-2.286705,0
13.673118,1.570796,1.388637,-2.286688,0
13.677622,1.570796,1.389325,-2.286671,0
13.682127,1.570796,1.390013,-2.286653,0
13.686631,1.570796,1.390701,-2.286634,0
13.691135,1.570796,1.391388,-2.286615,0
13.695639,1.570796,1.392074,-2.286595,0
13.700144,1.570796,1.392761,-2.286575,0
13.704648,1.570796,1.393447,-2.286555,0
13.709152,1.570796,1.394132,-2.286534,0
13.713656,1.570796,1.394817,-2.286513,0
13.718161,1.570796,1.395502,-2.286491,0
13.722665,1.570796,1.396186,-2.286468,0
13.727169,1.570796,1.39687,-2.286445,0
13.731673,1.570796,1.397554,-2.286422,0
13.736178,1.570796,1.398237,-2.286398,0
13.740682,1.570796,1.398919,-2.286374,0
13.745186,1.570796,1.399602,-2.286349,0
13.74969,1.570796,1.400283,-2.286324,0
13.754195,1.570796,1.400965,-2.286298,0
13.758699,1.570796,1.401646,-2.286272,0
13.763203,1.570796,1.402327,-2.286245,0
13.767707,1.570796,1.403007,-2.286218,0
13.772212,1.570796,1.403687,-2.28619,0
13.776716,1.570796,1.404366,-2.286162,0
13.78122,1.570796,1.405045,-2.286134,0
13.785724,1.570796,1.405724,-2.286105,0
13.790229,1.570796,1.406402,-2.286075,0
13.794733,1.570796,1.407079,-2.286045,0
13.799237,1.570796,1.407757,-2.286015,0
13.803741,1.570796,1.408434,-2.285984,0
13.808246,1.570796,1.40911,-2.285952,0
13.81275,1.570796,1.409786,-2.28592,0
13.817254,1.570796,1.410462,-2.285888,0
13.821758,1.570796,1.411137,-2.285855,0
13.826263,1.570796,1.411812,-2.285822,0
13.830767,1.570796,1.412487,-2.285788,0
13.835271,1.570796,1.413161,-2.285754,0
13.839775,1.570796,1.413834,-2.285719,0
13.84428,1.570796,1.414507,-2.285684,0
13.848784,1.570796,1.41518,-2.285648,0
13.853288,1.570796,1.415852,-2.285612,0
13.857792,1.570796,1.416524,-2.285575,0
13.862297,1.570796,1.417196,-2.285538,0
13.866801,1.570796,1.417867,-2.2855,0
13.871305,1.570796,1.418537,-2.285462,0
13.875809,1.570796,1.419207,-2.285424,0
13.880314,1.570796,1.419877,-2.285385,0
13.884818,1.570796,1.420547,-2.285345,0
13.889322,1.570796,1.421216,-2.285305,0
13.893826,1.570796,1.421884,-2.285265,0
13.898331,1.570796,1.422552,-2.285224,0
13.902835,1.570796,1.42322,-2.285182,0
13.907339,1.570796,1.423887,-2.285141,0
13.911843,1.570796,1.424554,-2.285098,0
13.916348,1.570796,1.42522,-2.285055,0
13.920852,1.570796,1.425886,-2.285012,0
13.925356,1.570796,1.426551,-2.284968,0
13.92986,1.570796,1.427216,-2.284924,0
13.934365,1.570796,1.427881,-2.284879,0
13.938869,1.570796,1.428545,-2.284834,0
13.943373,1.570796,1.429209,-2.284788,0
13.947878,1.570796,1.429872,-2.284742,0
13.952382,1.570796,1.430535,-2.284696,0
13.956886,1.570796,1.431198,-2.284649,0
13.96139,1.570796,1.43186,-2.284601,0
13.965895,1.570796,1.432521,-2.284553,0
13.970399,1.570796,1.433182,-2.284504,0
13.974903,1.570796,1.433843,-2.284455,0
13.979407,1.570796,1.434503,-2.284406,0
13.983912,1.570796,1.435163,-2.284356,0
13.988416,1.570796,1.435822,-2.284306,0
13.99292,1.570796,1.436481,-2.284255,0
13.997424,1.570796,1.43714,-2.284203,0
14.001929,1.570796,1.437798,-2.284152,0
14.006433,1.570796,1.438455,-2.284099,0
14.010937,1.570796,1.439113,-2.284046,0
14.015441,1.570796,1.439769,-2.283993,0
14.019946,1.570796,1.440425,-2.283939,0
14.02445,1.570796,1.441081,-2.283885,0
14.028954,1.570796,1.441737,-2.283831,0
14.033458,1.570796,1.442392,-2.283775,0
14.037963,1.570796,1.443046,-2.28372,0
14.042467,1.570796,1.4437,-2.283664,0
14.046971,1.570796,1.444354,-2.283607,0
14.051475,1.570796,1.445007,-2.28355,0
14.05598,1.570796,1.44566,-2.283493,0
14.060484,1.570796,1.446312,-2.283435,0
14.064988,1.570796,1.446964,-2.283376,0
14.069492,1.570796,1.447615,-2.283317,0
14.073997,1.570796,1.448266,-2.283258,0
14.078501,1.570796,1.448916,-2.283198,0
14.083005,1.570796,1.449566,-2.283138,0
14.087509,1.570796,1.450216,-2.283077,0
14.092014,1.570796,1.450865,-2.283016,0
14.096518,1.570796,1.451514,-2.282954,0
14.101022,1.570796,1.452162,-2.282892,0
14.105526,1.570796,1.452809,-2.282829,0
14.110031,1.570796,1.453457,-2.282766,0
14.114535,1.570796,1.454104,-2.282702,0
14.119039,1.570796,1.45475,-2.282638,0
14.123543,1.570796,1.455396,-2.282573,0
14.128048,1.570796,1.456041,-2.282508,0
14.132552,1.570796,1.456686,-2.282443,0
14.137056,1.570796,1.457331,-2.282377,0
14.14156,1.570796,1.457975,-2.28231,0
14.146065,1.570796,1.458618,-2.282243,0
14.150569,1.570796,1.459262,-2.282176,0
14.155073,1.570796,1.459904,-2.282108,0
14.159577,1.570796,1.460546,-2.28204,0
14.164082,1.570796,1.461188,-2.281971,0
14.168586,1.570796,1.461829,-2.281901,0
14.17309,1.570796,1.46247,-2.281832,0
14.177594,1.570796,1.463111,-2.281761,0
14.182099,1.570796,1.463751,-2.281691,0
14.186603,1.570796,1.46439,-2.28162,0
14.191107,1.570796,1.465029,-2.281548,0
14.195611,1.570796,1.465667,-2.281476,0
14.200116,1.570796,1.466306,-2.281403,0
14.20462,1.570796,1.466943,-2.28133,0
14.209124,1.570796,1.46758,-2.281257,0
14.213628,1.570796,1.468217,-2.281183,0
14.218133,1.570796,1.468853,-2.281108,0
14.222637,1.570796,1.469489,-2.281033,0
14.227141,1.570796,1.470124,-2.280958,0
14.231645,1.570796,1.470759,-2.280882,0
14.23615,1.570796,1.471393,-2.280806,0
14.240654,1.570796,1.472027,-2.280729,0
14.245158,1.570796,1.47266,-2.280651,0
14.249662,1.570796,1.473293,-2.280574,0
14.254167,1.570796,1.473926,-2.280495,0
14.258671,1.570796,1.474557,-2.280417,0
14.263175,1.570796,1.475189,-2.280338,0
14.267679,1.570796,1.47582,-2.280258,0
14.272184,1.570796,1.47645,-2.280178,0
14.276688,1.570796,1.47708,-2.280097,0
14.281192,1.570796,1.47771,-2.280016,0
14.285697,1.570796,1.478339,-2.279935,0
14.290201,1.570796,1.478968,-2.279853,0
14.294705,1.570796,1.479596,-2.27977,0
14.299209,1.570796,1.480224,-2.279687,0
14.303714,1.570796,1.480851,-2.279604,0
14.308218,1.570796,1.481477,-2.27952,0
14.312722,1.570796,1.482104,-2.279436,0
14.312722,1.570796,1.482628,-2.279232,0
14.332396,1.568937,1.483743,-2.281236,0
14.352071,1.56707,1.484855,-2.283236,0
14.371745,1.565195,1.485964,-2.285233,0
14.391419,1.563313,1.487069,-2.287224,0
14.411094,1.561424,1.488171,-2.289212,0
14.430768,1.559527,1.48927,-2.291196,0
14.450442,1.557622,1.490366,-2.293175,0
14.470116,1.55571,1.491458,-2.29515,0
14.489791,1.55379,1.492547,-2.29712,0
14.509465,1.551862,1.493633,-2.299087,0
14.529139,1.549927,1.494715,-2.301049,0
14.548814,1.547984,1.495793,-2.303006,0
14.568488,1.546033,1.496868,-2.30496,0
14.588162,1.544074,1.49794,-2.306908,0
14.607837,1.542107,1.499008,-2.308853,0
14.627511,1.540132,1.500072,-2.310793,0
14.647185,1.53815,1.501133,-2.312729,0
14.666859,1.536159,1.502191,-2.31466,0
14.686534,1.534161,1.503244,-2.316587,0
14.706208,1.532154,1.504294,-2.31851,0
14.725882,1.53014,1.505341,-2.320428,0
14.745557,1.528117,1.506383,-2.322341,0
14.765231,1.526086,1.507422,-2.32425,0
14.784905,1.524047,1.508457,-2.326154,0
14.80458,1.522,1.509489,-2.328054,0
14.824254,1.519945,1.510516,-2.32995,0
14.843928,1.517881,1.51154,-2.33184,0
14.863603,1.515809,1.51256,-2.333727,0
14.883277,1.513729,1.513576,-2.335608,0
14.902951,1.51164,1.514588,-2.337485,0
14.922625,1.509543,1.515596,-2.339357,0
14.9423,1.507438,1.5166,-2.341225,0
14.961974,1.505324,1.5176,-2.343088,0
14.981648,1.503201,1.518595,-2.344946,0
15.001323,1.501071,1.519587,-2.346799,0
15.020997,1.498931,1.520575,-2.348648,0
15.040671,1.496783,1.521559,-2.350492,0
15.060346,1.494627,1.522538,-2.352331,0
15.08002,1.492461,1.523513,-2.354166,0
15.099694,1.490288,1.524484,-2.355995,0
15.119368,1.488105,1.525451,-2.35782,0
15.139043,1.485914,1.526413,-2.35964,0
15.158717,1.483714,1.527371,-2.361454,0
15.178391,1.481505,1.528325,-2.363264,0
15.198066,1.479287,1.529274,-2.36507,0
15.21774,1.47706,1.530219,-2.36687,0
15.237414,1.474825,1.531159,-2.368665,0
15.257089,1.47258,1.532095,-2.370455,0
15.276763,1.470327,1.533026,-2.37224,0
15.296437,1.468065,1.533953,-2.37402,0
15.316111,1.465793,1.534875,-2.375795,0
15.335786,1.463513,1.535792,-2.377565,0
15.35546,1.461224,1.536705,-2.37933,0
15.375134,1.458925,1.537613,-2.38109,0
15.394809,1.456617,1.538516,-2.382844,0
15.414483,1.4543,1.539415,-2.384594,0
15.434157,1.451974,1.540308,-2.386338,0
15.453832,1.449639,1.541197,-2.388077,0
15.473506,1.447294,1.542081,-2.389811,0
15.49318,1.444941,1.54296,-2.391539,0
15.512854,1.442578,1.543834,-2.393263,0
15.532529,1.440205,1.544702,-2.39498,0
15.552203,1.437823,1.545566,-2.396693,0
15.571877,1.435432,1.546425,-2.3984,0
15.591552,1.433031,1.547278,-2.400102,0
15.611226,1.430621,1.548127,-2.401798,0
15.6309,1.428201,1.54897,-2.403489,0
15.650575,1.425772,1.549808,-2.405175,0
15.670249,1.423334,1.55064,-2.406855,0
15.689923,1.420885,1.551468,-2.408529,0
15.709598,1.418427,1.552289,-2.410198,0
15.729272,1.41596,1.553106,-2.411861,0
15.748946,1.413483,1.553917,-2.413519,0
15.76862,1.410996,1.554722,-2.415171,0
15.788295,1.4085,1.555522,-2.416818,0
15.807969,1.405993,1.556316,-2.418458,0
15.827643,1.403477,1.557105,-2.420094,0
15.847318,1.400952,1.557888,-2.421723,0
15.866992,1.398416,1.558665,-2.423346,0
15.886666,1.395871,1.559436,-2.424964,0
15.906341,1.393315,1.560202,-2.426576,0
15.926015,1.39075,1.560962,-2.428182,0
15.945689,1.388175,1.561715,-2.429783,0
15.965363,1.38559,1.562463,-2.431377,0
15.985038,1.382996,1.563205,-2.432966,0
16.004712,1.380391,1.563941,-2.434548,0
16.024386,1.377776,1.564671,-2.436125,0
16.044061,1.375151,1.565394,-2.437695,0
16.063735,1.372516,1.566111,-2.43926,0
16.083409,1.369871,1.566822,-2.440818,0
16.103084,1.367216,1.567527,-2.44237,0
16.122758,1.364551,1.568226,-2.443916,0
16.142432,1.361876,1.568918,-2.445456,0
16.162106,1.359191,1.569603,-2.44699,0
16.181781,1.356495,1.570283,-2.448518,0
16.201455,1.35379,1.570955,-2.450039,0
16.221129,1.351074,1.571621,-2.451554,0
16.240804,1.348348,1.572281,-2.453063,0
16.260478,1.345611,1.572934,-2.454565,0
16.280152,1.342865,1.57358,-2.456061,0
16.299827,1.340108,1.574219,-2.457551,0
16.319501,1.337341,1.574851,-2.459034,0
16.339175,1.334564,1.575477,-2.46051,0
16.35885,1.331776,1.576095,-2.46198,0
16.378524,1.328978,1.576707,-2.463444,0
16.398198,1.32617,1.577312,-2.464901,0
16.417872,1.323351,1.577909,-2.466351,0
16.437547,1.320522,1.578499,-2.467795,0
16.457221,1.317683,1.579083,-2.469232,0
16.476895,1.314833,1.579659,-2.470663,0
16.49657,1.311973,1.580227,-2.472086,0
16.516244,1.309103,1.580789,-2.473503,0
16.535918,1.306222,1.581342,-2.474913,0
16.555593,1.303331,1.581889,-2.476316,0
16.575267,1.300429,1.582428,-2.477713,0
16.594941,1.297517,1.582959,-2.479102,0
16.614615,1.294594,1.583483,-2.480485,0
16.63429,1.291661,1.583999,-2.48186,0
16.653964,1.288717,1.584507,-2.483229,0
16.673638,1.285764,1.585008,-2.48459,0
16.693313,1.282799,1.585501,-2.485945,0
16.712987,1.279824,1.585986,-2.487292,0
16.732661,1.276839,1.586463,-2.488632,0
16.752336,1.273843,1.586931,-2.489965,0
16.77201,1.270837,1.587392,-2.491291,0
16.791684,1.26782,1.587845,-2.492609,0
16.811358,1.264793,1.58829,-2.49392,0
16.831033,1.261755,1.588726,-2.495224,0
16.850707,1.258707,1.589154,-2.496521,0
16.870381,1.255648,1.589574,-2.49781,0
16.890056,1.252579,1.589986,-2.499091,0
16.90973,1.249499,1.590389,-2.500366,0
16.929404,1.246409,1.590783,-2.501632,0
16.949079,1.243309,1.591169,-2.502892,0
16.968753,1.240198,1.591547,-2.504143,0
16.988427,1.237077,1.591915,-2.505387,0
17.008102,1.233945,1.592275,-2.506623,0
17.027776,1.230803,1.592627,-2.507852,0
17.04745,1.22765,1.592969,-2.509073,0
17.067124,1.224487,1.593303,-2.510286,0
17.086799,1.221314,1.593627,-2.511491,0
17.106473,1.21813,1.593943,-2.512689,0
17.126147,1.214936,1.59425,-2.513878,0
17.145822,1.211731,1.594547,-2.51506,0
17.165496,1.208516,1.594836,-2.516234,0
17.18517,1.205291,1.595115,-2.517399,0
17.204845,1.202056,1.595385,-2.518557,0
17.224519,1.19881,1.595645,-2.519707,0
17.244193,1.195554,1.595896,-2.520848,0
17.263867,1.192288,1.596138,-2.521982,0
17.283542,1.189012,1.596371,-2.523107,0
17.303216,1.185725,1.596593,-2.524224,0
17.32289,1.182428,1.596807,-2.525333,0
17.342565,1.179122,1.59701,-2.526434,0
17.362239,1.175805,1.597204,-2.527526,0
17.381913,1.172477,1.597388,-2.52861,0
17.401588,1.16914,1.597563,-2.529685,0
17.421262,1.165793,1.597727,-2.530752,0
17.440936,1.162436,1.597882,-2.531811,0
17.46061,1.159069,1.598027,-2.532861,0
17.480285,1.155692,1.598161,-2.533902,0
17.499959,1.152304,1.598286,-2.534935,0
17.519633,1.148908,1.5984,-2.535959,0
17.539308,1.145501,1.598505,-2.536975,0
17.558982,1.142084,1.598599,-2.537982,0
17.578656,1.138658,1.598683,-2.53898,0
17.598331,1.135222,1.598757,-2.53997,0
17.618005,1.131776,1.59882,-2.54095,0
17.637679,1.128321,1.598873,-2.541922,0
17.657353,1.124856,1.598915,-2.542885,0
17.677028,1.121381,1.598947,-2.543839,0
17.696702,1.117897,1.598968,-2.544784,0
17.716376,1.114403,1.598979,-2.54572,0
17.736051,1.1109,1.598979,-2.546647,0
17.755725,1.107388,1.598969,-2.547565,0
17.775399,1.103866,1.598948,-2.548474,0
17.795074,1.100335,1.598916,-2.549374,0
17.814748,1.096795,1.598873,-2.550264,0
17.834422,1.093245,1.598819,-2.551146,0
17.854097,1.089687,1.598755,-2.552018,0
17.873771,1.086119,1.598679,-2.55288,0
17.893445,1.082543,1.598593,-2.553734,0
17.913119,1.078957,1.598495,-2.554578,0
17.932794,1.075362,1.598387,-2.555413,0
17.952468,1.071759,1.598267,-2.556238,0
17.972142,1.068147,1.598136,-2.557054,0
17.991817,1.064526,1.597994,-2.557861,0
18.011491,1.060897,1.597841,-2.558657,0
18.031165,1.057259,1.597676,-2.559445,0
18.05084,1.053612,1.597501,-2.560223,0
18.070514,1.049957,1.597314,-2.560991,0
18.090188,1.046293,1.597115,-2.561749,0
18.109862,1.042622,1.596906,-2.562498,0
18.129537,1.038942,1.596684,-2.563237,0
18.149211,1.035254,1.596452,-2.563966,0
18.168885,1.031557,1.596208,-2.564686,0
18.18856,1.027853,1.595952,-2.565395,0
18.208234,1.024141,1.595685,-2.566095,0
18.227908,1.020421,1.595406,-2.566785,0
18.247583,1.016693,1.595116,-2.567465,0
18.267257,1.012957,1.594814,-2.568135,0
18.286931,1.009214,1.5945,-2.568795,0
18.306605,1.005463,1.594175,-2.569445,0
18.32628,1.001705,1.593838,-2.570085,0
18.345954,0.997939,1.593489,-2.570715,0
18.365628,0.994166,1.593129,-2.571335,0
18.385303,0.990386,1.592757,-2.571945,0
18.404977,0.986598,1.592373,-2.572544,0
18.424651,0.982804,1.591977,-2.573134,0
18.444326,0.979002,1.59157,-2.573713,0
18.464,0.975194,1.591151,-2.574282,0
18.483674,0.971379,1.590719,-2.57484,0
18.503349,0.967558,1.590276,-2.575389,0
18.523023,0.963729,1.589822,-2.575927,0
18.542697,0.959895,1.589355,-2.576455,0
18.562371,0.956053,1.588876,-2.576972,0
18.582046,0.952206,1.588386,-2.577479,0
18.60172,0.948352,1.587884,-2.577975,0
18.621394,0.944493,1.587369,-2.578461,0
18.641069,0.940627,1.586843,-2.578937,0
18.660743,0.936755,1.586305,-2.579402,0
18.680417,0.932878,1.585755,-2.579856,0
18.700092,0.928995,1.585193,-2.5803,0
18.719766,0.925106,1.584619,-2.580734,0
18.73944,0.921212,1.584034,-2.581157,0
18.759114,0.917312,1.583436,-2.581569,0
18.778789,0.913407,1.582827,-2.58197,0
18.798463,0.909497,1.582205,-2.582361,0
18.818137,0.905582,1.581572,-2.582741,0
18.837812,0.901662,1.580927,-2.583111,0
18.857486,0.897738,1.58027,-2.58347,0
18.87716,0.893808,1.579601,-2.583818,0
18.896835,0.889874,1.57892,-2.584155,0
18.916509,0.885936,1.578227,-2.584482,0
18.936183,0.881993,1.577523,-2.584798,0
18.955857,0.878045,1.576807,-2.585103,0
18.975532,0.874094,1.576079,-2.585397,0
18.995206,0.870139,1.575339,-2.58568,0
19.01488,0.866179,1.574587,-2.585953,0
19.034555,0.862216,1.573824,-2.586214,0
19.054229,0.858249,1.573049,-2.586465,0
19.073903,0.854279,1.572262,-2.586705,0
19.093578,0.850305,1.571464,-2.586934,0
19.113252,0.846328,1.570654,-2.587152,0
19.132926,0.842348,1.569832,-2.587359,0
19.1526,0.838365,1.568999,-2.587555,0
19.172275,0.834379,1.568154,-2.587741,0
19.191949,0.83039,1.567298,-2.587915,0
19.211623,0.826398,1.56643,-2.588078,0
19.231298,0.822404,1.56555,-2.588231,0
19.250972,0.818407,1.56466,-2.588372,0
19.270646,0.814408,1.563758,-2.588502,0
19.290321,0.810406,1.562844,-2.588622,0
19.309995,0.806403,1.561919,-2.58873,0
19.329669,0.802398,1.560983,-2.588827,0
19.349344,0.798391,1.560036,-2.588914,0
19.369018,0.794382,1.559078,-2.588989,0
19.388692,0.790372,1.558108,-2.589053,0
19.408366,0.78636,1.557127,-2.589106,0
19.428041,0.782347,1.556136,-2.589149,0
19.447715,0.778332,1.555133,-2.58918,0
19.467389,0.774317,1.554119,-2.5892,0
19.487064,0.770301,1.553095,-2.589209,0
19.506738,0.766284,1.552059,-2.589207,0
19.526412,0.762266,1.551013,-2.589194,0
19.546087,0.758248,1.549956,-2.58917,0
19.565761,0.75423,1.548888,-2.589135,0
19.585435,0.750211,1.54781,-2.589089,0
19.605109,0.746192,1.546721,-2.589032,0
19.624784,0.742173,1.545621,-2.588963,0
19.644458,0.738154,1.544511,-2.588884,0
19.664132,0.734135,1.543391,-2.588794,0
19.683807,0.730117,1.54226,-2.588693,0
19.703481,0.726099,1.541119,-2.58858,0
19.723155,0.722082,1.539968,-2.588457,0
19.74283,0.718066,1.538807,-2.588323,0
19.762504,0.71405,1.537635,-2.588177,0
19.782178,0.710036,1.536453,-2.588021,0
19.801852,0.706023,1.535262,-2.587854,0
19.821527,0.702011,1.534061,-2.587676,0
19.841201,0.698,1.532849,-2.587486,0
19.860875,0.693991,1.531628,-2.587286,0
19.88055,0.689984,1.530398,-2.587075,0
19.900224,0.685978,1.529157,-2.586853,0
19.919898,0.681975,1.527908,-2.58662,0
19.939573,0.677973,1.526648,-2.586376,0
19.959247,0.673974,1.52538,-2.586121,0
19.978921,0.669977,1.524101,-2.585856,0
19.998596,0.665982,1.522814,-2.585579,0
20.01827,0.66199,1.521518,-2.585292,0
20.037944,0.658001,1.520212,-2.584993,0
20.057618,0.654014,1.518898,-2.584684,0
20.077293,0.650031,1.517574,-2.584364,0
20.096967,0.64605,1.516242,-2.584034,0
20.116641,0.642072,1.5149,-2.583692,0
20.136316,0.638098,1.51355,-2.58334,0
20.15599,0.634128,1.512192,-2.582977,0
20.175664,0.63016,1.510825,-2.582604,0
20.195339,0.626197,1.509449,-2.582219,0
20.215013,0.622237,1.508065,-2.581824,0
20.234687,0.618281,1.506673,-2.581418,0
20.254361,0.61433,1.505272,-2.581002,0
20.274036,0.610382,1.503864,-2.580575,0
20.29371,0.606438,1.502447,-2.580137,0
20.313384,0.602499,1.501022,-2.579689,0
20.333059,0.598565,1.49959,-2.57923,0
20.352733,0.594635,1.49815,-2.578761,0
20.372407,0.59071,1.496701,-2.578281,0
20.392082,0.586789,1.495246,-2.577791,0
20.411756,0.582873,1.493782,-2.57729,0
20.43143,0.578963,1.492312,-2.576779,0
20.451104,0.575058,1.490833,-2.576257,0
20.470779,0.571158,1.489348,-2.575725,0
20.490453,0.567263,1.487855,-2.575183,0
20.510127,0.563374,1.486356,-2.57463,0
20.529802,0.55949,1.484849,-2.574067,0
20.549476,0.555612,1.483335,-2.573494,0
20.56915,0.55174,1.481814,-2.572911,0
20.588825,0.547874,1.480287,-2.572317,0
20.608499,0.544013,1.478753,-2.571713,0
20.628173,0.540159,1.477212,-2.571099,0
20.647847,0.536311,1.475665,-2.570474,0
20.667522,0.532469,1.474111,-2.56984,0
20.687196,0.528634,1.472551,-2.569195,0
20.70687,0.524805,1.470985,-2.568541,0
20.726545,0.520983,1.469412,-2.567876,0
20.746219,0.517168,1.467834,-2.567201,0
20.765893,0.513359,1.466249,-2.566517,0
20.785568,0.509557,1.464659,-2.565822,0
20.805242,0.505762,1.463062,-2.565118,0
20.824916,0.501974,1.46146,-2.564404,0
20.844591,0.498194,1.459852,-2.56368,0
20.864265,0.49442,1.458239,-2.562946,0
20.883939,0.490654,1.45662,-2.562202,0
20.903613,0.486895,1.454996,-2.561449,0
20.923288,0.483144,1.453366,-2.560685,0
20.942962,0.4794,1.451732,-2.559913,0
20.962636,0.475664,1.450092,-2.55913,0
20.982311,0.471936,1.448446,-2.558338,0
21.001985,0.468215,1.446796,-2.557536,0
21.021659,0.464502,1.445141,-2.556725,0
21.041334,0.460798,1.443482,-2.555904,0
21.061008,0.457101,1.441817,-2.555074,0
21.080682,0.453413,1.440148,-2.554235,0
21.100356,0.449732,1.438474,-2.553386,0
21.120031,0.44606,1.436796,-2.552527,0
21.139705,0.442396,1.435113,-2.55166,0
21.159379,0.438741,1.433426,-2.550783,0
21.179054,0.435094,1.431734,-2.549896,0
21.198728,0.431456,1.430039,-2.549001,0
21.218402,0.427826,1.428339,-2.548096,0
21.238077,0.424205,1.426636,-2.547182,0
21.257751,0.420593,1.424928,-2.546259,0
21.277425,0.416989,1.423216,-2.545327,0
21.297099,0.413395,1.421501,-2.544386,0
21.316774,0.409809,1.419782,-2.543436,0
21.336448,0.406232,1.418059,-2.542477,0
21.356122,0.402665,1.416333,-2.541509,0
21.375797,0.399106,1.414603,-2.540532,0
21.395471,0.395556,1.41287,-2.539547,0
21.415145,0.392016,1.411133,-2.538552,0
21.43482,0.388485,1.409393,-2.537549,0
21.454494,0.384963,1.40765,-2.536537,0
21.474168,0.381451,1.405904,-2.535516,0
21.493843,0.377948,1.404155,-2.534486,0
21.513517,0.374455,1.402402,-2.533448,0
21.533191,0.370971,1.400647,-2.532401,0
21.552865,0.367496,1.398889,-2.531346,0
21.57254,0.364031,1.397128,-2.530282,0
21.592214,0.360576,1.395364,-2.52921,0
21.611888,0.357131,1.393598,-2.528129,0
21.631563,0.353695,1.391829,-2.52704,0
21.651237,0.350269,1.390057,-2.525943,0
21.670911,0.346853,1.388283,-2.524837,0
21.690586,0.343446,1.386507,-2.523723,0
21.71026,0.34005,1.384728,-2.5226,0
21.729934,0.336663,1.382947,-2.521469,0
21.749608,0.333287,1.381164,-2.520331,0
21.769283,0.32992,1.379378,-2.519184,0
21.788957,0.326563,1.377591,-2.518029,0
21.808631,0.323217,1.375801,-2.516865,0
21.828306,0.31988,1.37401,-2.515694,0
21.84798,0.316554,1.372216,-2.514515,0
21.867654,0.313237,1.370421,-2.513328,0
21.887329,0.309931,1.368624,-2.512133,0
21.907003,0.306635,1.366825,-2.51093,0
21.926677,0.303349,1.365024,-2.509719,0
21.946351,0.300074,1.363222,-2.5085,0
21.966026,0.296808,1.361418,-2.507274,0
21.9857,0.293553,1.359613,-2.50604,0
22.005374,0.290309,1.357806,-2.504798,0
22.025049,0.287074,1.355997,-2.503548,0
22.044723,0.28385,1.354188,-2.502291,0
22.064397,0.280636,1.352377,-2.501026,0
22.084072,0.277433,1.350564,-2.499754,0
22.103746,0.27424,1.348751,-2.498474,0
22.12342,0.271057,1.346936,-2.497187,0
22.143095,0.267885,1.34512,-2.495892,0
22.162769,0.264723,1.343303,-2.49459,0
22.182443,0.261572,1.341485,-2.493281,0
22.202117,0.258431,1.339666,-2.491964,0
22.221792,0.2553,1.337846,-2.49064,0
22.241466,0.25218,1.336025,-2.489308,0
22.26114,0.249071,1.334203,-2.48797,0
22.280815,0.245972,1.33238,-2.486624,0
22.300489,0.242883,1.330557,-2.485271,0
22.320163,0.239805,1.328732,-2.483911,0
22.339838,0.236738,1.326908,-2.482543,0
22.359512,0.233681,1.325082,-2.481169,0
22.379186,0.230634,1.323256,-2.479788,0
22.39886,0.227598,1.321429,-2.4784,0
22.418535,0.224573,1.319602,-2.477004,0
22.438209,0.221558,1.317774,-2.475602,0
22.457883,0.218553,1.315945,-2.474193,0
22.477558,0.215559,1.314117,-2.472777,0
22.497232,0.212576,1.312287,-2.471355,0
22.516906,0.209603,1.310458,-2.469925,0
22.536581,0.20664,1.308628,-2.468489,0
22.556255,0.203688,1.306798,-2.467046,0
22.575929,0.200747,1.304967,-2.465596,0
22.595603,0.197816,1.303137,-2.46414,0
22.615278,0.194895,1.301306,-2.462677,0
22.634952,0.191985,1.299475,-2.461208,0
22.654626,0.189086,1.297643,-2.459732,0
22.674301,0.186196,1.295812,-2.458249,0
22.693975,0.183318,1.293981,-2.45676,0
22.713649,0.18045,1.292149,-2.455265,0
22.733324,0.177592,1.290318,-2.453763,0
22.752998,0.174745,1.288486,-2.452255,0
22.772672,0.171908,1.286655,-2.45074,0
22.792346,0.169081,1.284823,-2.449219,0
22.812021,0.166265,1.282992,-2.447692,0
22.831695,0.163459,1.281161,-2.446159,0
22.851369,0.160664,1.27933,-2.444619,0
22.871044,0.157879,1.277499,-2.443073,0
22.890718,0.155104,1.275668,-2.441521,0
22.910392,0.15234,1.273837,-2.439963,0
22.930067,0.149586,1.272007,-2.438399,0
22.949741,0.146842,1.270177,-2.436828,0
22.969415,0.144109,1.268347,-2.435252,0
22.98909,0.141385,1.266517,-2.433669,0
23.008764,0.138672,1.264688,-2.432081,0
23.028438,0.13597,1.262859,-2.430486,0
23.048112,0.133277,1.261031,-2.428886,0
23.067787,0.130595,1.259202,-2.42728,0
23.087461,0.127923,1.257375,-2.425668,0
23.107135,0.125261,1.255547,-2.42405,0
23.12681,0.122609,1.25372,-2.422426,0
23.146484,0.119967,1.251894,-2.420797,0
23.166158,0.117335,1.250068,-2.419161,0
23.185833,0.114714,1.248242,-2.41752,0
23.205507,0.112102,1.246417,-2.415873,0
23.225181,0.1095,1.244592,-2.414221,0
23.244855,0.106909,1.242768,-2.412563,0
23.26453,0.104327,1.240945,-2.410899,0
23.284204,0.101756,1.239122,-2.40923,0
23.303878,0.099194,1.237299,-2.407555,0
23.323553,0.096642,1.235477,-2.405875,0
23.343227,0.0941,1.233656,-2.404189,0
23.362901,0.091568,1.231835,-2.402497,0
23.382576,0.089046,1.230015,-2.4008,0
23.40225,0.086534,1.228196,-2.399098,0
23.421924,0.084031,1.226377,-2.39739,0
23.441598,0.081538,1.224559,-2.395677,0
23.461273,0.079055,1.222742,-2.393959,0
23.480947,0.076581,1.220925,-2.392235,0
23.500621,0.074118,1.219109,-2.390506,0
23.520296,0.071664,1.217293,-2.388771,0
23.53997,0.069219,1.215478,-2.387032,0
23.559644,0.066784,1.213664,-2.385287,0
23.579319,0.064359,1.211851,-2.383537,0
23.598993,0.061943,1.210038,-2.381781,0
23.618667,0.059537,1.208227,-2.380021,0
23.638342,0.05714,1.206415,-2.378255,0
23.658016,0.054753,1.204605,-2.376484,0
23.67769,0.052375,1.202795,-2.374708,0
23.697364,0.050007,1.200987,-2.372927,0
23.717039,0.047648,1.199178,-2.371141,0
23.736713,0.045298,1.197371,-2.36935,0
23.756387,0.042957,1.195565,-2.367554,0
23.776062,0.040626,1.193759,-2.365753,0
23.795736,0.038304,1.191954,-2.363947,0
23.81541,0.035992,1.19015,-2.362136,0
23.835085,0.033688,1.188346,-2.36032,0
23.854759,0.031394,1.186544,-2.358499,0
23.874433,0.029109,1.184742,-2.356674,0
23.894107,0.026833,1.182941,-2.354843,0
23.913782,0.024566,1.181141,-2.353008,0
23.933456,0.022308,1.179342,-2.351167,0
23.95313,0.020059,1.177543,-2.349322,0
23.972805,0.017819,1.175746,-2.347472,0
23.992479,0.015588,1.173949,-2.345618,0
24.012153,0.013366,1.172153,-2.343759,0
24.031828,0.011152,1.170358,-2.341894,0
24.051502,0.008948,1.168563,-2.340026,0
24.071176,0.006753,1.16677,-2.338152,0
24.09085,0.004566,1.164977,-2.336274,0
24.110525,0.002388,1.163185,-2.334391,0
24.130199,0.000218,1.161394,-2.332504,0
24.130199,0,1.158855,-2.328774,0
24.149873,-0.002756,1.159799,-2.330509,0
24.169548,-0.005522,1.16074,-2.332236,0
24.189222,-0.0083,1.161676,-2.333956,0
24.208896,-0.011089,1.162609,-2.33567,0
24.228571,-0.013888,1.163539,-2.337375,0
24.248245,-0.016699,1.164464,-2.339074,0
24.267919,-0.019522,1.165385,-2.340765,0
24.287593,-0.022355,1.166303,-2.342449,0
24.307268,-0.025199,1.167216,-2.344125,0
24.326942,-0.028055,1.168126,-2.345794,0
24.346616,-0.030922,1.169032,-2.347455,0
24.366291,-0.0338,1.169933,-2.349109,0
24.385965,-0.03669,1.170831,-2.350755,0
24.405639,-0.03959,1.171725,-2.352394,0
24.425314,-0.042503,1.172614,-2.354025,0
24.444988,-0.045426,1.1735,-2.355648,0
24.464662,-0.048361,1.174381,-2.357264,0
24.484337,-0.051307,1.175259,-2.358872,0
24.504011,-0.054264,1.176132,-2.360472,0
24.523685,-0.057233,1.177001,-2.362065,0
24.543359,-0.060213,1.177866,-2.363649,0
24.563034,-0.063205,1.178727,-2.365226,0
24.582708,-0.066208,1.179584,-2.366795,0
24.602382,-0.069222,1.180437,-2.368356,0
24.622057,-0.072248,1.181285,-2.369909,0
24.641731,-0.075286,1.182129,-2.371454,0
24.661405,-0.078335,1.182969,-2.372991,0
24.68108,-0.081395,1.183804,-2.37452,0
24.700754,-0.084467,1.184635,-2.376041,0
24.720428,-0.08755,1.185462,-2.377553,0
24.740102,-0.090645,1.186285,-2.379058,0
24.759777,-0.093751,1.187103,-2.380554,0
24.779451,-0.096869,1.187917,-2.382042,0
24.799125,-0.099998,1.188726,-2.383522,0
24.8188,-0.103139,1.189531,-2.384994,0
24.838474,-0.106291,1.190331,-2.386457,0
24.858148,-0.109455,1.191127,-2.387912,0
24.877823,-0.11263,1.191919,-2.389358,0
24.897497,-0.115817,1.192706,-2.390796,0
24.917171,-0.119016,1.193488,-2.392226,0
24.936845,-0.122226,1.194266,-2.393647,0
24.95652,-0.125447,1.19504,-2.395059,0
24.976194,-0.12868,1.195809,-2.396463,0
24.995868,-0.131924,1.196573,-2.397858,0
25.015543,-0.13518,1.197332,-2.399245,0
25.035217,-0.138447,1.198087,-2.400623,0
25.054891,-0.141726,1.198837,-2.401992,0
25.074566,-0.145016,1.199583,-2.403352,0
25.09424,-0.148318,1.200323,-2.404704,0
25.113914,-0.151631,1.201059,-2.406046,0
25.133589,-0.154955,1.201791,-2.40738,0
25.153263,-0.158291,1.202517,-2.408705,0
25.172937,-0.161638,1.203239,-2.410021,0
25.192611,-0.164997,1.203956,-2.411328,0
25.212286,-0.168367,1.204668,-2.412626,0
25.23196,-0.171748,1.205375,-2.413914,0
25.251634,-0.175141,1.206077,-2.415194,0
25.271309,-0.178545,1.206774,-2.416465,0
25.290983,-0.18196,1.207466,-2.417726,0
25.310657,-0.185387,1.208154,-2.418978,0
25.330332,-0.188824,1.208836,-2.420221,0
25.350006,-0.192273,1.209513,-2.421455,0
25.36968,-0.195733,1.210186,-2.422679,0
25.389354,-0.199205,1.210853,-2.423894,0
25.409029,-0.202687,1.211515,-2.425099,0
25.428703,-0.20618,1.212172,-2.426295,0
25.448377,-0.209685,1.212824,-2.427482,0
25.468052,-0.2132,1.213471,-2.428659,0
25.487726,-0.216727,1.214113,-2.429826,0
25.5074,-0.220264,1.214749,-2.430984,0
25.527075,-0.223812,1.215381,-2.432132,0
25.546749,-0.227371,1.216007,-2.433271,0
25.566423,-0.230941,1.216627,-2.4344,0
25.586097,-0.234522,1.217243,-2.435519,0
25.605772,-0.238114,1.217853,-2.436628,0
25.625446,-0.241716,1.218458,-2.437728,0
25.64512,-0.245329,1.219058,-2.438817,0
25.664795,-0.248952,1.219652,-2.439897,0
25.684469,-0.252586,1.220241,-2.440967,0
25.704143,-0.256231,1.220824,-2.442027,0
25.723818,-0.259886,1.221402,-2.443077,0
25.743492,-0.263551,1.221975,-2.444117,0
25.763166,-0.267227,1.222542,-2.445146,0
25.782841,-0.270913,1.223103,-2.446166,0
25.802515,-0.274609,1.223659,-2.447176,0
25.822189,-0.278315,1.22421,-2.448175,0
25.841863,-0.282032,1.224755,-2.449164,0
25.861538,-0.285759,1.225294,-2.450143,0
25.881212,-0.289495,1.225828,-2.451112,0
25.900886,-0.293242,1.226356,-2.45207,0
25.920561,-0.296998,1.226878,-2.453018,0
25.940235,-0.300764,1.227395,-2.453955,0
25.959909,-0.30454,1.227906,-2.454882,0
25.979584,-0.308326,1.228412,-2.455799,0
25.999258,-0.312121,1.228912,-2.456705,0
26.018932,-0.315926,1.229405,-2.457601,0
26.038606,-0.31974,1.229894,-2.458486,0
26.058281,-0.323563,1.230376,-2.45936,0
26.077955,-0.327396,1.230853,-2.460224,0
26.097629,-0.331238,1.231323,-2.461077,0
26.117304,-0.335089,1.231788,-2.461919,0
26.136978,-0.338949,1.232247,-2.462751,0
26.156652,-0.342818,1.2327,-2.463572,0
26.176327,-0.346696,1.233148,-2.464382,0
26.196001,-0.350583,1.233589,-2.465181,0
26.215675,-0.354479,1.234024,-2.46597,0
26.235349,-0.358383,1.234454,-2.466747,0
26.255024,-0.362296,1.234877,-2.467514,0
26.274698,-0.366217,1.235294,-2.468269,0
26.294372,-0.370146,1.235706,-2.469014,0
26.314047,-0.374084,1.236111,-2.469747,0
26.333721,-0.37803,1.23651,-2.47047,0
26.353395,-0.381983,1.236903,-2.471181,0
26.37307,-0.385945,1.23729,-2.471882,0
26.392744,-0.389915,1.237671,-2.472571,0
26.412418,-0.393892,1.238046,-2.473249,0
26.432092,-0.397878,1.238415,-2.473916,0
26.451767,-0.40187,1.238777,-2.474572,0
26.471441,-0.40587,1.239133,-2.475216,0
26.491115,-0.409878,1.239484,-2.475849,0
26.51079,-0.413892,1.239827,-2.476471,0
26.530464,-0.417914,1.240165,-2.477081,0
26.550138,-0.421943,1.240496,-2.47768,0
26.569813,-0.425978,1.240821,-2.478268,0
26.589487,-0.430021,1.24114,-2.478844,0
26.609161,-0.43407,1.241453,-2.479409,0
26.628836,-0.438126,1.241759,-2.479963,0
26.64851,-0.442188,1.242059,-2.480505,0
26.668184,-0.446256,1.242352,-2.481035,0
26.687858,-0.450331,1.242639,-2.481554,0
26.707533,-0.454411,1.24292,-2.482061,0
26.727207,-0.458498,1.243195,-2.482557,0
26.746881,-0.46259,1.243463,-2.483041,0
26.766556,-0.466688,1.243724,-2.483513,0
26.78623,-0.470792,1.243979,-2.483974,0
26.805904,-0.474901,1.244228,-2.484423,0
26.825579,-0.479015,1.24447,-2.484861,0
26.845253,-0.483135,1.244706,-2.485287,0
26.864927,-0.487259,1.244935,-2.485701,0
26.884601,-0.491389,1.245158,-2.486103,0
26.904276,-0.495523,1.245374,-2.486493,0
26.92395,-0.499662,1.245584,-2.486872,0
26.943624,-0.503806,1.245787,-2.487239,0
26.963299,-0.507954,1.245984,-2.487594,0
26.982973,-0.512106,1.246174,-2.487937,0
27.002647,-0.516263,1.246358,-2.488269,0
27.022322,-0.520423,1.246535,-2.488588,0
27.041996,-0.524587,1.246705,-2.488896,0
27.06167,-0.528755,1.246869,-2.489192,0
27.081344,-0.532926,1.247026,-2.489476,0
27.101019,-0.537101,1.247177,-2.489748,0
27.120693,-0.541279,1.247321,-2.490008,0
27.140367,-0.54546,1.247458,-2.490256,0
27.160042,-0.549645,1.247589,-2.490492,0
27.179716,-0.553832,1.247714,-2.490716,0
27.19939,-0.558022,1.247831,-2.490928,0
27.219065,-0.562214,1.247942,-2.491128,0
27.238739,-0.566409,1.248046,-2.491316,0
27.258413,-0.570606,1.248144,-2.491492,0
27.278088,-0.574805,1.248235,-2.491656,0
27.297762,-0.579006,1.248319,-2.491808,0
27.317436,-0.58321,1.248397,-2.491948,0
27.33711,-0.587414,1.248468,-2.492076,0
27.356785,-0.591621,1.248532,-2.492192,0
27.376459,-0.595828,1.248589,-2.492296,0
27.396133,-0.600037,1.24864,-2.492388,0
27.415808,-0.604247,1.248685,-2.492468,0
27.435482,-0.608458,1.248722,-2.492535,0
27.455156,-0.61267,1.248753,-2.492591,0
27.474831,-0.616882,1.248777,-2.492634,0
27.494505,-0.621095,1.248794,-2.492666,0
27.514179,-0.625309,1.248805,-2.492685,0
27.533853,-0.629522,1.248809,-2.492692,0
27.553528,-0.633736,1.248806,-2.492687,0
27.573202,-0.637949,1.248797,-2.49267,0
27.592876,-0.642162,1.248781,-2.492641,0
27.612551,-0.646375,1.248758,-2.4926,0
27.632225,-0.650587,1.248729,-2.492547,0
27.651899,-0.654799,1.248692,-2.492482,0
27.671574,-0.659009,1.24865,-2.492405,0
27.691248,-0.663219,1.2486,-2.492315,0
27.710922,-0.667428,1.248544,-2.492214,0
27.730596,-0.671635,1.248481,-2.4921,0
27.750271,-0.675841,1.248411,-2.491975,0
27.769945,-0.680045,1.248335,-2.491837,0
27.789619,-0.684248,1.248252,-2.491687,0
27.809294,-0.688448,1.248162,-2.491525,0
27.828968,-0.692647,1.248066,-2.491352,0
27.848642,-0.696843,1.247963,-2.491166,0
27.868317,-0.701037,1.247853,-2.490968,0
27.887991,-0.705229,1.247737,-2.490758,0
27.907665,-0.709418,1.247614,-2.490536,0
27.927339,-0.713604,1.247485,-2.490303,0
27.947014,-0.717788,1.247348,-2.490057,0
27.966688,-0.721968,1.247205,-2.489799,0
27.986362,-0.726145,1.247056,-2.489529,0
28.006037,-0.730319,1.2469,-2.489248,0
28.025711,-0.734489,1.246737,-2.488954,0
28.045385,-0.738656,1.246568,-2.488649,0
28.06506,-0.742819,1.246392,-2.488331,0
28.084734,-0.746978,1.24621,-2.488002,0
28.104408,-0.751133,1.246021,-2.487661,0
28.124083,-0.755284,1.245825,-2.487308,0
28.143757,-0.75943,1.245623,-2.486943,0
28.163431,-0.763572,1.245414,-2.486566,0
28.183105,-0.76771,1.245199,-2.486178,0
28.20278,-0.771843,1.244978,-2.485778,0
28.222454,-0.775971,1.244749,-2.485366,0
28.242128,-0.780094,1.244515,-2.484942,0
28.261803,-0.784212,1.244274,-2.484506,0
28.281477,-0.788325,1.244026,-2.484059,0
28.301151,-0.792432,1.243772,-2.4836,0
28.320826,-0.796534,1.243511,-2.483129,0
28.3405,-0.80063,1.243244,-2.482647,0
28.360174,-0.80472,1.242971,-2.482153,0
28.379848,-0.808805,1.242691,-2.481648,0
28.399523,-0.812884,1.242405,-2.481131,0
28.419197,-0.816956,1.242112,-2.480602,0
28.438871,-0.821022,1.241813,-2.480062,0
28.458546,-0.825082,1.241508,-2.47951,0
28.47822,-0.829136,1.241197,-2.478947,0
28.497894,-0.833182,1.240879,-2.478372,0
28.517569,-0.837223,1.240554,-2.477786,0
28.537243,-0.841256,1.240224,-2.477189,0
28.556917,-0.845282,1.239887,-2.47658,0
28.576591,-0.849301,1.239544,-2.475959,0
28.596266,-0.853314,1.239195,-2.475328,0
28.61594,-0.857318,1.238839,-2.474685,0
28.635614,-0.861316,1.238477,-2.474031,0
28.655289,-0.865306,1.23811,-2.473365,0
28.674963,-0.869288,1.237735,-2.472688,0
28.694637,-0.873263,1.237355,-2.472001,0
28.714312,-0.87723,1.236969,-2.471301,0
28.733986,-0.881189,1.236576,-2.470591,0
28.75366,-0.88514,1.236178,-2.46987,0
28.773335,-0.889083,1.235773,-2.469137,0
28.793009,-0.893017,1.235362,-2.468394,0
28.812683,-0.896944,1.234945,-2.467639,0
28.832357,-0.900861,1.234523,-2.466874,0
28.852032,-0.904771,1.234094,-2.466097,0
28.871706,-0.908672,1.233659,-2.46531,0
28.89138,-0.912564,1.233218,-2.464512,0
28.911055,-0.916448,1.232771,-2.463702,0
28.930729,-0.920322,1.232319,-2.462882,0
28.950403,-0.924188,1.23186,-2.462052,0
28.970078,-0.928044,1.231395,-2.46121,0
28.989752,-0.931892,1.230925,-2.460358,0
29.009426,-0.93573,1.230449,-2.459495,0
29.0291,-0.93956,1.229967,-2.458621,0
29.048775,-0.943379,1.229479,-2.457737,0
29.068449,-0.94719,1.228985,-2.456842,0
29.088123,-0.95099,1.228486,-2.455936,0
29.107798,-0.954782,1.227981,-2.45502,0
29.127472,-0.958563,1.22747,-2.454093,0
29.147146,-0.962335,1.226953,-2.453156,0
29.166821,-0.966097,1.226431,-2.452209,0
29.186495,-0.96985,1.225903,-2.451251,0
29.206169,-0.973592,1.225369,-2.450283,0
29.225843,-0.977325,1.22483,-2.449304,0
29.245518,-0.981047,1.224285,-2.448315,0
29.265192,-0.984759,1.223734,-2.447316,0
29.284866,-0.988461,1.223178,-2.446307,0
29.304541,-0.992153,1.222617,-2.445287,0
29.324215,-0.995835,1.22205,-2.444258,0
29.343889,-0.999506,1.221477,-2.443218,0
29.363564,-1.003167,1.220899,-2.442168,0
29.383238,-1.006817,1.220316,-2.441108,0
29.402912,-1.010457,1.219727,-2.440038,0
29.422586,-1.014086,1.219132,-2.438958,0
29.442261,-1.017705,1.218533,-2.437869,0
29.461935,-1.021313,1.217928,-2.436769,0
29.481609,-1.02491,1.217317,-2.435659,0
29.501284,-1.028496,1.216701,-2.43454,0
29.520958,-1.032072,1.21608,-2.433411,0
29.540632,-1.035637,1.215454,-2.432272,0
29.560307,-1.039191,1.214822,-2.431123,0
29.579981,-1.042734,1.214186,-2.429965,0
29.599655,-1.046266,1.213544,-2.428797,0
29.61933,-1.049788,1.212896,-2.42762,0
29.639004,-1.053298,1.212244,-2.426433,0
29.658678,-1.056797,1.211587,-2.425236,0
29.678352,-1.060285,1.210924,-2.42403,0
29.698027,-1.063762,1.210256,-2.422814,0
29.717701,-1.067227,1.209583,-2.421589,0
29.737375,-1.070682,1.208906,-2.420355,0
29.75705,-1.074125,1.208223,-2.419112,0
29.776724,-1.077557,1.207535,-2.417859,0
29.796398,-1.080978,1.206842,-2.416596,0
29.816073,-1.084387,1.206144,-2.415325,0
29.835747,-1.087785,1.205441,-2.414044,0
29.855421,-1.091172,1.204734,-2.412755,0
29.875095,-1.094547,1.204021,-2.411456,0
29.89477,-1.097911,1.203304,-2.410148,0
29.914444,-1.101264,1.202581,-2.408831,0
29.934118,-1.104605,1.201854,-2.407505,0
29.953793,-1.107935,1.201122,-2.40617,0
29.973467,-1.111253,1.200385,-2.404826,0
29.993141,-1.11456,1.199644,-2.403474,0
30.012816,-1.117856,1.198898,-2.402112,0
30.03249,-1.121139,1.198147,-2.400742,0
30.052164,-1.124412,1.197391,-2.399363,0
30.071838,-1.127673,1.196631,-2.397975,0
30.091513,-1.130922,1.195866,-2.396578,0
30.111187,-1.13416,1.195096,-2.395173,0
30.130861,-1.137386,1.194322,-2.393759,0
30.150536,-1.140601,1.193543,-2.392337,0
30.17021,-1.143804,1.19276,-2.390906,0
30.189884,-1.146996,1.191972,-2.389466,0
30.209559,-1.150176,1.191179,-2.388018,0
30.229233,-1.153344,1.190382,-2.386562,0
30.248907,-1.156501,1.189581,-2.385097,0
30.268582,-1.159647,1.188775,-2.383624,0
30.288256,-1.162781,1.187964,-2.382142,0
30.30793,-1.165903,1.187149,-2.380652,0
30.327604,-1.169014,1.18633,-2.379154,0
30.347279,-1.172113,1.185507,-2.377648,0
30.366953,-1.175201,1.184679,-2.376133,0
30.386627,-1.178277,1.183846,-2.37461,0
30.406302,-1.181342,1.18301,-2.37308,0
30.425976,-1.184395,1.182169,-2.371541,0
30.44565,-1.187436,1.181324,-2.369994,0
30.465325,-1.190467,1.180474,-2.368439,0
30.484999,-1.193485,1.17962,-2.366876,0
30.504673,-1.196492,1.178762,-2.365305,0
30.524347,-1.199488,1.1779,-2.363726,0
30.544022,-1.202472,1.177034,-2.362139,0
30.563696,-1.205445,1.176163,-2.360545,0
30.58337,-1.208406,1.175289,-2.358942,0
30.603045,-1.211356,1.17441,-2.357332,0
30.622719,-1.214295,1.173527,-2.355714,0
30.642393,-1.217222,1.17264,-2.354089,0
30.662068,-1.220138,1.171749,-2.352455,0
30.681742,-1.223042,1.170854,-2.350815,0
30.701416,-1.225935,1.169955,-2.349166,0
30.72109,-1.228817,1.169052,-2.34751,0
30.740765,-1.231687,1.168145,-2.345846,0
30.760439,-1.234546,1.167234,-2.344175,0
30.780113,-1.237394,1.166319,-2.342496,0
30.799788,-1.240231,1.1654,-2.34081,0
30.819462,-1.243056,1.164477,-2.339117,0
30.839136,-1.24587,1.163551,-2.337416,0
30.858811,-1.248673,1.16262,-2.335707,0
30.878485,-1.251465,1.161686,-2.333992,0
30.898159,-1.254246,1.160747,-2.332269,0
30.917834,-1.257015,1.159805,-2.330539,0
30.937508,-1.259774,1.158859,-2.328801,0
30.957182,-1.262521,1.157909,-2.327057,0
30.976856,-1.265258,1.156956,-2.325305,0
30.996531,-1.267983,1.155999,-2.323546,0
31.016205,-1.270697,1.155038,-2.32178,0
31.035879,-1.273401,1.154073,-2.320007,0
31.055554,-1.276093,1.153104,-2.318227,0
31.075228,-1.278775,1.152132,-2.31644,0
31.094902,-1.281446,1.151156,-2.314645,0
31.114577,-1.284105,1.150177,-2.312844,0
31.134251,-1.286754,1.149194,-2.311036,0
31.153925,-1.289393,1.148207,-2.309221,0
31.173599,-1.29202,1.147217,-2.307399,0
31.193274,-1.294637,1.146223,-2.305571,0
31.212948,-1.297243,1.145225,-2.303735,0
31.232622,-1.299838,1.144224,-2.301893,0
31.252297,-1.302423,1.14322,-2.300044,0
31.271971,-1.304997,1.142211,-2.298188,0
31.291645,-1.307561,1.1412,-2.296325,0
31.31132,-1.310113,1.140185,-2.294456,0
31.330994,-1.312656,1.139166,-2.29258,0
31.350668,-1.315188,1.138144,-2.290697,0
31.370342,-1.317709,1.137118,-2.288808,0
31.390017,-1.32022,1.136089,-2.286913,0
31.409691,-1.322721,1.135057,-2.28501,0
31.429365,-1.325211,1.134021,-2.283102,0
31.44904,-1.327691,1.132982,-2.281186,0
31.468714,-1.330161,1.131939,-2.279264,0
31.488388,-1.332621,1.130893,-2.277336,0
31.508063,-1.33507,1.129843,-2.275401,0
31.527737,-1.337509,1.128791,-2.27346,0
31.547411,-1.339938,1.127735,-2.271513,0
31.567085,-1.342356,1.126675,-2.269559,0
31.58676,-1.344765,1.125613,-2.267599,0
31.606434,-1.347164,1.124547,-2.265632,0
31.626108,-1.349552,1.123477,-2.26366,0
31.645783,-1.351931,1.122405,-2.261681,0
31.665457,-1.3543,1.121329,-2.259695,0
31.685131,-1.356658,1.12025,-2.257704,0
31.704806,-1.359007,1.119168,-2.255706,0
31.72448,-1.361346,1.118082,-2.253703,0
31.744154,-1.363676,1.116994,-2.251693,0
31.763829,-1.365995,1.115902,-2.249676,0
31.783503,-1.368305,1.114807,-2.247654,0
31.803177,-1.370605,1.113709,-2.245626,0
31.822851,-1.372895,1.112607,-2.243592,0
31.842526,-1.375176,1.111503,-2.241551,0
31.8622,-1.377447,1.110395,-2.239505,0
31.881874,-1.379709,1.109284,-2.237452,0
31.901549,-1.381961,1.10817,-2.235394,0
31.921223,-1.384204,1.107054,-2.23333,0
31.940897,-1.386437,1.105933,-2.231259,0
31.960572,-1.388661,1.10481,-2.229183,0
31.980246,-1.390876,1.103684,-2.227101,0
31.99992,-1.393081,1.102555,-2.225013,0
32.019594,-1.395277,1.101423,-2.222919,0
32.039269,-1.397463,1.100287,-2.22082,0
32.058943,-1.399641,1.099149,-2.218714,0
32.078617,-1.401809,1.098008,-2.216603,0
32.098292,-1.403968,1.096863,-2.214486,0
32.117966,-1.406118,1.095716,-2.212363,0
32.13764,-1.408259,1.094566,-2.210234,0
32.157315,-1.410391,1.093412,-2.2081,0
32.176989,-1.412514,1.092256,-2.20596,0
32.196663,-1.414628,1.091097,-2.203814,0
32.216337,-1.416733,1.089935,-2.201663,0
32.236012,-1.41883,1.08877,-2.199506,0
32.255686,-1.420917,1.087602,-2.197343,0
32.27536,-1.422996,1.086431,-2.195175,0
32.295035,-1.425066,1.085257,-2.193001,0
32.314709,-1.427127,1.08408,-2.190821,0
32.334383,-1.429179,1.0829,-2.188636,0
32.354058,-1.431223,1.081718,-2.186445,0
32.373732,-1.433258,1.080532,-2.184249,0
32.393406,-1.435285,1.079344,-2.182047,0
32.413081,-1.437303,1.078153,-2.17984,0
32.432755,-1.439312,1.076959,-2.177627,0
32.452429,-1.441314,1.075762,-2.175409,0
32.472103,-1.443306,1.074563,-2.173185,0
32.491778,-1.445291,1.07336,-2.170956,0
32.511452,-1.447266,1.072155,-2.168721,0
32.531126,-1.449234,1.070947,-2.166481,0
32.550801,-1.451194,1.069736,-2.164236,0
32.570475,-1.453145,1.068522,-2.161985,0
32.590149,-1.455088,1.067305,-2.159728,0
32.609824,-1.457022,1.066086,-2.157467,0
32.629498,-1.458949,1.064864,-2.1552,0
32.649172,-1.460868,1.063639,-2.152927,0
32.668846,-1.462778,1.062411,-2.150649,0
32.688521,-1.464681,1.061181,-2.148366,0
32.708195,-1.466575,1.059948,-2.146078,0
32.727869,-1.468462,1.058712,-2.143784,0
32.747544,-1.47034,1.057473,-2.141485,0
32.767218,-1.472211,1.056232,-2.139181,0
32.786892,-1.474074,1.054988,-2.136871,0
32.806567,-1.475929,1.053741,-2.134556,0
32.826241,-1.477777,1.052492,-2.132236,0
32.845915,-1.479616,1.051239,-2.129911,0
32.865589,-1.481448,1.049984,-2.127581,0
32.885264,-1.483273,1.048727,-2.125245,0
32.904938,-1.485089,1.047466,-2.122904,0
32.924612,-1.486898,1.046203,-2.120558,0
32.944287,-1.4887,1.044938,-2.118206,0
32.963961,-1.490494,1.043669,-2.11585,0
32.983635,-1.492281,1.042398,-2.113488,0
33.00331,-1.49406,1.041124,-2.111121,0
33.022984,-1.495832,1.039848,-2.108749,0
33.042658,-1.497596,1.038569,-2.106372,0
33.062332,-1.499353,1.037287,-2.10399,0
33.082007,-1.501103,1.036003,-2.101603,0
33.101681,-1.502845,1.034716,-2.09921,0
33.121355,-1.50458,1.033426,-2.096812,0
33.14103,-1.506308,1.032134,-2.09441,0
33.160704,-1.508029,1.030839,-2.092002,0
33.180378,-1.509743,1.029541,-2.089589,0
33.200053,-1.51145,1.028241,-2.087171,0
33.219727,-1.513149,1.026938,-2.084748,0
33.239401,-1.514842,1.025633,-2.08232,0
33.259076,-1.516527,1.024324,-2.079887,0
33.27875,-1.518206,1.023014,-2.077448,0
33.298424,-1.519878,1.0217,-2.075005,0
33.318098,-1.521543,1.020384,-2.072557,0
33.337773,-1.523201,1.019066,-2.070103,0
33.357447,-1.524852,1.017745,-2.067645,0
33.377121,-1.526496,1.016421,-2.065182,0
33.396796,-1.528133,1.015095,-2.062713,0
33.41647,-1.529764,1.013766,-2.06024,0
33.436144,-1.531388,1.012434,-2.057761,0
33.455819,-1.533006,1.0111,-2.055278,0
33.475493,-1.534617,1.009763,-2.052789,0
33.495167,-1.536221,1.008424,-2.050296,0
33.514841,-1.537819,1.007082,-2.047797,0
33.534516,-1.53941,1.005737,-2.045294,0
33.55419,-1.540994,1.00439,-2.042785,0
33.573864,-1.542573,1.003041,-2.040272,0
33.593539,-1.544144,1.001688,-2.037754,0
33.613213,-1.54571,1.000334,-2.03523,0
33.632887,-1.547269,0.998976,-2.032702,0
33.652562,-1.548821,0.997616,-2.030169,0
33.672236,-1.550368,0.996254,-2.02763,0
33.69191,-1.551908,0.994888,-2.025087,0
33.711584,-1.553441,0.993521,-2.022539,0
33.731259,-1.554969,0.99215,-2.019986,0
33.750933,-1.55649,0.990778,-2.017428,0
33.770607,-1.558006,0.989402,-2.014865,0
33.790282,-1.559515,0.988024,-2.012297,0
33.809956,-1.561018,0.986644,-2.009724,0
33.82963,-1.562515,0.98526,-2.007146,0
33.849305,-1.564005,0.983875,-2.004563,0
33.868979,-1.56549,0.982486,-2.001975,0
33.888653,-1.566969,0.981096,-1.999382,0
33.908328,-1.568442,0.979702,-1.996784,0
33.928002,-1.569909,0.978306,-1.994182,0
33.947676,-1.57137,0.976908,-1.991574,0
33.947676,-1.570796,0.974603,-1.98725,0
33.951691,-1.570796,0.973987,-1.987124,0
33.955707,-1.570796,0.973371,-1.986998,0
33.959722,-1.570796,0.972755,-1.986871,0
33.963737,-1.570796,0.972139,-1.986744,0
33.967753,-1.570796,0.971522,-1.986617,0
33.971768,-1.570796,0.970906,-1.986489,0
33.975783,-1.570796,0.970289,-1.986361,0
33.979799,-1.570796,0.969672,-1.986232,0
33.983814,-1.570796,0.969055,-1.986103,0
33.987829,-1.570796,0.968438,-1.985974,0
33.991845,-1.570796,0.96782,-1.985844,0
33.99586,-1.570796,0.967203,-1.985714,0
33.999875,-1.570796,0.966585,-1.985584,0
34.003891,-1.570796,0.965967,-1.985453,0
34.007906,-1.570796,0.965349,-1.985322,0
34.011921,-1.570796,0.964731,-1.98519,0
34.015937,-1.570796,0.964113,-1.985058,0
34.019952,-1.570796,0.963494,-1.984926,0
34.023967,-1.570796,0.962876,-1.984793,0
34.027983,-1.570796,0.962257,-1.98466,0
34.031998,-1.570796,0.961638,-1.984526,0
34.036013,-1.570796,0.961019,-1.984392,0
34.040029,-1.570796,0.9604,-1.984258,0
34.044044,-1.570796,0.95978,-1.984123,0
34.048059,-1.570796,0.959161,-1.983988,0
34.052075,-1.570796,0.958541,-1.983853,0
34.05609,-1.570796,0.957921,-1.983717,0
34.060105,-1.570796,0.957302,-1.98358,0
34.064121,-1.570796,0.956682,-1.983444,0
34.068136,-1.570796,0.956061,-1.983307,0
34.072151,-1.570796,0.955441,-1.983169,0
34.076167,-1.570796,0.95482,-1.983032,0
34.080182,-1.570796,0.9542,-1.982893,0
34.084197,-1.570796,0.953579,-1.982755,0
34.088213,-1.570796,0.952958,-1.982616,0
34.092228,-1.570796,0.952337,-1.982477,0
34.096243,-1.570796,0.951716,-1.982337,0
34.100258,-1.570796,0.951095,-1.982197,0
34.104274,-1.570796,0.950473,-1.982056,0
34.108289,-1.570796,0.949851,-1.981916,0
34.112304,-1.570796,0.94923,-1.981774,0
34.11632,-1.570796,0.948608,-1.981633,0
34.120335,-1.570796,0.947986,-1.981491,0
34.12435,-1.570796,0.947363,-1.981348,0
34.128366,-1.570796,0.946741,-1.981206,0
34.132381,-1.570796,0.946119,-1.981062,0
34.136396,-1.570796,0.945496,-1.980919,0
34.140412,-1.570796,0.944873,-1.980775,0
34.144427,-1.570796,0.94425,-1.980631,0
34.148442,-1.570796,0.943627,-1.980486,0
34.152458,-1.570796,0.943004,-1.980341,0
34.156473,-1.570796,0.942381,-1.980195,0
34.160488,-1.570796,0.941758,-1.98005,0
34.164504,-1.570796,0.941134,-1.979903,0
34.168519,-1.570796,0.94051,-1.979757,0
34.172534,-1.570796,0.939886,-1.97961,0
34.17655,-1.570796,0.939262,-1.979462,0
34.180565,-1.570796,0.938638,-1.979315,0
34.18458,-1.570796,0.938014,-1.979167,0
34.188596,-1.570796,0.93739,-1.979018,0
34.192611,-1.570796,0.936765,-1.978869,0
34.196626,-1.570796,0.936141,-1.97872,0
34.200642,-1.570796,0.935516,-1.97857,0
34.204657,-1.570796,0.934891,-1.97842,0
34.208672,-1.570796,0.934266,-1.97827,0
34.212688,-1.570796,0.933641,-1.978119,0
34.216703,-1.570796,0.933015,-1.977968,0
34.220718,-1.570796,0.93239,-1.977816,0
34.224734,-1.570796,0.931764,-1.977664,0
34.228749,-1.570796,0.931139,-1.977512,0
34.232764,-1.570796,0.930513,-1.977359,0
34.23678,-1.570796,0.929887,-1.977206,0
34.240795,-1.570796,0.929261,-1.977053,0
34.24481,-1.570796,0.928635,-1.976899,0
34.248826,-1.570796,0.928008,-1.976745,0
34.252841,-1.570796,0.927382,-1.97659,0
34.256856,-1.570796,0.926755,-1.976435,0
34.260872,-1.570796,0.926128,-1.97628,0
34.264887,-1.570796,0.925502,-1.976124,0
34.268902,-1.570796,0.924875,-1.975968,0
34.272918,-1.570796,0.924247,-1.975811,0
34.276933,-1.570796,0.92362,-1.975654,0
34.280948,-1.570796,0.922993,-1.975497,0
34.284963,-1.570796,0.922365,-1.975339,0
34.288979,-1.570796,0.921738,-1.975181,0
34.292994,-1.570796,0.92111,-1.975023,0
34.297009,-1.570796,0.920482,-1.974864,0
34.301025,-1.570796,0.919854,-1.974705,0
34.30504,-1.570796,0.919226,-1.974545,0
34.309055,-1.570796,0.918598,-1.974385,0
34.313071,-1.570796,0.917969,-1.974225,0
34.317086,-1.570796,0.917341,-1.974064,0
34.321101,-1.570796,0.916712,-1.973903,0
34.325117,-1.570796,0.916084,-1.973742,0
34.329132,-1.570796,0.915455,-1.97358,0
34.333147,-1.570796,0.914826,-1.973418,0
34.337163,-1.570796,0.914197,-1.973255,0
34.341178,-1.570796,0.913567,-1.973092,0
34.345193,-1.570796,0.912938,-1.972929,0
34.349209,-1.570796,0.912309,-1.972765,0
34.353224,-1.570796,0.911679,-1.972601,0
34.357239,-1.570796,0.911049,-1.972436,0
34.361255,-1.570796,0.91042,-1.972271,0
34.36527,-1.570796,0.90979,-1.972106,0
34.369285,-1.570796,0.90916,-1.97194,0
34.373301,-1.570796,0.908529,-1.971774,0
34.377316,-1.570796,0.907899,-1.971608,0
34.381331,-1.570796,0.907269,-1.971441,0
34.385347,-1.570796,0.906638,-1.971274,0
34.389362,-1.570796,0.906007,-1.971107,0
34.393377,-1.570796,0.905377,-1.970939,0
34.397393,-1.570796,0.904746,-1.97077,0
34.401408,-1.570796,0.904115,-1.970602,0
34.405423,-1.570796,0.903484,-1.970433,0
34.409439,-1.570796,0.902852,-1.970263,0
34.413454,-1.570796,0.902221,-1.970093,0
34.417469,-1.570796,0.90159,-1.969923,0
34.421485,-1.570796,0.900958,-1.969753,0
34.4255,-1.570796,0.900326,-1.969582,0
34.429515,-1.570796,0.899695,-1.96941,0
34.433531,-1.570796,0.899063,-1.969239,0
34.437546,-1.570796,0.898431,-1.969067,0
34.441561,-1.570796,0.897798,-1.968894,0
34.445577,-1.570796,0.897166,-1.968721,0
34.449592,-1.570796,0.896534,-1.968548,0
34.453607,-1.570796,0.895901,-1.968375,0
34.457622,-1.570796,0.895269,-1.968201,0
34.461638,-1.570796,0.894636,-1.968026,0
34.465653,-1.570796,0.894003,-1.967852,0
34.469668,-1.570796,0.89337,-1.967676,0
34.473684,-1.570796,0.892737,-1.967501,0
34.477699,-1.570796,0.892104,-1.967325,0
34.481714,-1.570796,0.891471,-1.967149,0
34.48573,-1.570796,0.890837,-1.966972,0
34.489745,-1.570796,0.890204,-1.966795,0
34.49376,-1.570796,0.88957,-1.966618,0
34.497776,-1.570796,0.888937,-1.96644,0
34.501791,-1.570796,0.888303,-1.966262,0
34.505806,-1.570796,0.887669,-1.966084,0
34.509822,-1.570796,0.887035,-1.965905,0
34.513837,-1.570796,0.886401,-1.965725,0
34.517852,-1.570796,0.885767,-1.965546,0
34.521868,-1.570796,0.885132,-1.965366,0
34.525883,-1.570796,0.884498,-1.965186,0
34.529898,-1.570796,0.883863,-1.965005,0
34.533914,-1.570796,0.883228,-1.964824,0
34.537929,-1.570796,0.882594,-1.964642,0
34.541944,-1.570796,0.881959,-1.96446,0
34.54596,-1.570796,0.881324,-1.964278,0
34.549975,-1.570796,0.880689,-1.964095,0
34.55399,-1.570796,0.880054,-1.963912,0.00043
34.558006,-1.570796,0.879418,-1.963729,0.00086
34.562021,-1.570796,0.878783,-1.963545,0.001289
34.566036,-1.570796,0.878147,-1.963361,0.001719
34.570052,-1.570796,0.877512,-1.963177,0.002149
34.574067,-1.570796,0.876876,-1.962992,0.002579
34.578082,-1.570796,0.87624,-1.962807,0.003009
34.582098,-1.570796,0.875604,-1.962621,0.003438
34.586113,-1.570796,0.874968,-1.962435,0.003868
34.590128,-1.570796,0.874332,-1.962249,0.004298
34.594144,-1.570796,0.873696,-1.962062,0.004728
34.598159,-1.570796,0.87306,-1.961875,0.005158
34.602174,-1.570796,0.872423,-1.961687,0.005587
34.60619,-1.570796,0.871787,-1.961499,0.006017
34.610205,-1.570796,0.87115,-1.961311,0.006447
34.61422,-1.570796,0.870513,-1.961122,0.006877
34.618236,-1.570796,0.869877,-1.960933,0.007307
34.622251,-1.570796,0.86924,-1.960744,0.007736
34.626266,-1.570796,0.868603,-1.960554,0.008166
34.630281,-1.570796,0.867966,-1.960364,0.008596
34.634297,-1.570796,0.867328,-1.960174,0.009026
34.638312,-1.570796,0.866691,-1.959983,0.009456
34.642327,-1.570796,0.866054,-1.959792,0.009885
34.646343,-1.570796,0.865416,-1.9596,0.010315
34.650358,-1.570796,0.864779,-1.959408,0.010745
34.654373,-1.570796,0.864141,-1.959216,0.011175
34.658389,-1.570796,0.863503,-1.959023,0.011605
34.662404,-1.570796,0.862865,-1.95883,0.012034
34.666419,-1.570796,0.862227,-1.958636,0.012464
34.670435,-1.570796,0.861589,-1.958442,0.012894
34.67445,-1.570796,0.860951,-1.958248,0.013324
34.678465,-1.570796,0.860313,-1.958054,0.013754
34.682481,-1.570796,0.859674,-1.957859,0.014183
34.686496,-1.570796,0.859036,-1.957663,0.014613
34.690511,-1.570796,0.858397,-1.957468,0.015043
34.694527,-1.570796,0.857759,-1.957271,0.015473
34.698542,-1.570796,0.85712,-1.957075,0.015903
34.702557,-1.570796,0.856481,-1.956878,0.016332
34.706573,-1.570796,0.855842,-1.956681,0.016762
34.710588,-1.570796,0.855203,-1.956483,0.017192
34.714603,-1.570796,0.854564,-1.956285,0.017622
34.718619,-1.570796,0.853925,-1.956087,0.018052
34.722634,-1.570796,0.853286,-1.955888,0.018481
34.726649,-1.570796,0.852646,-1.955689,0.018911
34.730665,-1.570796,0.852007,-1.95549,0.019341
34.73468,-1.570796,0.851367,-1.95529,0.019771
34.738695,-1.570796,0.850728,-1.95509,0.020201
34.742711,-1.570796,0.850088,-1.954889,0.02063
34.746726,-1.570796,0.849448,-1.954688,0.02106
34.750741,-1.570796,0.848808,-1.954487,0.02149
34.754757,-1.570796,0.848168,-1.954285,0.02192
34.758772,-1.570796,0.847528,-1.954083,0.02235
34.762787,-1.570796,0.846888,-1.953881,0.022779
34.766803,-1.570796,0.846248,-1.953678,0.023209
34.770818,-1.570796,0.845607,-1.953475,0.023639
34.774833,-1.570796,0.844967,-1.953272,0.024069
34.778849,-1.570796,0.844326,-1.953068,0.024499
34.782864,-1.570796,0.843686,-1.952863,0.024928
34.786879,-1.570796,0.843045,-1.952659,0.025358
34.790895,-1.570796,0.842404,-1.952454,0.025788
34.79491,-1.570796,0.841763,-1.952248,0.026218
34.798925,-1.570796,0.841122,-1.952043,0.026648
34.802941,-1.570796,0.840481,-1.951836,0.027077
34.806956,-1.570796,0.83984,-1.95163,0.027507
34.810971,-1.570796,0.839199,-1.951423,0.027937
34.814986,-1.570796,0.838557,-1.951216,0.028367
34.819002,-1.570796,0.837916,-1.951008,0.028797
34.823017,-1.570796,0.837275,-1.9508,0.029226
34.827032,-1.570796,0.836633,-1.950592,0.029656
34.831048,-1.570796,0.835991,-1.950383,0.030086
34.835063,-1.570796,0.83535,-1.950174,0.030516
34.839078,-1.570796,0.834708,-1.949965,0.030946
34.843094,-1.570796,0.834066,-1.949755,0.031375
34.847109,-1.570796,0.833424,-1.949545,0.031805
34.851124,-1.570796,0.832782,-1.949334,0.032235
34.85514,-1.570796,0.83214,-1.949123,0.032665
34.859155,-1.570796,0.831498,-1.948912,0.033095
34.86317,-1.570796,0.830855,-1.9487,0.033524
34.867186,-1.570796,0.830213,-1.948488,0.033954
34.871201,-1.570796,0.829571,-1.948276,0.034384
34.875216,-1.570796,0.828928,-1.948063,0.034814
34.879232,-1.570796,0.828285,-1.94785,0.035244
34.883247,-1.570796,0.827643,-1.947636,0.035673
34.887262,-1.570796,0.827,-1.947422,0.036103
34.891278,-1.570796,0.826357,-1.947208,0.036533
34.895293,-1.570796,0.825714,-1.946993,0.036963
34.899308,-1.570796,0.825071,-1.946779,0.037393
34.903324,-1.570796,0.824428,-1.946563,0.037822
34.907339,-1.570796,0.823785,-1.946347,0.038252
34.911354,-1.570796,0.823142,-1.946131,0.038682
34.91537,-1.570796,0.822498,-1.945915,0.039112
34.919385,-1.570796,0.821855,-1.945698,0.039542
34.9234,-1.570796,0.821211,-1.945481,0.039971
34.927416,-1.570796,0.820568,-1.945263,0.040401
34.931431,-1.570796,0.819924,-1.945045,0.040831
34.935446,-1.570796,0.81928,-1.944827,0.041261
34.939462,-1.570796,0.818637,-1.944608,0.041691
34.943477,-1.570796,0.817993,-1.944389,0.04212
34.947492,-1.570796,0.817349,-1.94417,0.04255
34.951508,-1.570796,0.816705,-1.94395,0.04298
34.955523,-1.570796,0.816061,-1.94373,0.04341
34.959538,-1.570796,0.815417,-1.943509,0.04384
34.963554,-1.570796,0.814772,-1.943289,0.044269
34.967569,-1.570796,0.814128,-1.943067,0.044699
34.971584,-1.570796,0.813484,-1.942846,0.045129
34.9756,-1.570796,0.812839,-1.942624,0.045559
34.979615,-1.570796,0.812195,-1.942401,0.045989
34.98363,-1.570796,0.81155,-1.942179,0.046418
34.987645,-1.570796,0.810906,-1.941956,0.046848
34.991661,-1.570796,0.810261,-1.941732,0.047278
34.995676,-1.570796,0.809616,-1.941508,0.047708
34.999691,-1.570796,0.808971,-1.941284,0.048138
35.003707,-1.570796,0.808326,-1.94106,0.048567
35.007722,-1.570796,0.807681,-1.940835,0.048997
35.011737,-1.570796,0.807036,-1.940609,0.049427
35.015753,-1.570796,0.806391,-1.940384,0.049857
35.019768,-1.570796,0.805746,-1.940158,0.050287
35.023783,-1.570796,0.8051,-1.939931,0.050716
35.027799,-1.570796,0.804455,-1.939705,0.051146
35.031814,-1.570796,0.80381,-1.939478,0.051576
35.035829,-1.570796,0.803164,-1.93925,0.052006
35.039845,-1.570796,0.802518,-1.939022,0.052436
35.04386,-1.570796,0.801873,-1.938794,0.052865
35.047875,-1.570796,0.801227,-1.938566,0.053295
35.051891,-1.570796,0.800581,-1.938337,0.053725
35.055906,-1.570796,0.799935,-1.938107,0.054155
35.059921,-1.570796,0.799289,-1.937878,0.054585
35.063937,-1.570796,0.798644,-1.937648,0.055014
35.067952,-1.570796,0.797997,-1.937417,0.055444
35.071967,-1.570796,0.797351,-1.937186,0.055874
35.075983,-1.570796,0.796705,-1.936955,0.056304
35.079998,-1.570796,0.796059,-1.936724,0.056734
35.084013,-1.570796,0.795413,-1.936492,0.057163
35.088029,-1.570796,0.794766,-1.93626,0.057593
35.092044,-1.570796,0.79412,-1.936027,0.058023
35.096059,-1.570796,0.793473,-1.935794,0.058453
35.100075,-1.570796,0.792827,-1.935561,0.058883
35.10409,-1.570796,0.79218,-1.935327,0.059312
35.108105,-1.570796,0.791533,-1.935093,0.059742
35.112121,-1.570796,0.790887,-1.934859,0.060172
35.116136,-1.570796,0.79024,-1.934624,0.060602
35.120151,-1.570796,0.789593,-1.934389,0.061032
35.124167,-1.570796,0.788946,-1.934153,0.061461
35.128182,-1.570796,0.788299,-1.933918,0.061891
35.132197,-1.570796,0.787652,-1.933681,0.062321
35.136213,-1.570796,0.787005,-1.933445,0.062751
35.140228,-1.570796,0.786357,-1.933208,0.063181
35.144243,-1.570796,0.78571,-1.932971,0.06361
35.148259,-1.570796,0.785063,-1.932733,0.06404
35.152274,-1.570796,0.784415,-1.932495,0.06447
35.156289,-1.570796,0.783768,-1.932256,0.0649
35.160305,-1.570796,0.78312,-1.932018,0.06533
35.16432,-1.570796,0.782473,-1.931779,0.065759
35.168335,-1.570796,0.781825,-1.931539,0.066189
35.17235,-1.570796,0.781177,-1.931299,0.066619
35.176366,-1.570796,0.78053,-1.931059,0.067049
35.180381,-1.570796,0.779882,-1.930818,0.067479
35.184396,-1.570796,0.779234,-1.930577,0.067908
35.188412,-1.570796,0.778586,-1.930336,0.068338
35.192427,-1.570796,0.777938,-1.930095,0.068768
35.196442,-1.570796,0.77729,-1.929853,0.069198
35.200458,-1.570796,0.776642,-1.92961,0.069628
35.204473,-1.570796,0.775994,-1.929367,0.070057
35.208488,-1.570796,0.775346,-1.929124,0.070487
35.212504,-1.570796,0.774697,-1.928881,0.070917
35.216519,-1.570796,0.774049,-1.928637,0.071347
35.220534,-1.570796,0.773401,-1.928393,0.071777
35.22455,-1.570796,0.772752,-1.928148,0.072206
35.228565,-1.570796,0.772104,-1.927903,0.072636
35.23258,-1.570796,0.771455,-1.927658,0.073066
35.236596,-1.570796,0.770806,-1.927412,0.073496
35.240611,-1.570796,0.770158,-1.927166,0.073926
35.244626,-1.570796,0.769509,-1.92692,0.074355
35.248642,-1.570796,0.76886,-1.926673,0.074785
35.252657,-1.570796,0.768211,-1.926426,0.075215
35.256672,-1.570796,0.767562,-1.926179,0.075645
35.260688,-1.570796,0.766914,-1.925931,0.076074
35.264703,-1.570796,0.766265,-1.925683,0.076504
35.268718,-1.570796,0.765615,-1.925434,0.076934
35.272734,-1.570796,0.764966,-1.925185,0.077364
35.276749,-1.570796,0.764317,-1.924936,0.077794
35.280764,-1.570796,0.763668,-1.924686,0.078223
35.28478,-1.570796,0.763019,-1.924436,0.078653
35.288795,-1.570796,0.762369,-1.924186,0.079083
35.29281,-1.570796,0.76172,-1.923935,0.079513
35.296826,-1.570796,0.761071,-1.923684,0.079943
35.300841,-1.570796,0.760421,-1.923433,0.080372
35.304856,-1.570796,0.759772,-1.923181,0.080802
35.308872,-1.570796,0.759122,-1.922929,0.081232
35.312887,-1.570796,0.758472,-1.922677,0.081662
35.316902,-1.570796,0.757823,-1.922424,0.082092
35.320918,-1.570796,0.757173,-1.92217,0.082521
35.324933,-1.570796,0.756523,-1.921917,0.082951
35.328948,-1.570796,0.755873,-1.921663,0.083381
35.332964,-1.570796,0.755223,-1.921409,0.083811
35.336979,-1.570796,0.754573,-1.921154,0.084241
35.340994,-1.570796,0.753923,-1.920899,0.08467
35.345009,-1.570796,0.753273,-1.920644,0.0851
35.349025,-1.570796,0.752623,-1.920388,0.08553
35.35304,-1.570796,0.751973,-1.920132,0.08596
35.357055,-1.570796,0.751323,-1.919875,0.08639
35.361071,-1.570796,0.750673,-1.919619,0.086819
35.365086,-1.570796,0.750023,-1.919361,0.087249
35.369101,-1.570796,0.749372,-1.919104,0.087679
35.373117,-1.570796,0.748722,-1.918846,0.088109
35.377132,-1.570796,0.748071,-1.918588,0.088539
35.381147,-1.570796,0.747421,-1.918329,0.088968
35.385163,-1.570796,0.74677,-1.91807,0.089398
35.389178,-1.570796,0.74612,-1.917811,0.089828
35.393193,-1.570796,0.745469,-1.917551,0.090258
35.397209,-1.570796,0.744819,-1.917291,0.090688
35.401224,-1.570796,0.744168,-1.917031,0.091117
35.405239,-1.570796,0.743517,-1.91677,0.091547
35.409255,-1.570796,0.742866,-1.916509,0.091977
35.41327,-1.570796,0.742216,-1.916248,0.092407
35.417285,-1.570796,0.741565,-1.915986,0.092837
35.421301,-1.570796,0.740914,-1.915724,0.093266
35.425316,-1.570796,0.740263,-1.915461,0.093696
35.429331,-1.570796,0.739612,-1.915198,0.094126
35.433347,-1.570796,0.738961,-1.914935,0.094556
35.437362,-1.570796,0.73831,-1.914671,0.094986
35.441377,-1.570796,0.737658,-1.914407,0.095415
35.445393,-1.570796,0.737007,-1.914143,0.095845
35.449408,-1.570796,0.736356,-1.913878,0.096275
35.453423,-1.570796,0.735705,-1.913613,0.096705
35.457439,-1.570796,0.735053,-1.913348,0.097135
35.461454,-1.570796,0.734402,-1.913082,0.097564
35.465469,-1.570796,0.733751,-1.912816,0.097994
35.469485,-1.570796,0.733099,-1.91255,0.098424
35.4735,-1.570796,0.732448,-1.912283,0.098854
35.477515,-1.570796,0.731796,-1.912016,0.099284
35.481531,-1.570796,0.731145,-1.911748,0.099713
35.485546,-1.570796,0.730493,-1.91148,0.100143
35.489561,-1.570796,0.729841,-1.911212,0.100573
35.493577,-1.570796,0.72919,-1.910943,0.101003
35.497592,-1.570796,0.728538,-1.910674,0.101433
35.501607,-1.570796,0.727886,-1.910405,0.101862
35.505623,-1.570796,0.727234,-1.910135,0.102292
35.509638,-1.570796,0.726583,-1.909865,0.102722
35.513653,-1.570796,0.725931,-1.909595,0.103152
35.517668,-1.570796,0.725279,-1.909324,0.103582
35.521684,-1.570796,0.724627,-1.909053,0.104011
35.525699,-1.570796,0.723975,-1.908782,0.104441
35.529714,-1.570796,0.723323,-1.90851,0.104871
35.53373,-1.570796,0.722671,-1.908238,0.105301
35.537745,-1.570796,0.722019,-1.907965,0.105731
35.54176,-1.570796,0.721366,-1.907692,0.10616
35.545776,-1.570796,0.720714,-1.907419,0.10659
35.549791,-1.570796,0.720062,-1.907146,0.10702
35.553806,-1.570796,0.71941,-1.906872,0.10745
35.557822,-1.570796,0.718757,-1.906597,0.10788
35.561837,-1.570796,0.718105,-1.906323,0.108309
35.565852,-1.570796,0.717453,-1.906048,0.108739
35.569868,-1.570796,0.7168,-1.905772,0.109169
35.573883,-1.570796,0.716148,-1.905497,0.109599
35.577898,-1.570796,0.715495,-1.905221,0.110029
35.581914,-1.570796,0.714843,-1.904944,0.110458
35.585929,-1.570796,0.71419,-1.904667,0.110888
35.589944,-1.570796,0.713538,-1.90439,0.111318
35.59396,-1.570796,0.712885,-1.904113,0.111748
35.597975,-1.570796,0.712232,-1.903835,0.112178
35.60199,-1.570796,0.71158,-1.903557,0.112607
35.606006,-1.570796,0.710927,-1.903278,0.113037
35.610021,-1.570796,0.710274,-1.902999,0.113467
35.614036,-1.570796,0.709621,-1.90272,0.113897
35.618052,-1.570796,0.708968,-1.902441,0.114327
35.622067,-1.570796,0.708315,-1.902161,0.114756
35.626082,-1.570796,0.707663,-1.90188,0.115186
35.630098,-1.570796,0.70701,-1.9016,0.115616
35.634113,-1.570796,0.706357,-1.901319,0.116046
35.638128,-1.570796,0.705704,-1.901037,0.116476
35.642144,-1.570796,0.705051,-1.900756,0.116905
35.646159,-1.570796,0.704398,-1.900474,0.117335
35.650174,-1.570796,0.703744,-1.900191,0.117765
35.65419,-1.570796,0.703091,-1.899908,0.118195
35.658205,-1.570796,0.702438,-1.899625,0.118625
35.66222,-1.570796,0.701785,-1.899342,0.119054
35.666236,-1.570796,0.701132,-1.899058,0.119484
35.670251,-1.570796,0.700478,-1.898774,0.119914
35.674266,-1.570796,0.699825,-1.898489,0.120344
35.678282,-1.570796,0.699172,-1.898204,0.120774
35.682297,-1.570796,0.698518,-1.897919,0.121203
35.686312,-1.570796,0.697865,-1.897633,0.121633
35.690328,-1.570796,0.697212,-1.897347,0.122063
35.694343,-1.570796,0.696558,-1.897061,0.122493
35.698358,-1.570796,0.695905,-1.896775,0.122923
35.702373,-1.570796,0.695251,-1.896488,0.123352
35.706389,-1.570796,0.694598,-1.8962,0.123782
35.710404,-1.570796,0.693944,-1.895912,0.124212
35.714419,-1.570796,0.69329,-1.895624,0.124642
35.718435,-1.570796,0.692637,-1.895336,0.125072
35.72245,-1.570796,0.691983,-1.895047,0.125501
35.726465,-1.570796,0.69133,-1.894758,0.125931
35.730481,-1.570796,0.690676,-1.894469,0.126361
35.734496,-1.570796,0.690022,-1.894179,0.126791
35.738511,-1.570796,0.689368,-1.893889,0.127221
35.742527,-1.570796,0.688715,-1.893598,0.12765
35.746542,-1.570796,0.688061,-1.893307,0.12808
35.750557,-1.570796,0.687407,-1.893016,0.12851
35.754573,-1.570796,0.686753,-1.892725,0.12894
35.758588,-1.570796,0.686099,-1.892433,0.12937
35.762603,-1.570796,0.685445,-1.89214,0.129799
35.766619,-1.570796,0.684791,-1.891848,0.130229
35.770634,-1.570796,0.684137,-1.891555,0.130659
35.774649,-1.570796,0.683483,-1.891261,0.131089
35.778665,-1.570796,0.682829,-1.890968,0.131519
35.78268,-1.570796,0.682175,-1.890674,0.131948
35.786695,-1.570796,0.681521,-1.890379,0.132378
35.790711,-1.570796,0.680867,-1.890085,0.132808
35.794726,-1.570796,0.680213,-1.88979,0.133238
35.798741,-1.570796,0.679559,-1.889494,0.133668
35.802757,-1.570796,0.678904,-1.889198,0.134097
35.806772,-1.570796,0.67825,-1.888902,0.134527
35.810787,-1.570796,0.677596,-1.888606,0.134957
35.814803,-1.570796,0.676942,-1.888309,0.135387
35.818818,-1.570796,0.676287,-1.888012,0.135817
35.822833,-1.570796,0.675633,-1.887714,0.136246
35.826849,-1.570796,0.674979,-1.887416,0.136676
35.830864,-1.570796,0.674324,-1.887118,0.137106
35.834879,-1.570796,0.67367,-1.88682,0.137536
35.838895,-1.570796,0.673016,-1.886521,0.137966
35.84291,-1.570796,0.672361,-1.886221,0.138395
35.846925,-1.570796,0.671707,-1.885922,0.138825
35.850941,-1.570796,0.671052,-1.885622,0.139255
35.854956,-1.570796,0.670398,-1.885322,0.139685
35.858971,-1.570796,0.669743,-1.885021,0.140115
35.862987,-1.570796,0.669089,-1.88472,0.140544
35.867002,-1.570796,0.668434,-1.884418,0.140974
35.871017,-1.570796,0.66778,-1.884117,0.141404
35.875032,-1.570796,0.667125,-1.883815,0.141834
35.879048,-1.570796,0.66647,-1.883512,0.142264
35.883063,-1.570796,0.665816,-1.88321,0.142693
35.887078,-1.570796,0.665161,-1.882906,0.143123
35.891094,-1.570796,0.664506,-1.882603,0.143553
35.895109,-1.570796,0.663852,-1.882299,0.143983
35.899124,-1.570796,0.663197,-1.881995,0.144413
35.90314,-1.570796,0.662542,-1.881691,0.144842
35.907155,-1.570796,0.661887,-1.881386,0.145272
35.91117,-1.570796,0.661233,-1.881081,0.145702
35.915186,-1.570796,0.660578,-1.880775,0.146132
35.919201,-1.570796,0.659923,-1.880469,0.146562
35.923216,-1.570796,0.659268,-1.880163,0.146991
35.927232,-1.570796,0.658613,-1.879856,0.147421
35.931247,-1.570796,0.657958,-1.879549,0.147851
35.935262,-1.570796,0.657304,-1.879242,0.148281
35.939278,-1.570796,0.656649,-1.878934,0.148711
35.943293,-1.570796,0.655994,-1.878626,0.14914
35.947308,-1.570796,0.655339,-1.878318,0.14957
35.951324,-1.570796,0.654684,-1.878009,0.15
35.951324,-1.570796,0.65402,-1.877614,0.15
35.955339,-1.570796,0.654675,-1.877923,0.15
35.959354,-1.570796,0.65533,-1.878232,0.15
35.96337,-1.570796,0.655984,-1.878541,0.15
35.967385,-1.570796,0.656639,-1.878849,0.15
35.9714,-1.570796,0.657294,-1.879157,0.15
35.975416,-1.570796,0.657949,-1.879465,0.15
35.979431,-1.570796,0.658604,-1.879772,0.15
35.983446,-1.570796,0.659259,-1.880079,0.15
35.987462,-1.570796,0.659914,-1.880386,0.15
35.991477,-1.570796,0.660569,-1.880692,0.15
35.995492,-1.570796,0.661223,-1.880998,0.15
35.999508,-1.570796,0.661878,-1.881303,0.15
36.003523,-1.570796,0.662533,-1.881608,0.15
36.007538,-1.570796,0.663188,-1.881913,0.15
36.011554,-1.570796,0.663842,-1.882218,0.15
36.015569,-1.570796,0.664497,-1.882522,0.15
36.019584,-1.570796,0.665152,-1.882825,0.15
36.0236,-1.570796,0.665806,-1.883129,0.15
36.027615,-1.570796,0.666461,-1.883432,0.15
36.03163,-1.570796,0.667116,-1.883735,0.15
36.035646,-1.570796,0.66777,-1.884037,0.15
36.039661,-1.570796,0.668425,-1.884339,0.15
36.043676,-1.570796,0.669079,-1.884641,0.15
36.047691,-1.570796,0.669734,-1.884942,0.15
36.051707,-1.570796,0.670388,-1.885243,0.15
36.055722,-1.570796,0.671043,-1.885544,0.15
36.059737,-1.570796,0.671697,-1.885844,0.15
36.063753,-1.570796,0.672352,-1.886144,0.15
36.067768,-1.570796,0.673006,-1.886444,0.15
36.071783,-1.570796,0.67366,-1.886743,0.15
36.075799,-1.570796,0.674315,-1.887042,0.15
36.079814,-1.570796,0.674969,-1.88734,0.15
36.083829,-1.570796,0.675624,-1.887639,0.15
36.087845,-1.570796,0.676278,-1.887936,0.15
36.09186,-1.570796,0.676932,-1.888234,0.15
36.095875,-1.570796,0.677586,-1.888531,0.15
36.099891,-1.570796,0.678241,-1.888828,0.15
36.103906,-1.570796,0.678895,-1.889124,0.15
36.107921,-1.570796,0.679549,-1.88942,0.15
36.111937,-1.570796,0.680203,-1.889716,0.15
36.115952,-1.570796,0.680857,-1.890012,0.15
36.119967,-1.570796,0.681511,-1.890307,0.15
36.123983,-1.570796,0.682165,-1.890601,0.15
36.127998,-1.570796,0.682819,-1.890896,0.15
36.132013,-1.570796,0.683473,-1.89119,0.15
36.136029,-1.570796,0.684127,-1.891483,0.15
36.140044,-1.570796,0.684781,-1.891777,0.15
36.144059,-1.570796,0.685435,-1.89207,0.15
36.148075,-1.570796,0.686089,-1.892362,0.15
36.15209,-1.570796,0.686743,-1.892654,0.15
36.156105,-1.570796,0.687397,-1.892946,0.15
36.160121,-1.570796,0.688051,-1.893238,0.15
36.164136,-1.570796,0.688705,-1.893529,0.15
36.168151,-1.570796,0.689359,-1.89382,0.15
36.172167,-1.570796,0.690012,-1.89411,0.15
36.176182,-1.570796,0.690666,-1.894401,0.15
36.180197,-1.570796,0.69132,-1.89469,0.15
36.184213,-1.570796,0.691973,-1.89498,0.15
36.188228,-1.570796,0.692627,-1.895269,0.15
36.192243,-1.570796,0.693281,-1.895558,0.15
36.196259,-1.570796,0.693934,-1.895846,0.15
36.200274,-1.570796,0.694588,-1.896134,0.15
36.204289,-1.570796,0.695241,-1.896422,0.15
36.208305,-1.570796,0.695895,-1.896709,0.15
36.21232,-1.570796,0.696548,-1.896996,0.15
36.216335,-1.570796,0.697202,-1.897283,0.15
36.220351,-1.570796,0.697855,-1.897569,0.15
36.224366,-1.570796,0.698509,-1.897855,0.15
36.228381,-1.570796,0.699162,-1.898141,0.15
36.232396,-1.570796,0.699815,-1.898426,0.15
36.236412,-1.570796,0.700469,-1.898711,0.15
36.240427,-1.570796,0.701122,-1.898995,0.15
36.244442,-1.570796,0.701775,-1.899279,0.15
36.248458,-1.570796,0.702428,-1.899563,0.15
36.252473,-1.570796,0.703082,-1.899847,0.15
36.256488,-1.570796,0.703735,-1.90013,0.15
36.260504,-1.570796,0.704388,-1.900413,0.15
36.264519,-1.570796,0.705041,-1.900695,0.15
36.268534,-1.570796,0.705694,-1.900977,0.15
36.27255,-1.570796,0.706347,-1.901259,0.15
36.276565,-1.570796,0.707,-1.90154,0.15
36.28058,-1.570796,0.707653,-1.901821,0.15
36.284596,-1.570796,0.708306,-1.902102,0.15
36.288611,-1.570796,0.708959,-1.902382,0.15
36.292626,-1.570796,0.709612,-1.902662,0.15
36.296642,-1.570796,0.710264,-1.902941,0.15
36.300657,-1.570796,0.710917,-1.903221,0.15
36.304672,-1.570796,0.71157,-1.9035,0.15
36.308688,-1.570796,0.712223,-1.903778,0.15
36.312703,-1.570796,0.712875,-1.904056,0.15
36.316718,-1.570796,0.713528,-1.904334,0.15
36.320734,-1.570796,0.714181,-1.904612,0.15
36.324749,-1.570796,0.714833,-1.904889,0.15
36.328764,-1.570796,0.715486,-1.905165,0.15
36.33278,-1.570796,0.716138,-1.905442,0.15
36.336795,-1.570796,0.716791,-1.905718,0.15
36.34081,-1.570796,0.717443,-1.905994,0.15
36.344826,-1.570796,0.718095,-1.906269,0.15
36.348841,-1.570796,0.718748,-1.906544,0.15
36.352856,-1.570796,0.7194,-1.906818,0.15
36.356872,-1.570796,0.720052,-1.907093,0.15
36.360887,-1.570796,0.720705,-1.907367,0.15
36.364902,-1.570796,0.721357,-1.90764,0.15
36.368918,-1.570796,0.722009,-1.907913,0.15
36.372933,-1.570796,0.722661,-1.908186,0.15
36.376948,-1.570796,0.723313,-1.908459,0.15
36.380964,-1.570796,0.723965,-1.908731,0.15
36.384979,-1.570796,0.724617,-1.909003,0.15
36.388994,-1.570796,0.725269,-1.909274,0.15
36.39301,-1.570796,0.725921,-1.909545,0.15
36.397025,-1.570796,0.726573,-1.909816,0.15
36.40104,-1.570796,0.727225,-1.910086,0.15
36.405055,-1.570796,0.727877,-1.910356,0.15
36.409071,-1.570796,0.728529,-1.910626,0.15
36.413086,-1.570796,0.72918,-1.910895,0.15
36.417101,-1.570796,0.729832,-1.911164,0.15
36.421117,-1.570796,0.730484,-1.911433,0.15
36.425132,-1.570796,0.731136,-1.911701,0.15
36.429147,-1.570796,0.731787,-1.911969,0.15
36.433163,-1.570796,0.732439,-1.912236,0.15
36.437178,-1.570796,0.73309,-1.912504,0.15
36.441193,-1.570796,0.733742,-1.91277,0.15
36.445209,-1.570796,0.734393,-1.913037,0.15
36.449224,-1.570796,0.735044,-1.913303,0.15
36.453239,-1.570796,0.735696,-1.913569,0.15
36.457255,-1.570796,0.736347,-1.913834,0.15
36.46127,-1.570796,0.736998,-1.914099,0.15
36.465285,-1.570796,0.73765,-1.914364,0.15
36.469301,-1.570796,0.738301,-1.914628,0.15
36.473316,-1.570796,0.738952,-1.914892,0.15
36.477331,-1.570796,0.739603,-1.915156,0.15
36.481347,-1.570796,0.740254,-1.915419,0.15
36.485362,-1.570796,0.740905,-1.915682,0.15
36.489377,-1.570796,0.741556,-1.915944,0.15
36.493393,-1.570796,0.742207,-1.916206,0.15
36.497408,-1.570796,0.742858,-1.916468,0.15
36.501423,-1.570796,0.743508,-1.91673,0.15
36.505439,-1.570796,0.744159,-1.916991,0.15
36.509454,-1.570796,0.74481,-1.917252,0.15
36.513469,-1.570796,0.745461,-1.917512,0.15
36.517485,-1.570796,0.746111,-1.917772,0.15
36.5215,-1.570796,0.746762,-1.918032,0.15
36.525515,-1.570796,0.747412,-1.918291,0.15
36.529531,-1.570796,0.748063,-1.91855,0.15
36.533546,-1.570796,0.748713,-1.918808,0.15
36.537561,-1.570796,0.749364,-1.919067,0.15
36.541577,-1.570796,0.750014,-1.919325,0.15
36.545592,-1.570796,0.750664,-1.919582,0.15
36.549607,-1.570796,0.751315,-1.919839,0.15
36.553623,-1.570796,0.751965,-1.920096,0.15
36.557638,-1.570796,0.752615,-1.920352,0.15
36.561653,-1.570796,0.753265,-1.920609,0.15
36.565669,-1.570796,0.753915,-1.920864,0.15
36.569684,-1.570796,0.754565,-1.92112,0.15
36.573699,-1.570796,0.755215,-1.921375,0.15
36.577714,-1.570796,0.755865,-1.921629,0.15
36.58173,-1.570796,0.756515,-1.921884,0.15
36.585745,-1.570796,0.757165,-1.922137,0.15
36.58976,-1.570796,0.757815,-1.922391,0.15
36.593776,-1.570796,0.758464,-1.922644,0.15
36.597791,-1.570796,0.759114,-1.922897,0.15
36.601806,-1.570796,0.759764,-1.92315,0.15
36.605822,-1.570796,0.760413,-1.923402,0.15
36.609837,-1.570796,0.761063,-1.923653,0.15
36.613852,-1.570796,0.761712,-1.923905,0.15
36.617868,-1.570796,0.762362,-1.924156,0.15
36.621883,-1.570796,0.763011,-1.924407,0.15
36.625898,-1.570796,0.76366,-1.924657,0.15
36.629914,-1.570796,0.76431,-1.924907,0.15
36.633929,-1.570796,0.764959,-1.925157,0.15
36.637944,-1.570796,0.765608,-1.925406,0.15
36.64196,-1.570796,0.766257,-1.925655,0.15
36.645975,-1.570796,0.766906,-1.925903,0.15
36.64999,-1.570796,0.767555,-1.926151,0.15
36.654006,-1.570796,0.768204,-1.926399,0.15
36.658021,-1.570796,0.768853,-1.926647,0.15
36.662036,-1.570796,0.769502,-1.926894,0.15
36.666052,-1.570796,0.77015,-1.92714,0.15
36.670067,-1.570796,0.770799,-1.927387,0.15
36.674082,-1.570796,0.771448,-1.927633,0.15
36.678098,-1.570796,0.772096,-1.927878,0.15
36.682113,-1.570796,0.772745,-1.928124,0.15
36.686128,-1.570796,0.773393,-1.928369,0.15
36.690144,-1.570796,0.774042,-1.928613,0.15
36.694159,-1.570796,0.77469,-1.928857,0.15
36.698174,-1.570796,0.775339,-1.929101,0.15
36.70219,-1.570796,0.775987,-1.929345,0.15
36.706205,-1.570796,0.776635,-1.929588,0.15
36.71022,-1.570796,0.777283,-1.92983,0.15
36.714236,-1.570796,0.777931,-1.930073,0.15
36.718251,-1.570796,0.778579,-1.930315,0.15
36.722266,-1.570796,0.779227,-1.930557,0.15
36.726282,-1.570796,0.779875,-1.930798,0.15
36.730297,-1.570796,0.780523,-1.931039,0.15
36.734312,-1.570796,0.781171,-1.931279,0.15
36.738328,-1.570796,0.781819,-1.93152,0.15
36.742343,-1.570796,0.782466,-1.931759,0.15
36.746358,-1.570796,0.783114,-1.931999,0.15
36.750374,-1.570796,0.783762,-1.932238,0.15
36.754389,-1.570796,0.784409,-1.932477,0.15
36.758404,-1.570796,0.785057,-1.932715,0.15
36.762419,-1.570796,0.785704,-1.932953,0.15
36.766435,-1.570796,0.786351,-1.933191,0.15
36.77045,-1.570796,0.786999,-1.933428,0.15
36.774465,-1.570796,0.787646,-1.933665,0.15
36.778481,-1.570796,0.788293,-1.933902,0.15
36.782496,-1.570796,0.78894,-1.934138,0.15
36.786511,-1.570796,0.789587,-1.934374,0.15
36.790527,-1.570796,0.790234,-1.934609,0.15
36.794542,-1.570796,0.790881,-1.934844,0.15
36.798557,-1.570796,0.791528,-1.935079,0.15
36.802573,-1.570796,0.792174,-1.935314,0.15
36.806588,-1.570796,0.792821,-1.935548,0.15
36.810603,-1.570796,0.793468,-1.935781,0.15
36.814619,-1.570796,0.794114,-1.936015,0.15
36.818634,-1.570796,0.794761,-1.936248,0.15
36.822649,-1.570796,0.795407,-1.93648,0.15
36.826665,-1.570796,0.796054,-1.936712,0.15
36.83068,-1.570796,0.7967,-1.936944,0.15
36.834695,-1.570796,0.797346,-1.937176,0.15
36.838711,-1.570796,0.797992,-1.937407,0.15
36.842726,-1.570796,0.798639,-1.937638,0.15
36.846741,-1.570796,0.799285,-1.937868,0.15
36.850757,-1.570796,0.799931,-1.938098,0.15
36.854772,-1.570796,0.800576,-1.938328,0.15
36.858787,-1.570796,0.801222,-1.938557,0.15
36.862803,-1.570796,0.801868,-1.938786,0.15
36.866818,-1.570796,0.802514,-1.939014,0.15
36.870833,-1.570796,0.803159,-1.939243,0.15
36.874849,-1.570796,0.803805,-1.93947,0.15
36.878864,-1.570796,0.804451,-1.939698,0.15
36.882879,-1.570796,0.805096,-1.939925,0.15
36.886895,-1.570796,0.805741,-1.940152,0.15
36.89091,-1.570796,0.806387,-1.940378,0.15
36.894925,-1.570796,0.807032,-1.940604,0.15
36.898941,-1.570796,0.807677,-1.94083,0.15
36.902956,-1.570796,0.808322,-1.941055,0.15
36.906971,-1.570796,0.808967,-1.94128,0.15
36.910987,-1.570796,0.809612,-1.941505,0.15
36.915002,-1.570796,0.810257,-1.941729,0.15
36.919017,-1.570796,0.810902,-1.941953,0.15
36.923033,-1.570796,0.811547,-1.942176,0.15
36.927048,-1.570796,0.812191,-1.942399,0.15
36.931063,-1.570796,0.812836,-1.942622,0.15
36.935078,-1.570796,0.81348,-1.942844,0.15
36.939094,-1.570796,0.814125,-1.943066,0.15
36.943109,-1.570796,0.814769,-1.943288,0.15
36.947124,-1.570796,0.815413,-1.943509,0.15
36.95114,-1.570796,0.816058,-1.94373,0.15
36.955155,-1.570796,0.816702,-1.94395,0.15
36.95917,-1.570796,0.817346,-1.94417,0.15
36.963186,-1.570796,0.81799,-1.94439,0.15
36.967201,-1.570796,0.818634,-1.94461,0.15
36.971216,-1.570796,0.819278,-1.944829,0.15
36.975232,-1.570796,0.819922,-1.945047,0.15
36.979247,-1.570796,0.820565,-1.945266,0.15
36.983262,-1.570796,0.821209,-1.945484,0.15
36.987278,-1.570796,0.821852,-1.945701,0.15
36.991293,-1.570796,0.822496,-1.945918,0.15
36.995308,-1.570796,0.823139,-1.946135,0.15
36.999324,-1.570796,0.823783,-1.946352,0.15
37.003339,-1.570796,0.824426,-1.946568,0.15
37.007354,-1.570796,0.825069,-1.946784,0.15
37.01137,-1.570796,0.825712,-1.946999,0.15
37.015385,-1.570796,0.826355,-1.947214,0.15
37.0194,-1.570796,0.826998,-1.947429,0.15
37.023416,-1.570796,0.827641,-1.947643,0.15
37.027431,-1.570796,0.828284,-1.947857,0.15
37.031446,-1.570796,0.828926,-1.94807,0.15
37.035462,-1.570796,0.829569,-1.948283,0.15
37.039477,-1.570796,0.830212,-1.948496,0.15
37.043492,-1.570796,0.830854,-1.948709,0.15
37.047508,-1.570796,0.831496,-1.948921,0.15
37.051523,-1.570796,0.832139,-1.949132,0.15
37.055538,-1.570796,0.832781,-1.949344,0.15
37.059554,-1.570796,0.833423,-1.949554,0.15
37.063569,-1.570796,0.834065,-1.949765,0.15
37.067584,-1.570796,0.834707,-1.949975,0.15
37.0716,-1.570796,0.835349,-1.950185,0.15
37.075615,-1.570796,0.835991,-1.950395,0.15
37.07963,-1.570796,0.836633,-1.950604,0.15
37.083646,-1.570796,0.837274,-1.950812,0.15
37.087661,-1.570796,0.837916,-1.951021,0.15
37.091676,-1.570796,0.838557,-1.951229,0.15
37.095692,-1.570796,0.839199,-1.951436,0.15
37.099707,-1.570796,0.83984,-1.951644,0.15
37.103722,-1.570796,0.840481,-1.95185,0.15
37.107738,-1.570796,0.841122,-1.952057,0.15
37.111753,-1.570796,0.841763,-1.952263,0.15
37.115768,-1.570796,0.842404,-1.952469,0.15
37.119783,-1.570796,0.843045,-1.952674,0.15
37.123799,-1.570796,0.843686,-1.952879,0.15
37.127814,-1.570796,0.844327,-1.953084,0.15
37.131829,-1.570796,0.844967,-1.953288,0.15
37.135845,-1.570796,0.845608,-1.953492,0.15
37.13986,-1.570796,0.846248,-1.953696,0.15
37.143875,-1.570796,0.846889,-1.953899,0.15
37.147891,-1.570796,0.847529,-1.954102,0.15
37.151906,-1.570796,0.848169,-1.954304,0.15
37.155921,-1.570796,0.848809,-1.954506,0.15
37.159937,-1.570796,0.849449,-1.954708,0.15
37.163952,-1.570796,0.850089,-1.954909,0.15
37.167967,-1.570796,0.850729,-1.95511,0.15
37.171983,-1.570796,0.851369,-1.95531,0.15
37.175998,-1.570796,0.852009,-1.955511,0.15
37.180013,-1.570796,0.852648,-1.955711,0.15
37.184029,-1.570796,0.853288,-1.95591,0.15
37.188044,-1.570796,0.853927,-1.956109,0.15
37.192059,-1.570796,0.854566,-1.956308,0.15
37.196075,-1.570796,0.855206,-1.956506,0.15
37.20009,-1.570796,0.855845,-1.956704,0.15
37.204105,-1.570796,0.856484,-1.956902,0.15
37.208121,-1.570796,0.857123,-1.957099,0.15
37.212136,-1.570796,0.857761,-1.957296,0.15
37.216151,-1.570796,0.8584,-1.957492,0.15
37.220167,-1.570796,0.859039,-1.957688,0.15
37.224182,-1.570796,0.859677,-1.957884,0.15
37.228197,-1.570796,0.860316,-1.958079,0.15
37.232213,-1.570796,0.860954,-1.958274,0.15
37.236228,-1.570796,0.861593,-1.958469,0.15
37.240243,-1.570796,0.862231,-1.958663,0.15
37.244259,-1.570796,0.862869,-1.958857,0.15
37.248274,-1.570796,0.863507,-1.959051,0.15
37.252289,-1.570796,0.864145,-1.959244,0.15
37.256305,-1.570796,0.864783,-1.959436,0.15
37.26032,-1.570796,0.86542,-1.959629,0.15
37.264335,-1.570796,0.866058,-1.959821,0.15
37.268351,-1.570796,0.866695,-1.960012,0.15
37.272366,-1.570796,0.867333,-1.960204,0.15
37.276381,-1.570796,0.86797,-1.960394,0.15
37.280397,-1.570796,0.868607,-1.960585,0.15
37.284412,-1.570796,0.869244,-1.960775,0.15
37.288427,-1.570796,0.869881,-1.960965,0.15
37.292442,-1.570796,0.870518,-1.961154,0.15
37.296458,-1.570796,0.871155,-1.961343,0.15
37.300473,-1.570796,0.871792,-1.961532,0.15
37.304488,-1.570796,0.872429,-1.96172,0.15
37.308504,-1.570796,0.873065,-1.961908,0.15
37.312519,-1.570796,0.873702,-1.962096,0.15
37.316534,-1.570796,0.874338,-1.962283,0.15
37.32055,-1.570796,0.874974,-1.962469,0.15
37.324565,-1.570796,0.87561,-1.962656,0.15
37.32858,-1.570796,0.876246,-1.962842,0.15
37.332596,-1.570796,0.876882,-1.963027,0.15
37.336611,-1.570796,0.877518,-1.963213,0.15
37.340626,-1.570796,0.878154,-1.963398,0.15
37.344642,-1.570796,0.878789,-1.963582,0.15
37.348657,-1.570796,0.879425,-1.963766,0.15
37.352672,-1.570796,0.88006,-1.96395,0.15
37.356688,-1.570796,0.880696,-1.964133,0.15
37.360703,-1.570796,0.881331,-1.964316,0.15
37.364718,-1.570796,0.881966,-1.964499,0.15
37.368734,-1.570796,0.882601,-1.964681,0.15
37.372749,-1.570796,0.883236,-1.964863,0.15
37.376764,-1.570796,0.883871,-1.965045,0.15
37.38078,-1.570796,0.884505,-1.965226,0.15
37.384795,-1.570796,0.88514,-1.965407,0.15
37.38881,-1.570796,0.885774,-1.965587,0.15
37.392826,-1.570796,0.886409,-1.965767,0.15
37.396841,-1.570796,0.887043,-1.965947,0.15
37.400856,-1.570796,0.887677,-1.966126,0.15
37.404872,-1.570796,0.888311,-1.966305,0.15
37.408887,-1.570796,0.888945,-1.966483,0.15
37.412902,-1.570796,0.889579,-1.966661,0.15
37.416918,-1.570796,0.890213,-1.966839,0.15
37.420933,-1.570796,0.890846,-1.967016,0.15
37.424948,-1.570796,0.89148,-1.967193,0.15
37.428964,-1.570796,0.892113,-1.96737,0.15
37.432979,-1.570796,0.892747,-1.967546,0.15
37.436994,-1.570796,0.89338,-1.967722,0.15
37.44101,-1.570796,0.894013,-1.967898,0.15
37.445025,-1.570796,0.894646,-1.968073,0.15
37.44904,-1.570796,0.895279,-1.968247,0.15
37.453056,-1.570796,0.895911,-1.968422,0.15
37.457071,-1.570796,0.896544,-1.968596,0.15
37.461086,-1.570796,0.897176,-1.968769,0.15
37.465101,-1.570796,0.897809,-1.968943,0.15
37.469117,-1.570796,0.898441,-1.969115,0.15
37.473132,-1.570796,0.899073,-1.969288,0.15
37.477147,-1.570796,0.899705,-1.96946,0.15
37.481163,-1.570796,0.900337,-1.969632,0.15
37.485178,-1.570796,0.900969,-1.969803,0.15
37.489193,-1.570796,0.901601,-1.969974,0.15
37.493209,-1.570796,0.902233,-1.970145,0.15
37.497224,-1.570796,0.902864,-1.970315,0.15
37.501239,-1.570796,0.903495,-1.970485,0.15
37.505255,-1.570796,0.904127,-1.970654,0.15
37.50927,-1.570796,0.904758,-1.970823,0.15
37.513285,-1.570796,0.905389,-1.970992,0.15
37.517301,-1.570796,0.90602,-1.97116,0.15
37.521316,-1.570796,0.906651,-1.971328,0.15
37.525331,-1.570796,0.907281,-1.971496,0.15
37.529347,-1.570796,0.907912,-1.971663,0.15
37.533362,-1.570796,0.908542,-1.97183,0.15
37.537377,-1.570796,0.909173,-1.971996,0.15
37.541393,-1.570796,0.909803,-1.972162,0.15
37.545408,-1.570796,0.910433,-1.972328,0.15
37.549423,-1.570796,0.911063,-1.972493,0.15
37.553439,-1.570796,0.911693,-1.972658,0.15
37.557454,-1.570796,0.912322,-1.972822,0.15
37.561469,-1.570796,0.912952,-1.972987,0.15
37.565485,-1.570796,0.913582,-1.97315,0.15
37.5695,-1.570796,0.914211,-1.973314,0.15
37.573515,-1.570796,0.91484,-1.973477,0.15
37.577531,-1.570796,0.915469,-1.973639,0.15
37.581546,-1.570796,0.916098,-1.973802,0.15
37.585561,-1.570796,0.916727,-1.973963,0.15
37.589577,-1.570796,0.917356,-1.974125,0.15
37.593592,-1.570796,0.917985,-1.974286,0.15
37.597607,-1.570796,0.918613,-1.974447,0.15
37.601623,-1.570796,0.919242,-1.974607,0.15
37.605638,-1.570796,0.91987,-1.974767,0.15
37.609653,-1.570796,0.920498,-1.974927,0.15
37.613669,-1.570796,0.921126,-1.975086,0.15
37.617684,-1.570796,0.921754,-1.975245,0.15
37.621699,-1.570796,0.922382,-1.975403,0.15
37.625715,-1.570796,0.923009,-1.975561,0.15
37.62973,-1.570796,0.923637,-1.975719,0.15
37.633745,-1.570796,0.924264,-1.975876,0.15
37.637761,-1.570796,0.924892,-1.976033,0.15
37.641776,-1.570796,0.925519,-1.97619,0.15
37.645791,-1.570796,0.926146,-1.976346,0.15
37.649806,-1.570796,0.926773,-1.976502,0.15
37.653822,-1.570796,0.927399,-1.976657,0.15
37.657837,-1.570796,0.928026,-1.976812,0.15
37.661852,-1.570796,0.928652,-1.976967,0.15
37.665868,-1.570796,0.929279,-1.977121,0.15
37.669883,-1.570796,0.929905,-1.977275,0.15
37.673898,-1.570796,0.930531,-1.977428,0.15
37.677914,-1.570796,0.931157,-1.977581,0.15
37.681929,-1.570796,0.931783,-1.977734,0.15
37.685944,-1.570796,0.932409,-1.977886,0.15
37.68996,-1.570796,0.933034,-1.978038,0.15
37.693975,-1.570796,0.93366,-1.97819,0.15
37.69799,-1.570796,0.934285,-1.978341,0.15
37.702006,-1.570796,0.93491,-1.978492,0.15
37.706021,-1.570796,0.935536,-1.978642,0.15
37.710036,-1.570796,0.936161,-1.978792,0.15
37.714052,-1.570796,0.936785,-1.978942,0.15
37.718067,-1.570796,0.93741,-1.979091,0.15
37.722082,-1.570796,0.938035,-1.97924,0.15
37.726098,-1.570796,0.938659,-1.979389,0.15
37.730113,-1.570796,0.939283,-1.979537,0.15
37.734128,-1.570796,0.939907,-1.979685,0.15
37.738144,-1.570796,0.940531,-1.979832,0.15
37.742159,-1.570796,0.941155,-1.979979,0.15
37.746174,-1.570796,0.941779,-1.980126,0.15
37.75019,-1.570796,0.942403,-1.980272,0.15
37.754205,-1.570796,0.943026,-1.980418,0.15
37.75822,-1.570796,0.943649,-1.980563,0.15
37.762236,-1.570796,0.944273,-1.980708,0.15
37.766251,-1.570796,0.944896,-1.980853,0.15
37.770266,-1.570796,0.945519,-1.980997,0.15
37.774282,-1.570796,0.946141,-1.981141,0.15
37.778297,-1.570796,0.946764,-1.981285,0.15
37.782312,-1.570796,0.947387,-1.981428,0.15
37.786328,-1.570796,0.948009,-1.981571,0.15
37.790343,-1.570796,0.948631,-1.981713,0.15
37.794358,-1.570796,0.949253,-1.981855,0.15
37.798374,-1.570796,0.949875,-1.981997,0.15
37.802389,-1.570796,0.950497,-1.982138,0.15
37.806404,-1.570796,0.951119,-1.982279,0.15
37.81042,-1.570796,0.95174,-1.98242,0.15
37.814435,-1.570796,0.952362,-1.98256,0.15
37.81845,-1.570796,0.952983,-1.982699,0.15
37.822465,-1.570796,0.953604,-1.982839,0.15
37.826481,-1.570796,0.954225,-1.982978,0.15
37.830496,-1.570796,0.954846,-1.983116,0.15
37.834511,-1.570796,0.955466,-1.983254,0.15
37.838527,-1.570796,0.956087,-1.983392,0.15
37.842542,-1.570796,0.956707,-1.98353,0.15
37.846557,-1.570796,0.957328,-1.983667,0.15
37.850573,-1.570796,0.957948,-1.983803,0.15
37.854588,-1.570796,0.958568,-1.98394,0.15
37.858603,-1.570796,0.959188,-1.984075,0.15
37.862619,-1.570796,0.959807,-1.984211,0.15
37.866634,-1.570796,0.960427,-1.984346,0.15
37.870649,-1.570796,0.961046,-1.984481,0.15
37.874665,-1.570796,0.961665,-1.984615,0.15
37.87868,-1.570796,0.962284,-1.984749,0.15
37.882695,-1.570796,0.962903,-1.984883,0.15
37.886711,-1.570796,0.963522,-1.985016,0.15
37.890726,-1.570796,0.964141,-1.985149,0.15
37.894741,-1.570796,0.964759,-1.985281,0.15
37.898757,-1.570796,0.965378,-1.985413,0.15
37.902772,-1.570796,0.965996,-1.985545,0.15
37.906787,-1.570796,0.966614,-1.985676,0.15
37.910803,-1.570796,0.967232,-1.985807,0.15
37.914818,-1.570796,0.96785,-1.985937,0.15
37.918833,-1.570796,0.968467,-1.986067,0.15
37.922849,-1.570796,0.969085,-1.986197,0.15
37.926864,-1.570796,0.969702,-1.986326,0.15
37.930879,-1.570796,0.970319,-1.986455,0.15
37.934895,-1.570796,0.970936,-1.986584,0.15
37.93891,-1.570796,0.971553,-1.986712,0.15
37.942925,-1.570796,0.97217,-1.98684,0.15
37.946941,-1.570796,0.972786,-1.986967,0.15
37.950956,-1.570796,0.973403,-1.987094,0.15
37.954971,-1.570796,0.974019,-1.987221,0.15
37.954971,-1.570796,0.974603,-1.98725,0.15
37.974646,-1.569345,0.974082,-1.989472,0.15
37.99432,-1.567887,0.973549,-1.991684,0.15
38.013994,-1.566424,0.973004,-1.993887,0.15
38.033668,-1.564955,0.972448,-1.99608,0.15
38.053343,-1.56348,0.971881,-1.998263,0.15
38.073017,-1.561999,0.971301,-2.000437,0.15
38.092691,-1.560512,0.970711,-2.002601,0.15
38.112366,-1.559019,0.970109,-2.004755,0.15
38.13204,-1.55752,0.969495,-2.006899,0.15
38.151714,-1.556015,0.968869,-2.009034,0.15
38.171389,-1.554504,0.968232,-2.011159,0.15
38.191063,-1.552987,0.967584,-2.013274,0.15
38.210737,-1.551463,0.966923,-2.015379,0.15
38.230411,-1.549934,0.966251,-2.017474,0.15
38.250086,-1.548398,0.965567,-2.019559,0.15
38.26976,-1.546856,0.964872,-2.021635,0.15
38.289434,-1.545308,0.964165,-2.0237,0.15
38.309109,-1.543753,0.963445,-2.025756,0.15
38.328783,-1.542192,0.962715,-2.027802,0.15
38.348457,-1.540625,0.961972,-2.029837,0.15
38.368132,-1.539051,0.961218,-2.031863,0.15
38.387806,-1.537471,0.960451,-2.033879,0.15
38.40748,-1.535885,0.959673,-2.035884,0.15
38.427155,-1.534292,0.958883,-2.03788,0.15
38.446829,-1.532692,0.958081,-2.039865,0.15
38.466503,-1.531086,0.957267,-2.04184,0.15
38.486177,-1.529474,0.956441,-2.043805,0.15
38.505852,-1.527854,0.955604,-2.04576,0.15
38.525526,-1.526228,0.954754,-2.047705,0.15
38.5452,-1.524596,0.953892,-2.04964,0.15
38.564875,-1.522957,0.953019,-2.051564,0.15
38.584549,-1.521311,0.952133,-2.053478,0.15
38.604223,-1.519658,0.951235,-2.055382,0.15
38.623898,-1.517998,0.950326,-2.057275,0.15
38.643572,-1.516332,0.949404,-2.059158,0.15
38.663246,-1.514658,0.94847,-2.061031,0.15
38.68292,-1.512978,0.947525,-2.062893,0.15
38.702595,-1.511291,0.946567,-2.064745,0.15
38.722269,-1.509597,0.945597,-2.066587,0.15
38.741943,-1.507896,0.944615,-2.068418,0.15
38.761618,-1.506187,0.94362,-2.070238,0.15
38.781292,-1.504472,0.942614,-2.072048,0.15
38.800966,-1.50275,0.941596,-2.073848,0.15
38.820641,-1.50102,0.940565,-2.075637,0.15
38.840315,-1.499283,0.939522,-2.077415,0.15
38.859989,-1.497539,0.938467,-2.079183,0.15
38.879663,-1.495788,0.9374,-2.08094,0.15
38.899338,-1.49403,0.936321,-2.082687,0.15
38.919012,-1.492264,0.93523,-2.084423,0.15
38.938686,-1.490491,0.934126,-2.086148,0.15
38.958361,-1.48871,0.93301,-2.087862,0.15
38.978035,-1.486923,0.931882,-2.089566,0.15
38.997709,-1.485127,0.930742,-2.091259,0.15
39.017384,-1.483324,0.92959,-2.092941,0.15
39.037058,-1.481514,0.928425,-2.094612,0.15
39.056732,-1.479696,0.927248,-2.096272,0.15
39.076406,-1.47787,0.926059,-2.097921,0.15
39.096081,-1.476037,0.924858,-2.09956,0.15
39.115755,-1.474196,0.923644,-2.101187,0.15
39.135429,-1.472348,0.922418,-2.102804,0.15
39.155104,-1.470491,0.92118,-2.104409,0.15
39.174778,-1.468627,0.91993,-2.106004,0.15
39.194452,-1.466755,0.918668,-2.107587,0.15
39.214127,-1.464876,0.917393,-2.10916,0.15
39.233801,-1.462988,0.916106,-2.110721,0.15
39.253475,-1.461092,0.914807,-2.112271,0.15
39.27315,-1.459189,0.913496,-2.11381,0.15
39.292824,-1.457277,0.912172,-2.115338,0.15
39.312498,-1.455358,0.910836,-2.116854,0.15
39.332172,-1.45343,0.909488,-2.11836,0.15
39.351847,-1.451495,0.908128,-2.119854,0.15
39.371521,-1.449551,0.906756,-2.121336,0.15
39.391195,-1.447599,0.905371,-2.122808,0.15
39.41087,-1.445638,0.903975,-2.124268,0.15
39.430544,-1.44367,0.902566,-2.125716,0.15
39.450218,-1.441693,0.901145,-2.127154,0.15
39.469893,-1.439708,0.899711,-2.128579,0.15
39.489567,-1.437715,0.898266,-2.129994,0.15
39.509241,-1.435713,0.896809,-2.131396,0.15
39.528915,-1.433703,0.895339,-2.132788,0.15
39.54859,-1.431684,0.893857,-2.134167,0.15
39.568264,-1.429657,0.892363,-2.135536,0.15
39.587938,-1.427621,0.890857,-2.136892,0.15
39.607613,-1.425576,0.88934,-2.138237,0.15
39.627287,-1.423523,0.88781,-2.13957,0.15
39.646961,-1.421462,0.886267,-2.140892,0.15
39.666636,-1.419391,0.884713,-2.142202,0.15
39.68631,-1.417312,0.883147,-2.1435,0.15
39.705984,-1.415224,0.881569,-2.144786,0.15
39.725658,-1.413128,0.879979,-2.14606,0.15
39.745333,-1.411022,0.878378,-2.147323,0.15
39.765007,-1.408908,0.876764,-2.148574,0.15
39.784681,-1.406784,0.875138,-2.149813,0.15
39.804356,-1.404652,0.8735,-2.15104,0.15
39.82403,-1.402511,0.871851,-2.152255,0.15
39.843704,-1.40036,0.87019,-2.153458,0.15
39.863379,-1.398201,0.868517,-2.154649,0.15
39.883053,-1.396032,0.866832,-2.155828,0.15
39.902727,-1.393855,0.865136,-2.156995,0.15
39.922402,-1.391668,0.863427,-2.15815,0.15
39.942076,-1.389472,0.861707,-2.159293,0.15
39.96175,-1.387266,0.859976,-2.160424,0.15
39.981424,-1.385052,0.858233,-2.161543,0.15
40.001099,-1.382828,0.856478,-2.162649,0.15
40.020773,-1.380595,0.854712,-2.163744,0.15
40.040447,-1.378352,0.852934,-2.164826,0.15
40.060122,-1.3761,0.851145,-2.165895,0.15
40.079796,-1.373838,0.849344,-2.166953,0.15
40.09947,-1.371567,0.847532,-2.167998,0.15
40.119145,-1.369286,0.845708,-2.169031,0.15
40.138819,-1.366996,0.843874,-2.170052,0.15
40.158493,-1.364696,0.842028,-2.17106,0.15
40.178167,-1.362386,0.84017,-2.172056,0.15
40.197842,-1.360067,0.838302,-2.173039,0.15
40.217516,-1.357738,0.836422,-2.17401,0.15
40.23719,-1.355399,0.834531,-2.174968,0.15
40.256865,-1.353051,0.832629,-2.175914,0.15
40.276539,-1.350692,0.830716,-2.176848,0.15
40.296213,-1.348324,0.828792,-2.177769,0.15
40.315888,-1.345946,0.826858,-2.178677,0.15
40.335562,-1.343557,0.824912,-2.179573,0.15
40.355236,-1.341159,0.822955,-2.180456,0.15
40.37491,-1.338751,0.820988,-2.181326,0.15
40.394585,-1.336333,0.81901,-2.182184,0.15
40.414259,-1.333904,0.817021,-2.183029,0.15
40.433933,-1.331466,0.815022,-2.183861,0.15
40.453608,-1.329017,0.813012,-2.184681,0.15
40.473282,-1.326558,0.810992,-2.185488,0.15
40.492956,-1.324089,0.808961,-2.186282,0.15
40.512631,-1.32161,0.80692,-2.187064,0.15
40.532305,-1.31912,0.804868,-2.187832,0.15
40.551979,-1.31662,0.802806,-2.188588,0.15
40.571653,-1.31411,0.800734,-2.189331,0.15
40.591328,-1.311589,0.798652,-2.190061,0.15
40.611002,-1.309058,0.796559,-2.190778,0.15
40.630676,-1.306517,0.794457,-2.191482,0.15
40.650351,-1.303964,0.792345,-2.192173,0.15
40.670025,-1.301402,0.790222,-2.192852,0.15
40.689699,-1.298829,0.78809,-2.193517,0.15
40.709374,-1.296245,0.785948,-2.19417,0.15
40.729048,-1.29365,0.783797,-2.194809,0.15
40.748722,-1.291045,0.781636,-2.195435,0.15
40.768397,-1.28843,0.779465,-2.196049,0.15
40.788071,-1.285803,0.777285,-2.196649,0.15
40.807745,-1.283166,0.775095,-2.197236,0.15
40.827419,-1.280518,0.772896,-2.19781,0.15
40.847094,-1.277859,0.770688,-2.198371,0.15
40.866768,-1.27519,0.768471,-2.198919,0.15
40.886442,-1.272509,0.766244,-2.199454,0.15
40.906117,-1.269818,0.764009,-2.199975,0.15
40.925791,-1.267116,0.761764,-2.200484,0.15
40.945465,-1.264403,0.759511,-2.200979,0.15
40.96514,-1.261679,0.757249,-2.201461,0.15
40.984814,-1.258943,0.754978,-2.20193,0.15
41.004488,-1.256197,0.752698,-2.202386,0.15
41.024162,-1.25344,0.75041,-2.202828,0.15
41.043837,-1.250672,0.748114,-2.203257,0.15
41.063511,-1.247893,0.745809,-2.203673,0.15
41.083185,-1.245102,0.743496,-2.204075,0.15
41.10286,-1.2423,0.741174,-2.204465,0.15
41.122534,-1.239488,0.738845,-2.204841,0.15
41.142208,-1.236664,0.736507,-2.205203,0.15
41.161883,-1.233829,0.734161,-2.205553,0.15
41.181557,-1.230982,0.731808,-2.205889,0.15
41.201231,-1.228125,0.729447,-2.206211,0.15
41.220905,-1.225256,0.727078,-2.206521,0.15
41.24058,-1.222376,0.724702,-2.206817,0.15
41.260254,-1.219484,0.722318,-2.207099,0.15
41.279928,-1.216581,0.719926,-2.207369,0.15
41.299603,-1.213667,0.717528,-2.207624,0.15
41.319277,-1.210742,0.715122,-2.207867,0.15
41.338951,-1.207805,0.712709,-2.208096,0.15
41.358626,-1.204856,0.710289,-2.208312,0.15
41.3783,-1.201897,0.707862,-2.208514,0.15
41.397974,-1.198926,0.705428,-2.208703,0.15
41.417649,-1.195943,0.702988,-2.208878,0.15
41.437323,-1.192949,0.700541,-2.20904,0.15
41.456997,-1.189944,0.698087,-2.209188,0.15
41.476671,-1.186927,0.695627,-2.209323,0.15
41.496346,-1.183898,0.693161,-2.209445,0.15
41.51602,-1.180859,0.690688,-2.209553,0.15
41.535694,-1.177807,0.68821,-2.209648,0.15
41.555369,-1.174744,0.685725,-2.209729,0.15
41.575043,-1.17167,0.683234,-2.209797,0.15
41.594717,-1.168584,0.680738,-2.209851,0.15
41.614392,-1.165486,0.678236,-2.209892,0.15
41.634066,-1.162377,0.675728,-2.20992,0.15
41.65374,-1.159257,0.673215,-2.209934,0.15
41.673414,-1.156125,0.670696,-2.209934,0.15
41.693089,-1.152981,0.668172,-2.209921,0.15
41.712763,-1.149826,0.665643,-2.209895,0.15
41.732437,-1.146659,0.663109,-2.209855,0.15
41.752112,-1.143481,0.66057,-2.209801,0.15
41.771786,-1.140291,0.658026,-2.209735,0.15
41.79146,-1.137089,0.655477,-2.209654,0.15
41.811135,-1.133876,0.652923,-2.209561,0.15
41.830809,-1.130652,0.650365,-2.209453,0.15
41.850483,-1.127416,0.647803,-2.209333,0.15
41.870157,-1.124168,0.645236,-2.209199,0.15
41.889832,-1.120909,0.642665,-2.209051,0.15
41.909506,-1.117638,0.64009,-2.20889,0.15
41.92918,-1.114356,0.637511,-2.208716,0.15
41.948855,-1.111063,0.634928,-2.208528,0.15
41.968529,-1.107757,0.632342,-2.208326,0.15
41.988203,-1.104441,0.629751,-2.208112,0.15
42.007878,-1.101113,0.627158,-2.207884,0.15
42.027552,-1.097773,0.62456,-2.207642,0.15
42.047226,-1.094422,0.62196,-2.207387,0.15
42.066901,-1.09106,0.619356,-2.207119,0.15
42.086575,-1.087686,0.616749,-2.206837,0.15
42.106249,-1.084301,0.614139,-2.206542,0.15
42.125923,-1.080905,0.611526,-2.206234,0.15
42.145598,-1.077497,0.60891,-2.205912,0.15
42.165272,-1.074077,0.606292,-2.205577,0.15
42.184946,-1.070647,0.603671,-2.205228,0.15
42.204621,-1.067205,0.601048,-2.204866,0.15
42.224295,-1.063752,0.598422,-2.204491,0.15
42.243969,-1.060288,0.595794,-2.204103,0.15
42.263644,-1.056813,0.593164,-2.203701,0.15
42.283318,-1.053326,0.590532,-2.203286,0.15
42.302992,-1.049828,0.587899,-2.202857,0.15
42.322666,-1.04632,0.585263,-2.202416,0.15
42.342341,-1.0428,0.582626,-2.201961,0.15
42.362015,-1.039269,0.579987,-2.201493,0.15
42.381689,-1.035727,0.577346,-2.201012,0.15
42.401364,-1.032174,0.574705,-2.200517,0.15
42.421038,-1.02861,0.572062,-2.200009,0.15
42.440712,-1.025036,0.569418,-2.199489,0.15
42.460387,-1.02145,0.566773,-2.198954,0.15
42.480061,-1.017854,0.564127,-2.198407,0.15
42.499735,-1.014247,0.56148,-2.197847,0.15
42.519409,-1.010629,0.558833,-2.197273,0.15
42.539084,-1.007001,0.556185,-2.196687,0.15
42.558758,-1.003362,0.553536,-2.196087,0.15
42.578432,-0.999713,0.550887,-2.195475,0.15
42.598107,-0.996053,0.548238,-2.194849,0.15
42.617781,-0.992382,0.545589,-2.19421,0.15
42.637455,-0.988701,0.542939,-2.193558,0.15
42.65713,-0.98501,0.54029,-2.192893,0.15
42.676804,-0.981309,0.537641,-2.192215,0.15
42.696478,-0.977597,0.534992,-2.191525,0.15
42.716152,-0.973875,0.532343,-2.190821,0.15
42.735827,-0.970143,0.529695,-2.190104,0.15
42.755501,-0.966401,0.527047,-2.189375,0.15
42.775175,-0.962649,0.5244,-2.188632,0.15
42.79485,-0.958887,0.521754,-2.187877,0.15
42.814524,-0.955115,0.519109,-2.187109,0.15
42.834198,-0.951334,0.516464,-2.186328,0.15
42.853873,-0.947542,0.513821,-2.185534,0.15
42.873547,-0.943741,0.511178,-2.184727,0.15
42.893221,-0.939931,0.508537,-2.183908,0.15
42.912896,-0.936111,0.505898,-2.183076,0.15
42.93257,-0.932282,0.503259,-2.182231,0.15
42.952244,-0.928443,0.500622,-2.181373,0.15
42.971918,-0.924595,0.497987,-2.180503,0.15
42.991593,-0.920738,0.495354,-2.17962,0.15
43.011267,-0.916871,0.492722,-2.178725,0.15
43.030941,-0.912996,0.490092,-2.177816,0.15
43.050616,-0.909112,0.487464,-2.176896,0.15
43.07029,-0.905219,0.484838,-2.175962,0.15
43.089964,-0.901317,0.482215,-2.175017,0.15
43.109639,-0.897407,0.479593,-2.174058,0.15
43.129313,-0.893488,0.476974,-2.173087,0.15
43.148987,-0.88956,0.474357,-2.172104,0.15
43.168661,-0.885624,0.471743,-2.171108,0.15
43.188336,-0.88168,0.469132,-2.1701,0.15
43.20801,-0.877728,0.466523,-2.16908,0.15
43.227684,-0.873767,0.463916,-2.168047,0.15
43.247359,-0.869799,0.461313,-2.167001,0.15
43.267033,-0.865822,0.458712,-2.165944,0.15
43.286707,-0.861838,0.456114,-2.164874,0.15
43.306382,-0.857846,0.45352,-2.163792,0.15
43.326056,-0.853847,0.450928,-2.162697,0.15
43.34573,-0.84984,0.44834,-2.16159,0.15
43.365404,-0.845826,0.445755,-2.160472,0.15
43.385079,-0.841804,0.443173,-2.159341,0.15
43.404753,-0.837775,0.440595,-2.158197,0.15
43.424427,-0.833739,0.43802,-2.157042,0.15
43.444102,-0.829697,0.435449,-2.155875,0.15
43.463776,-0.825647,0.432881,-2.154695,0.15
43.48345,-0.821591,0.430317,-2.153504,0.15
43.503125,-0.817528,0.427757,-2.1523,0.15
43.522799,-0.813459,0.4252,-2.151085,0.15
43.542473,-0.809383,0.422647,-2.149857,0.15
43.562148,-0.805301,0.420099,-2.148618,0.15
43.581822,-0.801214,0.417554,-2.147367,0.15
43.601496,-0.79712,0.415013,-2.146104,0.15
43.62117,-0.79302,0.412477,-2.144829,0.15
43.640845,-0.788914,0.409944,-2.143542,0.15
43.660519,-0.784803,0.407416,-2.142243,0.15
43.680193,-0.780687,0.404892,-2.140933,0.15
43.699868,-0.776565,0.402373,-2.139611,0.15
43.719542,-0.772437,0.399857,-2.138277,0.15
43.739216,-0.768305,0.397347,-2.136931,0.15
43.758891,-0.764168,0.39484,-2.135574,0.15
43.778565,-0.760026,0.392339,-2.134205,0.15
43.798239,-0.755879,0.389841,-2.132825,0.15
43.817913,-0.751728,0.387349,-2.131433,0.15
43.837588,-0.747572,0.384861,-2.130029,0.15
43.857262,-0.743412,0.382378,-2.128614,0.15
43.876936,-0.739248,0.379899,-2.127188,0.15
43.896611,-0.73508,0.377426,-2.12575,0.15
43.916285,-0.730908,0.374957,-2.1243,0.15
43.935959,-0.726732,0.372493,-2.122839,0.15
43.955634,-0.722553,0.370034,-2.121367,0.15
43.975308,-0.71837,0.36758,-2.119883,0.15
43.994982,-0.714184,0.36513,-2.118388,0.15
44.014656,-0.709995,0.362686,-2.116882,0.15
44.034331,-0.705803,0.360247,-2.115365,0.15
44.054005,-0.701607,0.357813,-2.113836,0.15
44.073679,-0.69741,0.355384,-2.112296,0.15
44.093354,-0.693209,0.35296,-2.110745,0.15
44.113028,-0.689006,0.350542,-2.109182,0.15
44.132702,-0.684801,0.348128,-2.107609,0.15
44.152377,-0.680594,0.34572,-2.106024,0.15
44.172051,-0.676384,0.343317,-2.104429,0.15
44.191725,-0.672173,0.340919,-2.102822,0.15
44.211399,-0.66796,0.338527,-2.101204,0.15
44.231074,-0.663746,0.33614,-2.099575,0.15
44.250748,-0.65953,0.333758,-2.097936,0.15
44.270422,-0.655313,0.331381,-2.096285,0.15
44.290097,-0.651095,0.32901,-2.094623,0.15
44.309771,-0.646876,0.326644,-2.092951,0.15
44.329445,-0.642656,0.324284,-2.091268,0.15
44.34912,-0.638435,0.321929,-2.089574,0.15
44.368794,-0.634214,0.319579,-2.087869,0.15
44.388468,-0.629993,0.317235,-2.086153,0.15
44.408143,-0.625771,0.314896,-2.084426,0.15
44.427817,-0.621549,0.312562,-2.082689,0.15
44.447491,-0.617328,0.310235,-2.080941,0.15
44.467165,-0.613106,0.307912,-2.079182,0.15
44.48684,-0.608885,0.305595,-2.077413,0.15
44.506514,-0.604665,0.303283,-2.075633,0.15
44.526188,-0.600445,0.300977,-2.073843,0.15
44.545863,-0.596226,0.298676,-2.072042,0.15
44.565537,-0.592008,0.296381,-2.07023,0.15
44.585211,-0.587791,0.294091,-2.068408,0.15
44.604886,-0.583576,0.291807,-2.066575,0.15
44.62456,-0.579362,0.289528,-2.064732,0.15
44.644234,-0.57515,0.287254,-2.062878,0.15
44.663908,-0.570939,0.284986,-2.061014,0.15
44.683583,-0.56673,0.282724,-2.05914,0.15
44.703257,-0.562523,0.280467,-2.057255,0.15
44.722931,-0.558319,0.278215,-2.05536,0.15
44.742606,-0.554117,0.275968,-2.053455,0.15
44.76228,-0.549917,0.273727,-2.051539,0.15
44.781954,-0.54572,0.271492,-2.049613,0.15
44.801629,-0.541525,0.269261,-2.047676,0.15
44.821303,-0.537334,0.267037,-2.04573,0.15
44.840977,-0.533146,0.264817,-2.043773,0.15
44.860651,-0.52896,0.262603,-2.041806,0.15
44.880326,-0.524779,0.260394,-2.039829,0.15
44.9,-0.5206,0.25819,-2.037842,0.15
44.919674,-0.516426,0.255992,-2.035845,0.15
44.939349,-0.512255,0.253799,-2.033837,0.15
44.959023,-0.508088,0.251611,-2.03182,0.15
44.978697,-0.503925,0.249429,-2.029792,0.15
44.998372,-0.499766,0.247251,-2.027754,0.15
45.018046,-0.495612,0.245079,-2.025707,0.15
45.03772,-0.491462,0.242912,-2.023649,0.15
45.057395,-0.487316,0.24075,-2.021582,0.15
45.077069,-0.483176,0.238593,-2.019504,0.15
45.096743,-0.47904,0.236441,-2.017417,0.15
45.116417,-0.474909,0.234294,-2.01532,0.15
45.136092,-0.470784,0.232153,-2.013212,0.15
45.155766,-0.466663,0.230016,-2.011095,0.15
45.17544,-0.462548,0.227884,-2.008968,0.15
45.195115,-0.458439,0.225757,-2.006832,0.15
45.214789,-0.454335,0.223635,-2.004685,0.15
45.234463,-0.450237,0.221518,-2.002529,0.15
45.254138,-0.446145,0.219406,-2.000363,0.15
45.273812,-0.442059,0.217299,-1.998187,0.15
45.293486,-0.437979,0.215196,-1.996002,0.15
45.31316,-0.433905,0.213098,-1.993806,0.15
45.332835,-0.429838,0.211005,-1.991601,0.15
45.352509,-0.425777,0.208917,-1.989387,0.15
45.372183,-0.421723,0.206833,-1.987163,0.15
45.391858,-0.417676,0.204754,-1.984929,0.15
45.411532,-0.413636,0.202679,-1.982685,0.15
45.431206,-0.409602,0.200609,-1.980432,0.15
45.450881,-0.405576,0.198543,-1.97817,0.15
45.470555,-0.401556,0.196482,-1.975897,0.15
45.490229,-0.397545,0.194425,-1.973616,0.15
45.509903,-0.39354,0.192372,-1.971324,0.15
45.529578,-0.389543,0.190324,-1.969024,0.15
45.549252,-0.385554,0.18828,-1.966713,0.15
45.568926,-0.381572,0.186241,-1.964394,0.15
45.588601,-0.377599,0.184205,-1.962064,0.15
45.608275,-0.373633,0.182174,-1.959726,0.15
45.627949,-0.369675,0.180147,-1.957377,0.15
45.647624,-0.365726,0.178124,-1.95502,0.15
45.667298,-0.361784,0.176105,-1.952653,0.15
45.686972,-0.357851,0.17409,-1.950276,0.15
45.706646,-0.353927,0.172079,-1.947891,0.15
45.726321,-0.350011,0.170072,-1.945496,0.15
45.745995,-0.346104,0.168068,-1.943091,0.15
45.765669,-0.342205,0.166069,-1.940677,0.15
45.785344,-0.338315,0.164073,-1.938254,0.15
45.805018,-0.334434,0.162081,-1.935821,0.15
45.824692,-0.330562,0.160093,-1.93338,0.15
45.844367,-0.326699,0.158108,-1.930929,0.15
45.864041,-0.322846,0.156127,-1.928468,0.15
45.883715,-0.319001,0.154149,-1.925998,0.15
45.90339,-0.315166,0.152175,-1.923519,0.15
45.923064,-0.31134,0.150204,-1.921031,0.15
45.942738,-0.307524,0.148237,-1.918534,0.15
45.962412,-0.303717,0.146273,-1.916027,0.15
45.982087,-0.29992,0.144312,-1.913511,0.15
46.001761,-0.296133,0.142354,-1.910986,0.15
46.021435,-0.292355,0.1404,-1.908452,0.15
46.04111,-0.288587,0.138449,-1.905908,0.15
46.060784,-0.284829,0.136501,-1.903356,0.15
46.080458,-0.281081,0.134555,-1.900794,0.15
46.100133,-0.277343,0.132613,-1.898223,0.15
46.119807,-0.273615,0.130674,-1.895642,0.15
46.139481,-0.269898,0.128738,-1.893053,0.15
46.159155,-0.26619,0.126804,-1.890454,0.15
46.17883,-0.262493,0.124873,-1.887847,0.15
46.198504,-0.258806,0.122945,-1.88523,0.15
46.218178,-0.25513,0.12102,-1.882604,0.15
46.237853,-0.251464,0.119097,-1.879969,0.15
46.257527,-0.247808,0.117176,-1.877324,0.15
46.277201,-0.244163,0.115259,-1.874671,0.15
46.296876,-0.240529,0.113343,-1.872009,0.15
46.31655,-0.236906,0.11143,-1.869337,0.15
46.336224,-0.233293,0.10952,-1.866656,0.15
46.355898,-0.22969,0.107612,-1.863966,0.15
46.375573,-0.226099,0.105706,-1.861267,0.15
46.395247,-0.222519,0.103802,-1.858559,0.15
46.414921,-0.218949,0.1019,-1.855842,0.15
46.434596,-0.21539,0.1,-1.853116,0.15
46.45427,-0.211843,0.098103,-1.850381,0.15
46.473944,-0.208306,0.096207,-1.847636,0.15
46.493619,-0.20478,0.094313,-1.844883,0.15
46.513293,-0.201266,0.092421,-1.84212,0.15
46.532967,-0.197762,0.090531,-1.839349,0.15
46.552642,-0.19427,0.088643,-1.836568,0.15
46.572316,-0.190789,0.086756,-1.833778,0.15
46.59199,-0.187319,0.084871,-1.830979,0.15
46.611664,-0.18386,0.082988,-1.828171,0.15
46.631339,-0.180413,0.081106,-1.825354,0.15
46.651013,-0.176977,0.079226,-1.822527,0.15
46.670687,-0.173552,0.077347,-1.819692,0.15
46.690362,-0.170139,0.075469,-1.816848,0.15
46.710036,-0.166737,0.073593,-1.813994,0.15
46.72971,-0.163346,0.071718,-1.811131,0.15
46.749385,-0.159967,0.069844,-1.808259,0.15
46.769059,-0.156599,0.067971,-1.805379,0.15
46.788733,-0.153243,0.066099,-1.802489,0.15
46.808407,-0.149898,0.064229,-1.799589,0.15
46.828082,-0.146565,0.062359,-1.796681,0.15
46.847756,-0.143243,0.06049,-1.793764,0.15
46.86743,-0.139933,0.058623,-1.790837,0.15
46.887105,-0.136634,0.056756,-1.787901,0.15
46.906779,-0.133347,0.054889,-1.784956,0.15
46.926453,-0.130071,0.053024,-1.782002,0.15
46.946128,-0.126807,0.051159,-1.779039,0.15
46.965802,-0.123554,0.049295,-1.776067,0.15
46.985476,-0.120313,0.047431,-1.773085,0.15
47.00515,-0.117084,0.045568,-1.770094,0.15
47.024825,-0.113866,0.043705,-1.767094,0.15
47.044499,-0.11066,0.041843,-1.764085,0.15
47.064173,-0.107465,0.039981,-1.761066,0.15
47.083848,-0.104282,0.038119,-1.758038,0.15
47.103522,-0.10111,0.036257,-1.755001,0.15
47.123196,-0.097951,0.034396,-1.751955,0.15
47.142871,-0.094802,0.032534,-1.7489,0.15
47.162545,-0.091666,0.030673,-1.745835,0.15
47.182219,-0.088541,0.028812,-1.742761,0.15
47.201894,-0.085427,0.02695,-1.739677,0.15
47.221568,-0.082325,0.025089,-1.736584,0.15
47.241242,-0.079235,0.023227,-1.733482,0.15
47.260916,-0.076156,0.021365,-1.730371,0.15
47.280591,-0.073089,0.019503,-1.72725,0.15
47.300265,-0.070034,0.01764,-1.724119,0.15
47.319939,-0.06699,0.015778,-1.72098,0.15
47.339614,-0.063957,0.013914,-1.717831,0.15
47.359288,-0.060936,0.01205,-1.714672,0.15
47.378962,-0.057927,0.010186,-1.711504,0.15
47.398637,-0.054929,0.008321,-1.708326,0.15
47.418311,-0.051943,0.006455,-1.705139,0.15
47.437985,-0.048968,0.004589,-1.701943,0.15
47.457659,-0.046005,0.002722,-1.698737,0.15
47.477334,-0.043053,0.000854,-1.695521,0.15
47.497008,-0.040112,-0.001015,-1.692296,0.15
47.516682,-0.037183,-0.002885,-1.689061,0.15
47.536357,-0.034265,-0.004756,-1.685816,0.15
47.556031,-0.031359,-0.006628,-1.682562,0.15
47.575705,-0.028464,-0.008501,-1.679298,0.15
47.59538,-0.025581,-0.010375,-1.676025,0.15
47.615054,-0.022709,-0.01225,-1.672742,0.15
47.634728,-0.019848,-0.014127,-1.669449,0.15
47.654402,-0.016998,-0.016005,-1.666146,0.15
47.674077,-0.01416,-0.017884,-1.662833,0.15
47.693751,-0.011333,-0.019765,-1.659511,0.15
47.713425,-0.008518,-0.021647,-1.656179,0.15
47.7331,-0.005713,-0.023531,-1.652837,0.15
47.752774,-0.00292,-0.025417,-1.649484,0.15
47.772448,-0.000138,-0.027304,-1.646122,0.15
